image_id,disc_pixels,cup_pixels,area_cdr,absolute_difference,discrepancy_pct,anatomical_consistency,area_cdr_flag,disc_perimeter,disc_eccentricity,disc_aspect_ratio,disc_circularity,cup_perimeter,cup_eccentricity,cup_aspect_ratio,cup_circularity
CRFO-v4-1,6620,654,0.09879154078549848,5966,90.12084592145015,True,False,325.58073580374355,0.4927069756903668,1.149167337344642,0.7847845649557809,121.21320343559641,0.7872083100276072,1.6215676832761112,0.5593552960834193
CRFO-v4-10,3616,2547,0.7043694690265486,1069,29.563053097345133,True,False,225.58073580374355,0.5375326108297471,1.1858978319817943,0.8929646526456299,187.78174593052023,0.5103725099214368,1.1628536680655026,0.9076785316369537
CRFO-v4-11,3693,1703,0.4611427024099648,1990,53.88572975900352,True,False,231.09545442950497,0.6946227318129876,1.3900970869974334,0.86897316562814,177.78174593052023,0.8611899786792173,1.9674071111451907,0.677095890773192
CRFO-v4-21,8729,3634,0.41631343796540266,5095,58.368656203459736,True,False,350.14927829866735,0.46396742936706753,1.1288564092086006,0.8946803241308517,227.92388155425118,0.5908660665173969,1.2395111567702681,0.8790531252540933
CRFO-v4-3,3915,678,0.1731800766283525,3237,82.68199233716476,True,False,237.19595949289334,0.3693637529885647,1.076096258831534,0.874434042728049,97.35533905932738,0.6738521586017966,1.353425009467975,0.8989178629092636
CRFO-v4-36,3971,1605,0.4041803072273986,2366,59.581969277260136,True,False,243.48023074035524,0.6279137783891061,1.284879814332405,0.84174848185245,159.25483399593907,0.8259404856444327,1.7738128928298653,0.7952426307529992
CRFO-v4-37,3971,1649,0.4152606396373709,2322,58.473936036262906,True,False,237.3380951166243,0.5339893699947393,1.1827444349180032,0.8858798966696922,152.5685424949238,0.6599946275196517,1.3310788077342794,0.8902265139522895
CRFO-v4-38,3426,670,0.19556333917104496,2756,80.4436660828955,True,False,218.50966799187808,0.4584667114233877,1.1252244498452018,0.9016872076829929,98.08326112068524,0.43470362763000353,1.1104034502094977,0.875174938306777
CRFO-v4-39,3961,719,0.1815198182277203,3242,81.84801817722797,True,False,237.58073580374355,0.354439025580615,1.069428211136791,0.8818450071453783,104.5269119345812,0.4028684514525725,1.0925882284908608,0.8269562125022288
CRFO-v4-4,4626,2692,0.5819282317336792,1934,41.80717682663208,True,False,254.69343417595167,0.5104529473847113,1.162918232184889,0.8961485241083021,193.6812408671319,0.5487323504649382,1.1961749807763398,0.9017991089589518
CRFO-v4-40,3408,828,0.24295774647887325,2580,75.70422535211267,True,False,215.4386001800126,0.3152312595314069,1.053724251553794,0.9227040205250313,106.52691193458118,0.3736607784289379,1.0780910652091078,0.9168990559443362
CRFO-v4-41,3951,1348,0.34117944824095164,2603,65.88205517590482,True,False,234.89444430272832,0.4254302450048486,1.1049830969657526,0.8998526576965286,139.9827560572969,0.5472526201615955,1.194789545344729,0.8644714929710507
CRFO-v4-42,4137,1630,0.3940053178631859,2507,60.599468213681405,True,False,238.99494936611663,0.3938512939135587,1.0879330931766107,0.9101604054614703,150.12489168102786,0.38921361660453935,1.0856024405810338,0.9088496709452579
CRFO-v4-43,3993,1233,0.30879038317054847,2760,69.12096168294516,True,False,237.23759005323595,0.35919604532973376,1.071510317583183,0.8915427381110091,129.84062043356593,0.4781718961963188,1.1386068625402728,0.9190767428986703
CRFO-v4-44,5937,2030,0.34192353040256024,3907,65.80764695974398,True,False,294.5512985522207,0.338219468035407,1.062623300664674,0.85991401966202,169.39696961967,0.3950875951638305,1.0885616151485202,0.8889853993309186
CRFO-v4-45,7079,3060,0.4322644441305269,4019,56.77355558694731,True,False,316.8355697996826,0.2952177581946682,1.0466491582717452,0.8861636106004492,206.75230867899734,0.49988980657565624,1.1546157301331785,0.8995608683232948
CRFO-v4-46,7240,3002,0.41464088397790055,4238,58.53591160220994,True,False,318.492424049175,0.09241743963510647,1.004298043391583,0.8969127911751626,204.50966799187808,0.4307366032692511,1.10806063409587,0.901971602658048
CRFO-v4-47,3954,767,0.19398077895801719,3187,80.60192210419828,True,False,236.06601717798213,0.3180865205967482,1.0547836833946795,0.8916195518838165,99.84062043356593,0.4256747347589663,1.1051234957895273,0.9669203167825332
CRFO-v4-48,4021,394,0.09798557572743098,3627,90.20144242725691,True,False,235.8233764908628,0.3658020592396013,1.074468541469522,0.9085947658074912,71.698484809835,0.5582799218026019,1.2053236897073367,0.9631327041920317
CRFO-v4-49,4482,1161,0.25903614457831325,3321,74.09638554216868,True,False,251.7228714274745,0.43188953261628044,1.1087377824859588,0.8888661383736967,128.66904755831214,0.6273987278972717,1.2841946232831252,0.8812394106052875
CRFO-v4-5,4904,1083,0.22084013050570964,3821,77.91598694942904,True,False,263.1370849898476,0.4266079899492423,1.105660655081852,0.8900127063291037,119.84062043356595,0.4770137432425218,1.1377912605702836,0.9476112829428157
CRFO-v4-50,4679,1561,0.33361829450737335,3118,66.63817054926267,True,False,254.20815280171308,0.4843071394366114,1.1429903199490412,0.9098796659562849,147.1543289325507,0.4391216514346206,1.11305572744747,0.9058716786517585
CRFO-v4-51,5120,2101,0.4103515625,3019,58.96484374999999,True,False,267.96551211459376,0.4045607028082431,1.093480383947522,0.8960289043770207,170.36753236814712,0.4973525622562239,1.1526732865745228,0.9096247117755611
CRFO-v4-53,4732,667,0.14095519864750633,4065,85.90448013524936,True,False,255.7228714274745,0.3756083376309749,1.0790064795558574,0.909317303285923,93.94112549695427,0.6285129926707563,1.28567906303039,0.949782535864315
CRFO-v4-6,3875,1690,0.43612903225806454,2185,56.387096774193544,True,False,233.92388155425118,0.49569100731391197,1.1514118705443537,0.8898820517925459,156.12489168102786,0.703617313801086,1.407302834851868,0.8712690130568592
CRFO-v4-64,5831,1658,0.2843423083519122,4173,71.56576916480878,True,False,287.76450198781714,0.3730617051230733,1.0778109051455678,0.8848679534764852,152.12489168102786,0.4510443056606269,1.1204462210355148,0.9003136324420996
CRFO-v4-65,5996,2288,0.3815877251501001,3708,61.84122748498999,True,False,291.86500705120545,0.42612151790387026,1.1053804089612511,0.8845195388803213,179.78174593052023,0.32678902214425276,1.0580920969984942,0.889558874557073
CRFO-v4-66,6378,2891,0.4532768893069928,3487,54.67231106930072,True,False,298.1076477383248,0.29858882441188395,1.0477986362779526,0.9018787278166027,199.29646455628165,0.26810173023618045,1.038000570502699,0.9146580617789049
CRFO-v4-67,6436,2843,0.44173399627097576,3593,55.826600372902426,True,False,301.0782104868019,0.38723017476656346,1.084618607901727,0.8922103302778881,198.61017305526642,0.5206135826910523,1.1712448785471314,0.9056986993584063
CRFO-v4-68,4493,1120,0.24927665257066547,3373,75.07233474293345,True,False,252.3086578651014,0.3108813521690129,1.0521346079645464,0.8869149506097678,131.25483399593904,0.8031679242564851,1.6785488201813712,0.8169533775121076
CRFO-v4-69,5007,865,0.17275813860595166,4142,82.72418613940484,True,False,263.03657992645924,0.3730383040121771,1.0777999750329106,0.9094004342683263,114.18376618407356,0.41304918679256647,1.0980459285007225,0.8337142882728235
CRFO-v4-7,4387,846,0.19284248917255528,3541,80.71575108274448,True,False,248.5512985522207,0.4846119811623252,1.143210909689193,0.8923709532838519,109.59797974644667,0.6801357893327747,1.3640961510234775,0.8850649240364584
CRFO-v4-70,5359,2276,0.42470610188468,3083,57.529389811532006,True,False,275.03657992645924,0.5410652147572816,1.189088018074723,0.89025147765478,176.36753236814712,0.3040229346657164,1.0496872472163796,0.9194854146653693
CRFO-v4-71,5638,2634,0.46718694572543457,3004,53.28130542745655,True,False,283.03657992645924,0.5736274750636964,1.220827854162353,0.8844021709220923,190.8528137423857,0.2942543489056801,1.0463237377790195,0.908716681122932
CRFO-v4-72,4747,1231,0.2593216768485359,3516,74.0678323151464,True,False,258.55129855222066,0.5038620650074698,1.1576966603242718,0.8923508652753702,130.3259018078045,0.6271490422899918,1.2838630534315012,0.9107652238771938
CRFO-v4-73,5129,1150,0.2242152466367713,3979,77.57847533632287,True,False,267.03657992645924,0.3966741973278586,1.0893727196735798,0.9038597534507941,124.66904755831213,0.44467803457883365,1.1164570980107065,0.9298018826623142
CRFO-v4-74,5337,2666,0.4995315720442196,2671,50.04684279557804,True,False,272.1076477383247,0.3832613838360033,1.0826729903915393,0.9057859309258457,193.19595949289334,0.5518924368307753,1.1991625437047582,0.8975815778447822
CRFO-v4-75,5555,2289,0.41206120612061203,3266,58.793879387938794,True,False,278.69343417595167,0.483986249748214,1.1427584052928244,0.8987532068105731,214.16652224137047,0.4483100881462198,1.1187207690738428,0.627122651807719
CRFO-v4-76,4349,1227,0.28213382386755576,3122,71.78661761324442,True,False,244.65180361560903,0.5275639694128943,1.1771418252557433,0.9130665401134456,129.39696961967,0.6113767783476547,1.2636798944693015,0.9208867315458641
CRFO-v4-77,4863,1818,0.3738433066008637,3045,62.61566933991364,True,False,260.651803615609,0.45944016343372956,1.1258614937211677,0.8994823890566194,176.36753236814712,0.41601935851994937,1.0996796270009108,0.7344571545965033
CRFO-v4-78,4432,1252,0.2824909747292419,3180,71.75090252707581,True,False,249.1370849898476,0.3223732344773462,1.0563983128553422,0.8972900632424353,132.3259018078045,0.6651884220847938,1.3392697971898464,0.8985132132142308
CRFO-v4-79,4514,561,0.12428001772264068,3953,87.57199822773593,True,False,249.62236636408616,0.2389894644081716,1.029842614131135,0.910341679217544,86.2842712474619,0.5819083237793798,1.2296275463134316,0.9469116383359747
CRFO-v4-8,4621,685,0.14823631248647479,3936,85.17636875135251,True,False,254.55129855222066,0.3140985414066478,1.0533074845174528,0.8961798994191333,105.59797974644667,0.5938683850987864,1.242911976473843,0.7719500797619743
CRFO-v4-9,4948,1177,0.23787388843977364,3771,76.21261115602263,True,False,263.6223663640862,0.33136345006095874,1.0598798326608254,0.8946950752092732,127.1543289325507,0.516247462087862,1.1676248472944704,0.914795514511568
DRISHTI-GS1-test-1,11441,7911,0.6914605366663753,3530,30.85394633336247,True,False,400.3330444827409,0.49681422992752833,1.1522636800522612,0.8970795798270925,336.43354954612926,0.4463125960330601,1.117471855580031,0.8782995358831172
DRISHTI-GS1-test-10,10636,7852,0.7382474614516735,2784,26.175253854832643,True,False,387.4041122946064,0.46761858897157493,1.1313108610619365,0.8905529360335844,333.60512242138304,0.4868767929433281,1.144858149592311,0.8865938898780344
DRISHTI-GS1-test-11,8563,7000,0.817470512670793,1563,18.252948732920704,True,False,344.14927829866735,0.36996928207565816,1.0763752994264133,0.9085358769792704,312.8355697996826,0.3316579115441559,1.0599960758051483,0.8988260483911473
DRISHTI-GS1-test-12,7489,5234,0.6988917078381627,2255,30.11082921618374,True,False,323.4629867976521,0.17449668863296486,1.0155812912246707,0.8994654991788044,270.5929291125633,0.3414487386344129,1.063942521694723,0.898277857918665
DRISHTI-GS1-test-13,5929,3524,0.5943666722887502,2405,40.563332771124976,True,False,316.5340546095176,0.4430386969558071,1.1154458711885518,0.7436189227895315,224.1370849898476,0.5531273660345091,1.2003408441240397,0.8814918979156918
DRISHTI-GS1-test-14,7862,6185,0.786695497328924,1677,21.330450267107608,True,False,331.8061325481598,0.3297864306255158,1.0592596843530617,0.8973752481565529,294.14927829866735,0.2190867707216347,1.0248995458804304,0.8982846813822979
DRISHTI-GS1-test-15,6512,4582,0.7036240786240786,1930,29.63759213759214,True,False,300.73506473629425,0.3636132777440422,1.0734796956859967,0.9048073485556862,250.69343417595164,0.39322263780615113,1.087614662771393,0.9161762503865742
DRISHTI-GS1-test-16,6847,5261,0.7683657076091719,1586,23.16342923908281,True,False,306.73506473629425,0.12885943680214176,1.0084072232262633,0.9144992225497433,271.1787155501902,0.25615534189479644,1.0345159739210579,0.8990150603602897
DRISHTI-GS1-test-17,7394,5526,0.7473627265350284,1868,25.263727346497163,True,False,322.14927829866735,0.46142588053982053,1.127168550670708,0.8953131942885503,277.4213562373095,0.412464755746588,1.0977267013717538,0.9022792367692629
DRISHTI-GS1-test-18,7712,5384,0.6981327800829875,2328,30.186721991701244,True,False,329.7056274847714,0.5109194531900024,1.1632930918062612,0.8915057841355085,278.8355697996826,0.5790515416076542,1.2265560114326939,0.8701989748498075
DRISHTI-GS1-test-19,8961,5957,0.6647695569690882,3004,33.52304430309117,True,False,353.3624817342638,0.3632688388265842,1.0733248733038907,0.9018316409557748,289.0782104868019,0.34183706113597834,1.0641023366066338,0.8957911117040667
DRISHTI-GS1-test-2,7373,4847,0.6573986165739861,2526,34.26013834260138,True,False,320.7766952966369,0.3052441799422034,1.0501178011307049,0.900426939803323,263.7645019878171,0.49591416429899926,1.1515808006092283,0.8754879845745289
DRISHTI-GS1-test-20,7930,5962,0.7518284993694829,1968,24.817150063051702,True,False,337.22034611053283,0.5089876505898078,1.1617453681553391,0.8763054480542317,293.1787155501902,0.5888725827128211,1.2372778680417262,0.8716396147776755
DRISHTI-GS1-test-21,6659,5341,0.8020723832407268,1318,19.792761675927316,True,False,303.07821048680194,0.2228287794161562,1.025790846522744,0.9109812750985705,271.5218613006979,0.2864361883225175,1.0437331260677378,0.9103802716320222
DRISHTI-GS1-test-22,9857,5972,0.6058638530993202,3885,39.41361469006797,True,False,371.747258045114,0.27845914423579343,1.0411807008729863,0.896311714927359,292.8355697996826,0.6077467662030093,1.2592382621076295,0.8751490126942548
DRISHTI-GS1-test-23,6180,4175,0.6755663430420712,2005,32.44336569579288,True,False,295.6639969244288,0.4509091486457558,1.1203604943711738,0.8883854803909018,244.10764773832477,0.5966710835070471,1.2461278151258188,0.8804477181532308
DRISHTI-GS1-test-24,8820,6327,0.7173469387755103,2493,28.26530612244898,True,False,353.01933598375615,0.18505883966834658,1.0175761426320051,0.889367923205443,298.63455967290594,0.2912507969449067,1.045317947236321,0.8915127689827828
DRISHTI-GS1-test-25,8229,6491,0.7887957224450115,1738,21.120427755498845,True,False,337.60512242138304,0.14628477922813787,1.010874461810431,0.9072748482414783,301.4629867976521,0.3311319399992966,1.0597885398652456,0.8975393081362174
DRISHTI-GS1-test-26,5292,3501,0.6615646258503401,1791,33.843537414965986,True,False,272.2497833620557,0.4452491486444606,1.1168109159606676,0.8972110503224211,222.20815280171308,0.540985873394789,1.1890158541911733,0.8910088065242618
DRISHTI-GS1-test-27,5790,4153,0.7172711571675302,1637,28.27288428324698,True,False,285.66399692442883,0.2654651225767878,1.03721478545405,0.8916150918358186,244.10764773832474,0.3562012238820846,1.0701948596574025,0.8758082331713456
DRISHTI-GS1-test-28,6478,1824,0.2815683853041062,4654,71.84316146958938,True,False,299.90663761154804,0.274792743897139,1.0400378341183227,0.9050626693145701,158.61017305526642,0.20185548753095173,1.0210173183680762,0.9111137904118323
DRISHTI-GS1-test-29,6924,4393,0.6344598497978048,2531,36.55401502021952,True,False,311.22034611053283,0.19391697301790617,1.019349345780384,0.8983197759445994,249.52186130069782,0.423226272567446,1.1037234990621103,0.8866533607601926
DRISHTI-GS1-test-3,12887,10182,0.7900985489252735,2705,20.990145107472646,True,False,424.9604614807105,0.3888514437303023,1.085422219282774,0.8967360773955639,378.8183258569795,0.3639441163614434,1.0736286061862477,0.8916224518316485
DRISHTI-GS1-test-30,7551,5508,0.7294398092967819,2043,27.056019070321813,True,False,326.3919189857867,0.4431606135051329,1.1155208525572848,0.8907083813202884,276.9360748630709,0.4323587596295919,1.109014247701495,0.9024948465768607
DRISHTI-GS1-test-31,7434,4081,0.5489642184557438,3353,45.10357815442561,True,False,321.22034611053283,0.3494134779793571,1.0672715857694473,0.9053704786136326,238.79393923933998,0.5064729677240203,1.1597485967003105,0.899352319363731
DRISHTI-GS1-test-32,7257,5190,0.7151715584952459,2067,28.4828441504754,True,False,319.3624817342638,0.4426841866919946,1.115228042561904,0.8941269766373583,271.7645019878171,0.5452657555884247,1.192942687872447,0.883063156176895
DRISHTI-GS1-test-33,7199,4583,0.6366161966939853,2616,36.338380330601474,True,False,319.56349186104046,0.4880203336153192,1.1456955086397858,0.8858653635050728,254.10764773832474,0.4693812229321097,1.1325084470069062,0.8919166049500248
DRISHTI-GS1-test-34,7147,3270,0.4575346299146495,3877,54.24653700853504,True,False,318.77669529663683,0.29871378990111175,1.0478415715969163,0.8838132700408329,212.06601717798213,0.364332870476267,1.0738038368586205,0.913724893071517
DRISHTI-GS1-test-35,7790,5401,0.6933247753530167,2389,30.667522464698333,True,False,330.048773235279,0.3309244727415592,1.0597068022470086,0.8986510291110266,274.9360748630709,0.3609345540109196,1.07228124893575,0.897884728480463
DRISHTI-GS1-test-36,6957,5754,0.8270806382061233,1203,17.29193617938767,True,False,312.6345596729059,0.13476352066925024,1.00920619143204,0.8944537680875925,283.66399692442883,0.13077919568809934,1.008662880986985,0.8986100794724876
DRISHTI-GS1-test-37,8851,6455,0.7292961247316687,2396,27.07038752683313,True,False,352.7766952966369,0.4281852093544704,1.1065729305234782,0.8937219606792676,300.73506473629425,0.48042789282201226,1.140206352624957,0.8968875053634757
DRISHTI-GS1-test-38,7201,3754,0.5213164838216914,3447,47.868351617830854,True,False,318.49242404917493,0.3967905053639319,1.0894323781968875,0.892081354869109,229.6223663640862,0.3574842810472326,1.0707564934595817,0.8946965358956317
DRISHTI-GS1-test-39,7436,5540,0.7450242065626681,1896,25.49757934373319,True,False,319.90663761154804,0.2508129223631771,1.0330198847569765,0.9130672017172317,278.2497833620557,0.269694265222452,1.0384798292248556,0.899186874822892
DRISHTI-GS1-test-4,9580,5748,0.6,3832,40.0,True,False,366.6761902332486,0.2141669681389808,1.0237540979215847,0.8953852840612574,286.9360748630709,0.37726740598610714,1.079791902780636,0.8773165402900563
DRISHTI-GS1-test-40,7001,4666,0.6664762176831881,2335,33.35237823168119,True,False,313.8061325481597,0.44246962292004877,1.1150963506037261,0.8934023461456321,258.35028842544403,0.5548915983408129,1.202034812526364,0.8784897467466928
DRISHTI-GS1-test-41,7842,4942,0.6301963784748789,2900,36.980362152512114,True,False,329.22034611053283,0.2556003019282697,1.0343587677819015,0.909208249771956,262.5929291125633,0.30849740736671105,1.0512757834720672,0.9006302917697165
DRISHTI-GS1-test-42,8114,5578,0.6874537835839291,2536,31.2546216416071,True,False,337.1198410471445,0.4079568617446333,1.0952888072314797,0.8971730933439153,279.0782104868019,0.29713024895767004,1.0472992192900388,0.8999875774648937
DRISHTI-GS1-test-43,8877,6310,0.71082572941309,2567,28.917427058690997,True,False,352.8772003600252,0.46473652421644956,1.1293705000941607,0.8958367725322364,300.0071426749364,0.5357346371459472,1.1842919257727111,0.8810002545844139
DRISHTI-GS1-test-44,6791,4671,0.6878221175084671,2120,31.217788249153287,True,False,306.97770542341357,0.3122004952230351,1.0526135879915037,0.9055864661420667,255.17871555019022,0.4245734175120117,1.1044921194907849,0.9014275708630299
DRISHTI-GS1-test-45,5926,1938,0.327033412082349,3988,67.29665879176511,True,False,288.5929291125633,0.30032517856528096,1.0483972936628367,0.8941289134828884,165.1959594928933,0.5230668147329349,1.1733072418645987,0.8924107542158097
DRISHTI-GS1-test-46,7564,1864,0.2464304600740349,5700,75.35695399259652,True,False,323.56349186104046,0.31714238904113246,1.0544319563927653,0.9079090746507783,159.4386001800126,0.2107553901584065,1.0229772655554303,0.9214437455816672
DRISHTI-GS1-test-47,6200,2011,0.3243548387096774,4189,67.56451612903226,True,False,294.73506473629425,0.44920063025720003,1.1192807267272156,0.8968874340718528,166.2670273047588,0.1630245668669317,1.013559387358031,0.9141335962832943
DRISHTI-GS1-test-48,6844,1942,0.28375219170075977,4902,71.62478082992402,True,False,312.97770542341357,0.4241469797704069,1.1042483752506533,0.8779970575461762,163.4386001800126,0.44331787331728556,1.1156176236279312,0.9135868117510296
DRISHTI-GS1-test-49,9863,3250,0.32951434654770356,6613,67.04856534522965,True,False,370.5756851698602,0.19819162169710927,1.020238165483732,0.9025370863170489,213.23759005323592,0.3720188689628394,1.0773248078927142,0.8981847846028805
DRISHTI-GS1-test-5,10112,6903,0.6826542721518988,3209,31.734572784810126,True,False,376.91883092036784,0.21989651424394782,1.0250909410678744,0.8944400848653219,311.3208511739212,0.29745793309125773,1.0474111433988098,0.8950170714324384
DRISHTI-GS1-test-50,8784,3965,0.4513888888888889,4819,54.861111111111114,True,False,352.5340546095176,0.39351673761538897,1.087763533720371,0.8881780564268292,238.10764773832477,0.40551021269228005,1.0939835660835897,0.8788330205099015
DRISHTI-GS1-test-51,8279,1116,0.13479888875468052,7163,86.52011112453195,True,False,344.3919189857867,0.5072016905234079,1.1603251590577233,0.877166105702251,123.39696961966999,0.4340528508920952,1.1100166243464977,0.9210115356451434
DRISHTI-GS1-test-6,7434,2491,0.33508205542103847,4943,66.49179445789615,True,False,323.7056274847714,0.3608640656769361,1.0722498864571386,0.8915217066745097,185.58073580374355,0.40898753679359195,1.0958424114408583,0.9089035651494145
DRISHTI-GS1-test-7,6064,4426,0.7298812664907651,1638,27.011873350923484,True,False,292.0071426749364,0.45630765765560655,1.123820177498499,0.8936801408812893,249.27922061357856,0.3592198163004895,1.0715208223953825,0.8950537517634669
DRISHTI-GS1-test-8,8131,4842,0.595498708645923,3289,40.4501291354077,True,False,339.1198410471445,0.5095426876022409,1.1621888209291242,0.8884795273470194,263.0782104868019,0.5975852766821831,1.2471854748202265,0.8791538677111611
DRISHTI-GS1-test-9,8058,5808,0.7207743857036486,2250,27.922561429635145,True,False,337.1198410471445,0.451701318168062,1.1208635943665095,0.8909811173484433,286.0071426749364,0.4800519460084355,1.1399388166673874,0.8922421038847748
DRISHTI-GS1-train-1,5435,3316,0.6101195952161913,2119,38.98804047838087,True,False,272.8355697996826,0.1685111016135725,1.0145077079412284,0.9175028763499516,214.65180361560903,0.2849901726396464,1.0432636876742345,0.9043890634783307
DRISHTI-GS1-train-10,5521,3256,0.5897482340155769,2265,41.02517659844231,True,False,276.0071426749364,0.11072940234364621,1.0061874570776423,0.9107243928643542,211.4802307403552,0.32073025905549374,1.0557760395485414,0.9148601464579339
DRISHTI-GS1-train-11,8214,5784,0.704163623082542,2430,29.5836376917458,True,False,343.36248173426384,0.5608375717559265,1.207837629839048,0.8755055107014306,286.6345596729059,0.5016413460991576,1.1559682055275287,0.8846694774644467
DRISHTI-GS1-train-12,6652,5087,0.7647324113048707,1565,23.52675886951293,True,False,307.32085117392114,0.4793228631559986,1.1394211098388916,0.8850708753477339,268.0071426749364,0.4612641788345036,1.1270617324606034,0.8899771666240497
DRISHTI-GS1-train-13,7372,4702,0.6378187737384698,2670,36.21812262615301,True,False,317.90663761154804,0.21116866867016482,1.0230706134458338,0.9166340781277628,254.69343417595167,0.11151123147952269,1.0062759685005243,0.9108712408900209
DRISHTI-GS1-train-14,11267,7237,0.6423182746072601,4030,35.76817253927398,True,False,406.5756851698602,0.5963046017339235,1.2457050290438192,0.8565157497046263,317.8061325481598,0.4283107060350717,1.1066457605619218,0.9004174230832708
DRISHTI-GS1-train-15,10128,7256,0.7164296998420221,2872,28.35703001579779,True,False,376.6761902332486,0.4967807391581415,1.1522382266558533,0.8970098627747483,321.01933598375615,0.5464030989364911,1.193998015360797,0.8847992664370201
DRISHTI-GS1-train-16,8091,5680,0.7020145841057965,2411,29.798541589420342,True,False,334.63455967290594,0.3311153751072147,1.0597820110787735,0.9079678752196592,281.1787155501902,0.38461826544496774,1.0833347420803603,0.9028036668016779
DRISHTI-GS1-train-17,8818,5355,0.6072805624858244,3463,39.27194375141755,True,False,351.60512242138304,0.2943097100327267,1.0463424006528208,0.8963333827040038,275.9066376115481,0.4206516789910288,1.102265765532188,0.8839852976642516
DRISHTI-GS1-train-18,6513,4220,0.6479348994319054,2293,35.206510056809456,True,False,300.14927829866735,0.2566500919837307,1.0346564520000407,0.9084820175192381,244.20815280171308,0.2796958042016739,1.0415704608349072,0.889205208184156
DRISHTI-GS1-train-19,6354,3602,0.5668870003147624,2752,43.31129996852376,True,False,295.90663761154804,0.37520497370116607,1.0788163032722025,0.9119009334657572,224.65180361560903,0.5045833872309128,1.158261407107218,0.8968787889954379
DRISHTI-GS1-train-2,6866,4964,0.7229828138654238,1902,27.701718613457615,True,False,309.32085117392114,0.2983484169594399,1.0477161030604198,0.9017689344188672,264.350288425444,0.3075045354588395,1.0509206634241468,0.8926517478166455
DRISHTI-GS1-train-20,7923,6349,0.8013378770667676,1574,19.866212293323233,True,False,333.3624817342638,0.36973771101924957,1.0762685069792868,0.8959134958727003,297.32085117392114,0.39184154069475285,1.0869178645528605,0.9025358385957596
DRISHTI-GS1-train-21,8555,3954,0.46218585622443015,4601,53.78141437755698,True,False,348.91883092036784,0.3107436778586874,1.0520847729638438,0.8830413904363587,233.37972567696687,0.29412259324142415,1.0462793395613945,0.9122634580500637
DRISHTI-GS1-train-22,8307,3068,0.36932707355242567,5239,63.06729264475743,True,False,342.5340546095176,0.29156749799967485,1.0454233770917334,0.8897060908955823,209.1370849898476,0.13549334611771172,1.0093075757778034,0.88146103381439
DRISHTI-GS1-train-23,6987,4947,0.708029197080292,2040,29.1970802919708,True,False,312.2914139223983,0.4087455045733587,1.0957122082456183,0.9002860469481304,261.1787155501902,0.365267163682545,1.0742260862199082,0.9113311413487546
DRISHTI-GS1-train-24,6035,2534,0.419884009942005,3501,58.01159900579951,True,False,288.8355697996826,0.22499838470241562,1.0263156186865126,0.9090458494652967,185.58073580374355,0.3753780343136117,1.0788978597980985,0.924593189116265
DRISHTI-GS1-train-25,6776,2980,0.4397874852420307,3796,56.02125147579693,True,False,312.14927829866735,0.49090080035887246,1.1478216680944884,0.8738936648659351,203.82337649086284,0.3139515255263646,1.0532535383415027,0.9014012264293373
DRISHTI-GS1-train-26,6105,2223,0.36412776412776415,3882,63.58722358722358,True,False,291.0782104868019,0.20854450126921856,1.0224814230295054,0.9054743239447488,174.16652224137044,0.13664242693781084,1.0094683737578671,0.9209158905608983
DRISHTI-GS1-train-27,8255,6075,0.7359176256814052,2180,26.408237431859476,True,False,339.3624817342638,0.3186931055672152,1.0550103987950261,0.9007396640702472,290.97770542341357,0.3701574410458485,1.0764621444112812,0.9016473625553038
DRISHTI-GS1-train-28,6073,4161,0.6851638399473078,1912,31.483616005269226,True,False,291.4213562373095,0.4750058614246511,1.1363860652328994,0.8986082368555921,241.37972567696687,0.5117262906675907,1.1639430906874435,0.8974411951682304
DRISHTI-GS1-train-29,5835,2761,0.47317909168808914,3074,52.68209083119109,True,False,285.6639969244288,0.27019130169440997,1.0386301255803294,0.8985447428086362,198.16652224137044,0.559065797470858,1.2060932422173978,0.8835185968205355
DRISHTI-GS1-train-3,6718,3434,0.5111640369157487,3284,48.883596308425126,True,False,305.8061325481598,0.3532004829979019,1.0688926345451484,0.9027291838628838,217.48023074035524,0.109474879183793,1.0060467810624327,0.9123691344851788
DRISHTI-GS1-train-30,6221,4049,0.6508599903552483,2172,34.914000964475164,True,False,297.0782104868019,0.3609582450214402,1.0722917918054538,0.8857852965155011,241.27922061357856,0.5221304983256947,1.1725176773467494,0.8740128104259541
DRISHTI-GS1-train-31,7940,5766,0.7261964735516373,2174,27.38035264483627,True,False,331.56349186104046,0.33535515237339286,1.0614677055074744,0.9076051612895516,285.32085117392114,0.3613073893114013,1.0724472828212124,0.890056303324741
DRISHTI-GS1-train-32,8147,5908,0.7251749110101878,2239,27.482508898981223,True,False,340.19090885900994,0.3530622479628718,1.0688330243775066,0.8846310389290323,287.90663761154804,0.47335818884980835,1.1352412456841807,0.8956678708154929
DRISHTI-GS1-train-33,8424,4847,0.5753798670465338,3577,42.46201329534663,True,False,343.94826817189073,0.31962686239136945,1.055360528210194,0.894832951135606,264.1076477383248,0.3907286446057359,1.0863591330945093,0.87321448116366
DRISHTI-GS1-train-34,10193,6545,0.6421073285588149,3648,35.78926714411851,True,False,378.5756851698602,0.35697277193710497,1.0705322420375187,0.8937302427112453,300.14927829866735,0.24499631201161812,1.0314339707756937,0.912945617175405
DRISHTI-GS1-train-35,8265,5940,0.7186932849364791,2325,28.13067150635209,True,False,341.22034611053283,0.5408780551567345,1.1889178275544614,0.8920370311398508,291.32085117392114,0.5544240177281076,1.2015846298962654,0.8795350856020646
DRISHTI-GS1-train-36,6948,4376,0.6298215313759356,2572,37.01784686240645,True,False,314.8355697996826,0.48414406232955337,1.1428724233699377,0.8808502634969713,249.37972567696687,0.4320343543740124,1.1088230563500803,0.8842292794996494
DRISHTI-GS1-train-37,10636,7082,0.6658518239939827,3554,33.41481760060173,True,False,384.5756851698602,0.3070074119498752,1.0507434222770797,0.9037005524035644,315.22034611053283,0.32532357721418653,1.0575265298234955,0.8956478822157757
DRISHTI-GS1-train-38,10465,7495,0.7161968466316292,2970,28.380315336837075,True,False,381.4041122946064,0.3208826053479606,1.055833560472383,0.9040206566488641,322.63455967290594,0.24081540080264227,1.030321393744322,0.9048148702053812
DRISHTI-GS1-train-39,9408,5204,0.5531462585034014,4204,44.685374149659864,True,False,364.6761902332486,0.5323333664989797,1.181286329319781,0.8889807453608346,269.0365799264593,0.47357354424973575,1.1353904545194922,0.9034923610523832
DRISHTI-GS1-train-4,8932,7253,0.8120241827138379,1679,18.797581728616212,True,False,356.0904037956217,0.35425243071154444,1.06934735135772,0.8851931370838582,318.8772003600252,0.44687308956115807,1.1178213142550824,0.8963561543325955
DRISHTI-GS1-train-40,8457,6579,0.7779354380986165,1878,22.206456190138347,True,False,348.2914139223983,0.45479748346290433,1.122844984783449,0.8760737302692883,304.73506473629425,0.435160611540135,1.1106756729994955,0.8902764613434146
DRISHTI-GS1-train-41,8792,6385,0.7262283894449499,2407,27.377161055505006,True,False,353.4629867976521,0.4779707310767009,1.1384649288338176,0.8843204281479159,301.8061325481597,0.455197924879879,1.1231030071072896,0.8808757317438463
DRISHTI-GS1-train-42,6703,4479,0.6682082649559898,2224,33.179173504401014,True,False,306.2497833620557,0.48863666268760025,1.1461483955905318,0.8981058041638056,251.52186130069782,0.5105726129125476,1.1630143219302584,0.8896915176958414
DRISHTI-GS1-train-43,7325,5536,0.7557679180887372,1789,24.42320819112628,True,False,318.97770542341357,0.37718296933268447,1.0797518043198127,0.9046838422291018,279.1787155501902,0.3342798330336602,1.0610373753430626,0.8925680477186929
DRISHTI-GS1-train-44,6542,3507,0.5360745949250993,3035,46.39254050749007,True,False,302.49242404917493,0.21253817174473666,1.0233814364859954,0.8984448000504238,221.37972567696687,0.2439013781314528,1.0311403987095134,0.8992282455194743
DRISHTI-GS1-train-45,6974,2088,0.2993977631201606,4886,70.06022368798394,True,False,313.6639969244288,0.5333419406419118,1.182173193540677,0.8907636016225464,170.50966799187808,0.2893094339345134,1.0446748622887805,0.902489880311251
DRISHTI-GS1-train-46,7229,2730,0.3776455941347351,4499,62.235440586526494,True,False,319.1198410471445,0.4014074360289788,1.0918227327100714,0.8920320834732849,193.82337649086284,0.1017362675916119,1.0052156567595876,0.9131880112732528
DRISHTI-GS1-train-47,7141,2147,0.3006581711244924,4994,69.93418288755076,True,False,317.8061325481597,0.43687870525890665,1.1117034933658707,0.8884732372858422,169.78174593052023,0.1713802943017949,1.0150172300405815,0.9359656661500302
DRISHTI-GS1-train-48,5914,3684,0.6229286438958404,2230,37.70713561041596,True,False,285.27922061357856,0.46256331104727966,1.1279218430064237,0.9131684654620701,224.3086578651014,0.0882447292218894,1.0039164544807224,0.9201050449224756
DRISHTI-GS1-train-49,9349,4783,0.5116055193068777,4566,48.839448069312226,True,False,363.50461735799473,0.13297321260638367,1.0089599356308574,0.8891093149130028,257.5218613006979,0.10467691951919308,1.0055240668878318,0.9063209929248042
DRISHTI-GS1-train-5,6190,4919,0.7946688206785137,1271,20.533117932148627,True,False,294.492424049175,0.48034395825074866,1.1401465875631136,0.8969170076864845,261.86500705120545,0.46531995951650174,1.129761527192891,0.9014294682003844
DRISHTI-GS1-train-50,8050,915,0.11366459627329192,7135,88.63354037267081,True,False,336.2914139223983,0.4724354178101145,1.134603336809254,0.8944873148172234,110.91168824543142,0.136307638483578,1.0094213766101308,0.9347087885732774
DRISHTI-GS1-train-6,7024,5792,0.8246013667425968,1232,17.539863325740317,True,False,312.6345596729059,0.2840594652580447,1.0429631299591862,0.9030678837210363,284.8355697996826,0.288057020881514,1.0442629017475413,0.8971188303752329
DRISHTI-GS1-train-7,6300,4953,0.7861904761904762,1347,21.38095238095238,True,False,295.7645019878171,0.38188055180637276,1.0820031958403709,0.9050202922149052,264.45079348883235,0.40529714609280243,1.0938704906877093,0.8899967957819639
DRISHTI-GS1-train-8,6484,2803,0.43229487970388647,3681,56.77051202961135,True,False,303.0782104868019,0.44511139508161435,1.1167255021935363,0.8870404847182961,196.75230867899737,0.4174094489698126,1.1004507732382507,0.9098992094326955
DRISHTI-GS1-train-9,6466,2698,0.4172595112898237,3768,58.27404887101763,True,False,301.32085117392114,0.4147796871108366,1.0989954544119107,0.8949261390742685,190.75230867899737,0.3957063939548817,1.0888773560101321,0.9317774663861982
G1020-1,4989,673,0.13489677290038085,4316,86.51032270996191,True,False,265.9655121145938,0.45927139581285936,1.1257508748554013,0.8862836095622081,98.08326112068522,0.5379687254195668,1.1862891576386208,0.8790936320603895
G1020-10,3488,577,0.1654243119266055,2911,83.45756880733946,True,False,225.23759005323595,0.5238132350481001,1.1739388332439826,0.8639818047329465,90.66904755831214,0.549744559126371,1.1971276315089916,0.881997938078578
G1020-100,3771,632,0.16759480243967118,3139,83.24051975603288,True,False,230.40916292848974,0.5108599462647763,1.1632452359264949,0.8926205975565202,93.01219330881975,0.40110754550316663,1.0916661481771237,0.9180094909433358
G1020-1000,3778,692,0.18316569613552144,3086,81.68343038644785,True,False,235.79393923933998,0.49709049690016643,1.1524737762122645,0.8538990722349675,97.01219330881975,0.4378078081184104,1.112262195638206,0.9239815758931245
G1020-1001,5321,1207,0.2268370607028754,4114,77.31629392971246,True,False,291.9655121145938,0.6230659631632702,1.2784955978145622,0.7844043879718496,137.5685424949238,0.4841468234173341,1.1428744188640956,0.8014544820656128
G1020-1002,4808,1128,0.23460898502495842,3680,76.53910149750416,True,False,261.86500705120545,0.5542636779667569,1.2014304598622392,0.8810882055514226,125.74011537017762,0.5472943770160447,1.1948285240749608,0.8965432697165592
G1020-1003,4136,2409,0.5824468085106383,1727,41.755319148936174,True,False,244.82337649086284,0.5665969796476155,1.2135995053642745,0.8671308304584895,185.4386001800126,0.461545988466178,1.1272479364304433,0.8803317866712305
G1020-1005,4254,560,0.1316408086506817,3694,86.83591913493183,True,False,247.20815280171308,0.4591434400811231,1.1256670549796557,0.8747456080710614,88.11269837220809,0.4708249397826326,1.1334955602810692,0.906402069376039
G1020-1006,3016,394,0.1306366047745358,2622,86.93633952254642,True,False,206.61017305526642,0.4068959926904378,1.0947213158133469,0.8878463186601205,72.2842712474619,0.49142469683916346,1.1482109955900979,0.9475856428870826
G1020-1007,5300,1646,0.31056603773584907,3654,68.9433962264151,True,False,277.5218613006979,0.3208811598404485,1.0558330145239798,0.8647515207362576,154.36753236814712,0.4696244199297299,1.132674335468501,0.8680160813689656
G1020-1008,3710,673,0.18140161725067386,3037,81.85983827493261,True,False,246.1370849898476,0.5440379861078042,1.1918090478478842,0.7695372868070559,106.84062043356593,0.36257708921588117,1.0730145827210633,0.7408872577168838
G1020-1009,5964,2151,0.3606639839034205,3813,63.933601609657956,True,False,290.6639969244288,0.3116105044144926,1.0523990311370046,0.8870845519073638,172.8528137423857,0.4093356330641413,1.0960298892951905,0.9046849537652342
G1020-101,4332,1249,0.2883194829178209,3083,71.16805170821792,True,False,245.9655121145938,0.2909552895593762,1.0452197048104077,0.899808057537345,132.9827560572969,0.3779774477847091,1.0801296296453111,0.8875271423878115
G1020-1011,5412,2131,0.39375461936437545,3281,60.62453806356245,True,False,273.37972567696687,0.4531067005372175,1.1217599905024231,0.9099867006130484,173.19595949289334,0.44455215737709874,1.1163792205183394,0.8927252149159776
G1020-1012,5323,1522,0.2859289874131129,3801,71.40710125868871,True,False,298.4863273947651,0.5206923230189108,1.1713107542569505,0.7507882122246448,156.71067811865473,0.4475016288707056,1.1182141110978525,0.778802499471788
G1020-1013,4149,889,0.21426849843335743,3260,78.57315015666425,True,False,242.06601717798213,0.3583236435656226,1.071125481826112,0.8897861668247903,111.25483399593904,0.31804418729073214,1.054767882597396,0.9025553499968447
G1020-1014,5862,2315,0.3949164107813033,3547,60.508358921869664,True,False,295.4629867976521,0.534546227509364,1.1832369812016974,0.8438194092247394,182.50966799187808,0.45195877386155425,1.1210274385830366,0.8733515779375658
G1020-1015,4413,1526,0.3457965103104464,2887,65.42034896895535,True,False,251.45079348883237,0.3564485341324849,1.070302889215753,0.8770770972292514,147.88225099390854,0.49568816223385115,1.1514097177865343,0.8768641053459971
G1020-1016,4256,602,0.14144736842105263,3654,85.85526315789474,True,False,249.27922061357856,0.4839939740703108,1.1427639843821835,0.8606752750802791,90.59797974644667,0.5577197775030387,1.204776737486691,0.9216570054201794
G1020-1017,5112,2037,0.3984741784037559,3075,60.152582159624416,True,False,269.5218613006978,0.318970856758304,1.0551144033224933,0.8843266534787066,168.95331880577402,0.450098529163718,1.1198472899292453,0.8967418507314034
G1020-1018,4203,1060,0.25220080894599095,3143,74.77991910540091,True,False,245.9655121145938,0.42687464593866997,1.1058144961325964,0.8730132192588785,121.91168824543142,0.4514491394236957,1.1207032684650184,0.8962414763399185
G1020-1019,4386,1462,0.3333333333333333,2924,66.66666666666666,True,False,253.06601717798213,0.506234405987945,1.159560214222922,0.860618804506045,146.71067811865476,0.460165716569969,1.1263378933885058,0.853559475150133
G1020-102,4002,740,0.18490754622688654,3262,81.50924537731134,True,False,240.4802307403552,0.5309537632412189,1.1800791433340163,0.8696173350238872,103.9827560572969,0.6267427191388804,1.283324307140286,0.8600405640581664
G1020-103,3924,980,0.24974515800203873,2944,75.02548419979613,True,False,235.23759005323592,0.3934697987123436,1.0877397620613312,0.8910978989664287,119.05382386916237,0.2649647640880623,1.0370667409226457,0.868858875258213
G1020-104,3880,822,0.21185567010309278,3058,78.81443298969072,True,False,241.68124086713186,0.6787172274056739,1.3616563222520288,0.8347486117583384,111.74011537017759,0.7411036274608345,1.4894458101543746,0.8273008122229352
G1020-105,4424,935,0.21134719710669078,3489,78.86528028933093,True,False,248.79393923933998,0.322160738857323,1.0563175895165327,0.8981427930425984,113.74011537017762,0.46938253854136197,1.132509343977294,0.9082264509427518
G1020-108,5438,1774,0.32622287605737404,3664,67.3777123942626,True,False,277.76450198781714,0.36773777222712273,1.0753503009368708,0.8857182272382271,156.46803743153546,0.3151237283355389,1.0536846012894818,0.9105676333032899
G1020-109,4401,828,0.18813905930470348,3573,81.18609406952966,True,False,249.4802307403552,0.4104851386332936,1.096650809978297,0.8885645004063476,107.84062043356593,0.37484394506364493,1.0786463454682995,0.8946958959587891
G1020-11,4131,1102,0.26676349552166545,3029,73.32365044783346,True,False,245.27922061357856,0.5247781703589315,1.174758175566768,0.8628663722965129,124.63961030678927,0.32782620976211785,1.0584944724935221,0.8914136777617178
G1020-110,4591,1094,0.23829231104334567,3497,76.17076889566543,True,False,259.3797256769669,0.5500586285195226,1.1974240417698323,0.8575216697855617,126.5685424949238,0.6325182777144658,1.2910798475006475,0.8581745442037076
G1020-111,5462,1867,0.3418161845477847,3595,65.81838154522153,True,False,276.9360748630709,0.444423359397591,1.1162995756845369,0.8949576710244759,162.36753236814712,0.4375963912120976,1.112134884821924,0.8899299054433376
G1020-113,5752,1455,0.2529554937413074,4297,74.70445062586927,True,False,287.6639969244288,0.5020632796029081,1.1562954271423767,0.87348956382798,143.39696961967,0.3754292896046173,1.0789220251316485,0.8891866019031764
G1020-114,6729,1735,0.2578392034477634,4994,74.21607965522365,True,False,313.0071426749364,0.48731903738601406,1.1451815329564279,0.8630816759420757,157.78174593052023,0.44929039555411,1.119337277977264,0.8757816237645856
G1020-115,4073,1133,0.27817333660692367,2940,72.18266633930763,True,False,241.1370849898476,0.46312231367736945,1.12829329174598,0.8802301921713901,125.39696961966999,0.4041066558086094,1.093240428427117,0.9054525397031228
G1020-116,5041,1446,0.28684784764927596,3595,71.3152152350724,True,False,265.9655121145938,0.33081268034489514,1.0596627875316147,0.8955212819809762,143.63961030678928,0.5190388751570704,1.1699318612842717,0.8807034964924624
G1020-117,3799,1085,0.2856014740721242,2714,71.43985259278757,True,False,239.6223663640862,0.7222324256890269,1.445817063637623,0.8314276287302903,126.63961030678928,0.6124424140759078,1.2649978059767273,0.8501596157888518
G1020-118,3043,529,0.17384160368057838,2514,82.61583963194217,True,False,208.23759005323592,0.49338564284867004,1.1496754761318997,0.8818476427754355,85.59797974644667,0.33020977385219913,1.0594257628922736,0.9072740861415094
G1020-119,4115,1626,0.3951397326852977,2489,60.48602673147023,True,False,241.4802307403552,0.3725960673816,1.0775936079630055,0.8867813263288398,152.29646455628165,0.2770045096151054,1.0407250075029664,0.8809489900112577
G1020-12,4811,850,0.17667844522968199,3961,82.3321554770318,True,False,263.1370849898476,0.43165793433210226,1.1086015131853024,0.8731344066372997,110.42640687119285,0.6502819004465129,1.316321203068863,0.8759572423182176
G1020-120,3928,717,0.1825356415478615,3211,81.74643584521385,True,False,234.3086578651014,0.4586630456324722,1.125352738577701,0.8990931117289002,102.56854249492379,0.3414910354797459,1.0639599167389688,0.8564473132222348
G1020-122,6075,2723,0.44823045267489714,3352,55.17695473251029,True,False,305.7228714274745,0.257475247439808,1.0348914754820604,0.8167709567094009,208.78174593052023,0.43991724630339923,1.11353823389819,0.7850050584605055
G1020-123,4843,1806,0.37290935370638034,3037,62.70906462936197,True,False,265.208152801713,0.5595914203382855,1.2066093764261925,0.8652678987336733,158.46803743153544,0.618317391749662,1.2723803797422841,0.9037415532831654
G1020-124,4161,780,0.18745493871665464,3381,81.25450612833454,True,False,244.55129855222071,0.621349448916595,1.2762694957505063,0.8743144040998518,110.08326112068522,0.7045447810541922,1.4091264258113256,0.8088386457301062
G1020-125,4252,767,0.1803857008466604,3485,81.96142991533397,True,False,253.82337649086284,0.38689825521155435,1.0844547193674963,0.8293538896421211,106.42640687119284,0.3168745048578111,1.0543324130816087,0.8509546741868947
G1020-126,3553,544,0.15311004784688995,3009,84.688995215311,True,False,223.1370849898476,0.25588714610012364,1.034439960250933,0.8967297144771103,88.66904755831213,0.5426478951008474,1.1905324941218454,0.8694901705180915
G1020-128,3603,549,0.1523730224812656,3054,84.76269775187345,True,False,225.75230867899737,0.34157030630382357,1.0639925258417953,0.8884024047035857,86.08326112068522,0.4459977747835219,1.1172759054653123,0.9309895069997385
G1020-129,4914,823,0.16748066748066748,4091,83.25193325193325,True,False,269.66399692442883,0.46237983569205765,1.1278001040748176,0.8491786792622521,107.1543289325507,0.5127760442194377,1.1647919592434788,0.9007209363641676
G1020-130,5033,1248,0.24796344128750247,3785,75.20365587124975,True,False,267.27922061357856,0.450070950033983,1.119829858174163,0.8853324893416356,132.63961030678928,0.37485508286206937,1.0786515850509963,0.8914109710230422
G1020-131,3507,891,0.2540633019674936,2616,74.59366980325063,True,False,223.7228714274745,0.5217308511469256,1.1721815831545044,0.8804908768175758,111.49747468305833,0.5287148987257289,1.1781345588945027,0.9006530121660624
G1020-133,6088,2214,0.36366622864651776,3874,63.633377135348226,True,False,295.56349186104046,0.43411878101246465,1.1100557688587176,0.8757556143938834,177.4386001800126,0.6070821632743122,1.2584329683059137,0.8836723684648624
G1020-134,3819,858,0.2246661429693637,2961,77.53338570306363,True,False,230.40916292848976,0.3360956417735055,1.0617651499891565,0.903982514470525,111.63961030678928,0.3206949804419549,1.0557627247454722,0.8650884788272283
G1020-137,3984,1536,0.3855421686746988,2448,61.44578313253012,True,False,239.37972567696687,0.26077377843625554,1.0358401349350121,0.8736841638145495,145.63961030678928,0.44630973119670586,1.1174700713686276,0.9100014059505233
G1020-138,5561,1256,0.22585865851465564,4305,77.41413414853444,True,False,283.90663761154804,0.26276462775311377,1.0364198299910823,0.8669851655306776,133.1543289325507,0.45968136719378816,1.1260197181216407,0.8902027325082511
G1020-139,6050,1265,0.20909090909090908,4785,79.0909090909091,True,False,294.9360748630709,0.43357804147405954,1.109735014723597,0.8739960026509741,134.81118318204307,0.5681798240517865,1.2152079554053001,0.8746786960931627
G1020-140,4829,758,0.15696831642161937,4071,84.30316835783806,True,False,264.45079348883235,0.39607866545177,1.0890676775065182,0.8677154304120945,103.25483399593904,0.5448243477138567,1.1925344547451635,0.8934253769051284
G1020-141,4868,1173,0.24096138044371404,3695,75.9038619556286,True,False,264.2081528017131,0.37531348381345686,1.0788674331755002,0.8763306551564859,129.1543289325507,0.32071446912024926,1.0557700798907759,0.8836696550032936
G1020-142,4528,996,0.21996466431095407,3532,78.00353356890459,True,False,255.03657992645924,0.33043408254346235,1.0595138777765465,0.8748051490067027,116.08326112068522,0.49482434350557075,1.1507572291250014,0.9288166714789562
G1020-143,4255,723,0.1699177438307873,3532,83.00822561692127,True,False,251.27922061357856,0.5001298749429495,1.154800542131413,0.8468300793591155,102.9116882454314,0.5140574340005523,1.165833025364087,0.8578646174768925
G1020-144,6153,1703,0.27677555663903786,4450,72.32244433609621,True,False,303.9360748630709,0.5967360535512295,1.2462028388789925,0.8370131441212619,158.53910524340094,0.550187149176084,1.1975454484593373,0.8514354069624588
G1020-145,5354,1518,0.28352633545013073,3836,71.64736645498692,True,False,273.86500705120545,0.3442843957824166,1.0651153948221146,0.8970468856180646,148.71067811865476,0.5454340648576937,1.19309854516331,0.8625759150766925
G1020-146,6396,1669,0.2609443402126329,4727,73.9055659787367,True,False,304.35028842544403,0.6573571616303636,1.3270005897292079,0.8677025700211769,156.22539674441617,0.7362163642729942,1.4776587589847783,0.8593358460424618
G1020-147,3505,499,0.14236804564907277,3006,85.76319543509273,True,False,223.58073580374355,0.5091730356126183,1.1618933732989292,0.8811079588856676,83.18376618407356,0.24095650503211438,1.0303585723558155,0.9062191825099026
G1020-148,5246,1115,0.21254288982081587,4131,78.74571101791842,True,False,297.072113832392,0.4925033353894728,1.1490151332923395,0.7469892937388416,136.7401153701776,0.4999244164386424,1.1546423629211022,0.7493640379639019
G1020-15,4486,805,0.1794471689701293,3681,82.05528310298708,True,False,255.45079348883235,0.6187101333845628,1.2728810634810963,0.8638823901344672,105.74011537017762,0.3799434295414325,1.081069715869401,0.90474498513346
G1020-151,4414,903,0.20457634798368826,3511,79.54236520163117,True,False,253.6223663640862,0.2204108137615778,1.0252129261540297,0.8623172863372223,112.91168824543142,0.4888030746373958,1.1462708675489406,0.890061082985845
G1020-152,3328,668,0.20072115384615385,2660,79.92788461538461,True,False,218.16652224137044,0.523794236236191,1.1739227333688556,0.8786521262291794,97.01219330881975,0.5925820694076857,1.24144939121297,0.8919359721049237
G1020-154,3187,671,0.210542830247882,2516,78.9457169752118,True,False,212.06601717798213,0.5902239242121048,1.2387896236742708,0.8905324875287232,98.08326112068522,0.537539071195593,1.1859036237283103,0.8764811695579812
G1020-155,4590,1897,0.4132897603485839,2693,58.671023965141615,True,False,256.2081528017131,0.38902986999326195,1.085510974013638,0.8786919727168365,165.19595949289334,0.4404454564733094,1.1138594088444533,0.8735310633371467
G1020-158,3856,1060,0.274896265560166,2796,72.5103734439834,True,False,234.7228714274745,0.3898227689374114,1.0859061430381045,0.8795004591272273,122.32590180780451,0.2674718868021638,1.0378119902566152,0.8901821407406322
G1020-159,4814,1595,0.3313253012048193,3219,66.86746987951807,True,False,263.86500705120545,0.5312068604326952,1.1803000978551568,0.868865096610749,150.95331880577405,0.37262863098218485,1.0776087911822028,0.8795999986055998
G1020-16,2411,288,0.11945250933222729,2123,88.05474906677728,True,False,206.95331880577402,0.59242941086949,1.241276365789895,0.707395485193367,64.2842712474619,0.3106671241889512,1.052057074870707,0.875775722573066
G1020-161,5902,769,0.13029481531684176,5133,86.97051846831583,True,False,288.9360748630709,0.43760272398197547,1.1121386967544515,0.8883938262048263,107.39696961966999,0.4983015054882343,1.1533974665642206,0.8378227509809202
G1020-164,4995,1258,0.2518518518518518,3737,74.81481481481481,True,False,267.1370849898476,0.5739933177399524,1.2212100007141262,0.8795833328052687,133.63961030678928,0.44412473317836887,1.1161150684182013,0.8851565838202086
G1020-165,5850,1491,0.2548717948717949,4359,74.51282051282051,True,False,285.76450198781714,0.48389862696474223,1.1426951294477303,0.9002210661121657,146.95331880577402,0.47736187130457003,1.138036029492994,0.8676183129387415
G1020-166,3796,772,0.20337197049525815,3024,79.66280295047419,True,False,230.5512985522207,0.23999145517578585,1.0301048127178916,0.8974307006193644,105.1543289325507,0.37729495309543887,1.0798049876462685,0.8773499426076504
G1020-167,4499,1102,0.24494332073794176,3397,75.50566792620582,True,False,251.9655121145938,0.1974215997963136,1.0200764523437158,0.8905199555696545,124.91168824543144,0.49501686583516663,1.1509024570010078,0.8875346195228219
G1020-169,5057,954,0.18864939687561796,4103,81.1350603124382,True,False,270.1076477383247,0.3189514843778337,1.0551071453556466,0.8710218627607808,115.98275605729688,0.4340888909628357,1.1100380210704603,0.8911922265163421
G1020-17,4128,684,0.16569767441860464,3444,83.43023255813954,True,False,245.55129855222071,0.5887165106932273,1.2371038481349586,0.8603300300356951,96.76955262170047,0.5402368471553158,1.188335754783439,0.9178854787564641
G1020-170,3624,596,0.16445916114790288,3028,83.55408388520972,True,False,232.3086578651014,0.41667306385031166,1.1000417446192798,0.8438538993456995,90.91168824543142,0.45667727243995876,1.1240597363767992,0.9061846018290753
G1020-173,3708,717,0.19336569579288027,2991,80.66343042071198,True,False,230.50966799187808,0.5492881913315851,1.196697617164613,0.8769428653283133,101.49747468305833,0.4478284458266588,1.118418732877585,0.8746182716057814
G1020-175,3840,623,0.16223958333333333,3217,83.77604166666667,True,False,233.1370849898476,0.18287599231147542,1.017153284925889,0.8878065900104647,94.18376618407356,0.33769915919117544,1.0624123726295718,0.8825631799721565
G1020-176,3618,781,0.21586511885019347,2837,78.41348811498065,True,False,229.7228714274745,0.40052604191678737,1.0913630474799267,0.8615291060401445,106.32590180780451,0.3220089760576262,1.0562599814044007,0.8681259695601855
G1020-177,3643,785,0.21548174581388965,2858,78.45182541861104,True,False,226.16652224137044,0.4977214997333668,1.152954512777737,0.8949780733324684,103.25483399593904,0.6225174908787199,1.277782364377952,0.925249235976947
G1020-178,3597,841,0.23380594940227967,2756,76.61940505977202,True,False,226.3086578651014,0.41462683743800716,1.0989113265631503,0.8825675670687514,108.66904755831214,0.47154459187999903,1.133989708495616,0.8949404510445932
G1020-179,6177,1378,0.22308564027845232,4799,77.69143597215476,True,False,300.0071426749364,0.5876332171282238,1.2358992659922712,0.8624308355892115,139.63961030678928,0.6373037611195905,1.297668744102588,0.8880590108615888
G1020-18,4827,1247,0.2583385125336648,3580,74.16614874663352,True,False,264.9360748630709,0.5057896529651362,1.1592094925556793,0.8641815047667217,133.1543289325507,0.34884408783484344,1.0670299991021817,0.8838238912721251
G1020-183,4214,757,0.17963929757949693,3457,82.0360702420503,True,False,244.89444430272832,0.5784888186005342,1.225955468685163,0.8829711824051064,104.08326112068524,0.4648268774174841,1.1294309975035315,0.8780999683367429
G1020-184,6861,1999,0.29135694505174176,4862,70.86430549482583,True,False,315.350288425444,0.56023901167052,1.2072468577285749,0.8669834720190484,169.53910524340094,0.523274534704559,1.1734828135074244,0.8739425499988116
G1020-185,5226,2542,0.4864140834290088,2684,51.35859165709912,True,False,289.1076477383248,0.42236241859559914,1.103232748681188,0.7857060713533616,213.58073580374355,0.20248114399544836,1.0211519770207975,0.7002631185310122
G1020-186,6146,1909,0.3106085258704849,4237,68.93914741295151,True,False,298.1076477383248,0.4702421647030458,1.133096423637482,0.8690728537411164,165.29646455628165,0.502068366426493,1.1562993754954698,0.8779881672158781
G1020-187,5255,1122,0.21351094196003806,4133,78.6489058039962,True,False,274.1076477383248,0.3103727478942495,1.0519506497079076,0.8789016482126268,126.63961030678928,0.4543505444755909,1.1225574797650346,0.8791512340231259
G1020-188,4074,517,0.12690230731467844,3557,87.30976926853215,True,False,240.8944443027283,0.3772029261798843,1.0797612804938652,0.8822208562202027,85.25483399593904,0.6222145614701783,1.277389215073692,0.89384534122781
G1020-189,4569,1174,0.25694900415845917,3395,74.30509958415408,True,False,255.5512985522207,0.2887370070294297,1.044486289682048,0.8791740035120924,132.22539674441617,0.39366768344460473,1.0878400082643425,0.8438168691686054
G1020-19,5586,1389,0.24865735767991407,4197,75.13426423200859,True,False,286.6934341759516,0.3725375182050307,1.077566313569159,0.8540342769707868,141.46803743153546,0.37376384055059303,1.078139330173008,0.8721585696645077
G1020-190,4187,1165,0.2782421781705278,3022,72.17578218294722,True,False,244.89444430272835,0.3478978721798842,1.0666297617817333,0.877313797040859,126.8111831820431,0.2966401341382099,1.047132112246473,0.9103757486025048
G1020-191,5608,2094,0.37339514978601995,3514,62.660485021398,True,False,283.03657992645924,0.514220862511058,1.1659661909371841,0.8796962352839827,173.12489168102786,0.6635613231596716,1.33668056786227,0.8779454087128342
G1020-192,3727,947,0.2540917628119131,2780,74.59082371880869,True,False,231.0660171779821,0.3356069065328591,1.0615687300693164,0.8771969229671086,115.7401153701776,0.35110974936800804,1.0679946116937262,0.888366189220953
G1020-193,3965,886,0.22345523329129888,3079,77.65447667087011,True,False,237.65180361560903,0.08264368191212858,1.0034325824696178,0.8822076641737658,112.32590180780451,0.502759374795954,1.1568364794080088,0.882437098334212
G1020-195,4574,1203,0.2630083078268474,3371,73.69916921731526,True,False,258.03657992645924,0.3575948057461771,1.0708050094708508,0.8632636819301951,130.9116882454314,0.5653386785535994,1.2123285805419137,0.8821016698029964
G1020-196,5096,1092,0.21428571428571427,4004,78.57142857142857,True,False,272.2081528017131,0.26596144187968984,1.037361973643724,0.8642453000821,125.63961030678928,0.4756074929773141,1.136805942986702,0.8693193388109557
G1020-197,5211,2677,0.5137209748608712,2534,48.62790251391287,True,False,277.7645019878171,0.3432648077841486,1.0646921130741018,0.8487454362152267,192.36753236814712,0.322577938875645,1.0564761443025963,0.9090644764582527
G1020-198,6953,1727,0.24838199338415073,5226,75.16180066158493,True,False,317.8355697996826,0.47623764247762496,1.1372467936226967,0.8649223033261527,159.12489168102786,0.5691326662270085,1.2161814739556742,0.8570890753625238
G1020-2,5160,1524,0.29534883720930233,3636,70.46511627906978,True,False,270.2081528017131,0.38769515703130375,1.084848559005967,0.888101632860419,146.81118318204307,0.528380883549344,1.1778459726434485,0.8885391202875441
G1020-20,4732,868,0.1834319526627219,3864,81.65680473372781,True,False,258.5512985522207,0.30655745050862226,1.0505833203516537,0.8895311342917737,107.84062043356595,0.2909217195739767,1.045208552414729,0.9379179199181505
G1020-200,4716,320,0.06785411365564037,4396,93.21458863443596,True,False,257.86500705120545,0.4088964607822703,1.095793401870409,0.8912485533847144,65.45584412271572,0.2833297888940178,1.0427283605002373,0.9385620426831546
G1020-201,5202,1541,0.2962322183775471,3661,70.37677816224529,True,False,271.5218613006979,0.4342000495158558,1.1101040340691601,0.8866875440984422,147.53910524340094,0.4351743961313736,1.1106838919610476,0.889607042015482
G1020-202,3858,687,0.1780715396578538,3171,82.19284603421461,True,False,233.65180361560903,0.2560906793042232,1.0344976380412103,0.8880426246515111,96.42640687119285,0.4089637781643645,1.0958296248269543,0.9284844466168154
G1020-203,4829,1088,0.2253054462621661,3741,77.46945537378339,True,False,264.86500705120545,0.5004226119056132,1.1550261403307365,0.8650035700462155,124.32590180780451,0.5104458042290314,1.1629124977963132,0.8845360205403898
G1020-204,3662,430,0.1174221736755871,3232,88.25778263244129,True,False,229.09545442950497,0.6625810722158405,1.3351309500255037,0.876789336812682,80.49137802864844,0.4686656177847838,1.132021241695303,0.8340260090057677
G1020-205,4887,1011,0.20687538367096378,3876,79.31246163290362,True,False,265.9655121145938,0.5782113123796894,1.225659850945416,0.8681635598177011,120.08326112068522,0.3006237561371864,1.0485006903617005,0.8810409051822379
G1020-207,4397,736,0.16738685467364112,3661,83.2613145326359,True,False,247.9655121145938,0.36378784386066426,1.073558243316644,0.8986359030356018,101.84062043356595,0.49164551069926166,1.1483753340465703,0.8917551075155812
G1020-208,4276,954,0.22310570626753976,3322,77.68942937324603,True,False,244.55129855222071,0.35404990282416593,1.0692596560255394,0.8984783446121044,116.91168824543142,0.3477796050579202,1.066579844310022,0.8770863958467845
G1020-21,4615,1452,0.31462621885157094,3163,68.53737811484291,True,False,256.651803615609,0.47178334246330134,1.1341539560181007,0.8804261396511873,144.22539674441617,0.6027284314794,1.253217027138443,0.8771886339927578
G1020-210,4106,788,0.1919142717973697,3318,80.80857282026302,True,False,240.06601717798213,0.42366962961559257,1.1039760119441695,0.8952976289862925,106.49747468305833,0.4511711095215088,1.120526690767937,0.8730868800669426
G1020-211,4582,984,0.21475338280226974,3598,78.52466171977302,True,False,252.79393923933998,0.43477604228380873,1.11044655480661,0.901014196665877,116.9116882454314,0.31686822610855087,1.0543300813027037,0.9046677290495138
G1020-213,5533,1770,0.31989878908367975,3763,68.01012109163203,True,False,300.86500705120545,0.5483765377953765,1.1958410600278966,0.7681166454127127,168.32590180780454,0.8231585524855775,1.7611475782303856,0.7850209203908256
G1020-215,4889,1010,0.20658621394968296,3879,79.34137860503171,True,False,264.208152801713,0.4504460351519182,1.12006709705562,0.8801110462325517,120.91168824543142,0.47371461633620787,1.1354882649198104,0.8681497961279512
G1020-217,4833,1714,0.3546451479412373,3119,64.53548520587627,True,False,260.79393923934,0.5116990813633263,1.1639211360346626,0.8929593119008069,155.81118318204307,0.5787954847893191,1.2262825636294898,0.8872038763396302
G1020-219,4911,804,0.16371411117898596,4107,83.62858888210141,True,False,262.2081528017131,0.4028905147406346,1.0925998221853104,0.8976094498692305,107.9827560572969,0.542267202414534,1.190184178121322,0.8664771155992341
G1020-220,5883,2056,0.34948155702872685,3827,65.05184429712732,True,False,291.7645019878171,0.4222399908838917,1.1031633322156593,0.8684479796880289,173.78174593052023,0.40219500220851595,1.0922348307337502,0.8555091563803665
G1020-221,3359,1221,0.3635010419767788,2138,63.64989580232212,True,False,234.8528137423857,0.7985348554879405,1.6612714853182657,0.7652940420913306,132.08326112068522,0.6221661518350485,1.277326439194326,0.8794880883778561
G1020-222,3003,588,0.1958041958041958,2415,80.41958041958041,True,False,215.16652224137044,0.4748532300283078,1.1362797024264808,0.8151092009399287,100.66904755831213,0.3920697502541737,1.0870327406795055,0.7291137201145249
G1020-223,3420,808,0.23625730994152047,2612,76.37426900584795,True,False,220.09545442950497,0.4539337497268936,1.1222898191563944,0.8871842505005696,106.5685424949238,0.5815201283158274,1.2292079240356633,0.8940528101658124
G1020-225,5057,1344,0.26577021949772595,3713,73.4229780502274,True,False,270.76450198781714,0.45543487727970966,1.1232558769572698,0.8668009221994782,141.63961030678928,0.7535313170016466,1.521116105043714,0.841859634218407
G1020-226,4616,1834,0.39731369150779894,2782,60.26863084922011,True,False,277.10155108391484,0.3455894633827873,1.0656597665151837,0.7554361278947319,173.3319984622144,0.532398022965036,1.1813430731766406,0.767099512436177
G1020-227,5429,1378,0.2538220666789464,4051,74.61779333210536,True,False,276.936074863071,0.448153905014018,1.1186227648002631,0.8895505668238516,139.63961030678928,0.6139819865403714,1.2669132336825868,0.8880590108615888
G1020-228,3523,551,0.15640079477717855,2972,84.35992052228215,True,False,226.06601717798213,0.42855220616571577,1.106786011943653,0.8662673405429475,86.76955262170048,0.505096523569046,1.158664154483594,0.9196588327868744
G1020-23,2851,559,0.19607155384075764,2292,80.39284461592425,True,False,201.99494936611666,0.529487754497383,1.1788038143646526,0.878063774377865,88.18376618407356,0.379354328960568,1.0807872523004303,0.9033257412969093
G1020-230,3173,1088,0.3428931610463284,2085,65.71068389536717,True,False,220.95331880577402,0.6748106664362088,1.355030263502648,0.8167306946165354,124.32590180780451,0.5623568132972875,1.2093438526013118,0.8845360205403898
G1020-231,4203,716,0.17035450868427313,3487,82.96454913157268,True,False,247.62236636408616,0.19533945414487483,1.0196427111906825,0.8613695496826266,100.08326112068522,0.3257106942079428,1.0576755968965068,0.8982557177256509
G1020-232,3358,772,0.22989874925550924,2586,77.01012507444908,True,False,244.8233764908628,0.8664362616196782,2.002853276092432,0.7040196636072554,114.25483399593904,0.828290891022391,1.7847635381409455,0.7431525922972883
G1020-233,4449,1186,0.2665767588222072,3263,73.34232411777928,True,False,251.20815280171308,0.4586835196606599,1.1253661224105604,0.8859410184412142,129.4680374315355,0.3279631055314307,1.0585477106385415,0.8891385161408651
G1020-234,5631,1059,0.18806606286627597,4572,81.1933937133724,True,False,289.0782104868019,0.5102570414735415,1.1627610224716816,0.8467684656715796,122.74011537017762,0.4072177452075274,1.0948931818366503,0.8833499113659746
G1020-235,4374,824,0.18838591678097852,3550,81.16140832190214,True,False,251.1370849898476,0.5799009862304438,1.2274653290848734,0.8714991036326546,108.91168824543142,0.23097828152002636,1.0277926369375026,0.8729474395683922
G1020-236,4792,592,0.12353923205342238,4200,87.64607679465777,True,False,262.79393923934,0.143899090203563,1.0105170915323594,0.8719588370422743,92.08326112068522,0.613268349790044,1.266023697934738,0.8773445607720984
G1020-237,5055,757,0.14975272007912957,4298,85.02472799208705,True,False,270.1076477383247,0.42476395542373097,1.1046011589812934,0.8706773811065349,102.42640687119285,0.5714188296173287,1.218533519688301,0.9067381065125641
G1020-238,5324,1627,0.30559729526671675,3697,69.44027047332833,True,False,275.4213562373095,0.38069085913225703,1.0814290461219218,0.8819677109090384,149.88225099390854,0.23910856880363368,1.0298737131722344,0.9101165318252333
G1020-239,2976,1008,0.3387096774193548,1968,66.12903225806451,True,False,206.16652224137047,0.6323457024376355,1.2908450285085549,0.8798456695931413,120.49747468305833,0.647574212713971,1.3123318456707616,0.8723976871024546
G1020-24,4376,862,0.1969835466179159,3514,80.3016453382084,True,False,252.79393923933998,0.5740035593472794,1.2212207074132726,0.8605059198188296,110.9116882454314,0.6955625041215334,1.3918551076575147,0.8805671866122027
G1020-241,4832,1051,0.21750827814569537,3781,78.24917218543047,True,False,262.1076477383248,0.4297774565301294,1.1074996201159581,0.8838476342626772,121.15432893255071,0.41668046357423016,1.1000458489724911,0.8997766263434872
G1020-243,4129,1214,0.29401792201501575,2915,70.59820779849842,True,False,242.7228714274745,0.407748285467774,1.0951770469230577,0.8807108454950583,133.63961030678928,0.25099997242446054,1.0330716249861125,0.8541972120490725
G1020-244,5245,2099,0.4001906577693041,3146,59.980934223069596,True,False,273.1076477383248,0.38633199190969897,1.0841756167944396,0.8836649577578224,172.0243866176395,0.5718560742464446,1.2189859997508705,0.8913376812059092
G1020-245,3865,1518,0.39275549805950843,2347,60.72445019404916,True,False,237.03657992645927,0.33619066280487375,1.061803384264731,0.8644275856289925,147.29646455628165,0.36487198356277256,1.0740472936878034,0.8792188482855944
G1020-246,3739,677,0.18106445573682803,3062,81.8935544263172,True,False,230.06601717798213,0.19605920114694841,1.0197920623735401,0.8876880649198187,99.84062043356595,0.26989811890216453,1.038541430146296,0.8534616094677637
G1020-247,4914,1081,0.21998371998372,3833,78.00162800162799,True,False,264.69343417595167,0.23406585165760735,1.0285729913713944,0.8813708422936343,121.9827560572969,0.3006882673088405,1.04852304794589,0.9129325145334455
G1020-248,4458,1488,0.33378196500672946,2970,66.62180349932704,True,False,252.79393923933998,0.5112118748651171,1.1635284262431322,0.8766305737094018,145.63961030678928,0.5842013788219139,1.2321207856595853,0.8815638620145693
G1020-249,4253,440,0.10345638372913238,3813,89.65436162708677,True,False,247.55129855222071,0.5254165730507585,1.1753020285124842,0.8721171545090908,79.698484809835,0.7258494492538776,1.4537977236761541,0.8704872427092142
G1020-25,3806,622,0.16342616920651604,3184,83.6573830793484,True,False,232.99494936611666,0.5859178339119713,1.234003510931058,0.8810197295907257,95.49747468305833,0.4416562360380612,1.1145981235527824,0.8570703557638213
G1020-253,4044,406,0.10039564787339268,3638,89.96043521266073,True,False,238.3086578651014,0.467862634399129,1.131476177793403,0.8948317176520675,76.11269837220809,0.39968594373616007,1.0909263787189059,0.8806871500412837
G1020-254,4907,942,0.1919706541675158,3965,80.80293458324842,True,False,264.79393923934,0.5782103482936575,1.2256588245579318,0.879447342745029,116.91168824543142,0.6437855005574818,1.3068376282500347,0.866053862565693
G1020-255,4795,852,0.17768508863399374,3943,82.23149113660062,True,False,260.79393923934,0.42988067670829316,1.10755989364151,0.885938320000904,109.74011537017762,0.21226467892577988,1.0233191811862465,0.8890345395627847
G1020-256,4266,741,0.17369901547116737,3525,82.63009845288326,True,False,243.7228714274745,0.2519535433576151,1.033336114778259,0.902481156739695,105.18376618407356,0.7072806547594372,1.4145614806211504,0.8416482756878471
G1020-257,4579,907,0.1980781830093907,3672,80.19218169906092,True,False,256.3086578651014,0.40016686424948145,1.0911761766605361,0.8758988468273816,113.25483399593904,0.38573820995819,1.08388362058215,0.8885945707404849
G1020-259,4476,1359,0.30361930294906164,3117,69.63806970509383,True,False,251.1370849898476,0.2428015933218847,1.0308471002389472,0.8918221279972021,138.46803743153546,0.2776248679424426,1.0409189821035671,0.890697528320954
G1020-26,4201,2097,0.4991668650321352,2104,50.083313496786474,True,False,244.3086578651014,0.5342064248088157,1.1829362879605811,0.8844735089922887,172.61017305526642,0.6272133071545436,1.2839483567636005,0.8844545460921318
G1020-260,4492,391,0.08704363312555655,4101,91.29563668744434,True,False,255.9655121145938,0.6547773745614492,1.323063191806075,0.8615623331910981,73.45584412271572,0.5551669437951676,1.2023003273743216,0.9106131419890638
G1020-261,4791,2524,0.5268211229388436,2267,47.317887706115634,True,False,262.9360748630709,0.43200553921411955,1.1088060855778006,0.8708346157902824,187.4386001800126,0.42297946782510043,1.1035831215700715,0.9027783804726812
G1020-262,4239,1059,0.24982307147912244,3180,75.01769285208776,True,False,246.1370849898476,0.5037976101023752,1.1576462759527275,0.8792637624730755,125.39696961966999,0.6203057854049426,1.2749246519983612,0.8463144214877378
G1020-263,4800,805,0.16770833333333332,3995,83.22916666666667,True,False,263.27922061357856,0.3896378479852026,1.085813870638542,0.8701977060592959,107.66904755831214,0.5860056093987461,1.234100170021439,0.8726176676857528
G1020-264,5252,1204,0.22924600152322924,4048,77.07539984767708,True,False,276.1076477383248,0.42825277169531356,1.1066121348336981,0.8657205153641315,130.7401153701776,0.28860247475140044,1.0444420401797214,0.8851535657462802
G1020-265,4549,1023,0.22488459001978456,3526,77.51154099802154,True,False,253.37972567696687,0.5107707958163796,1.1631735620000911,0.8903936982365463,118.5685424949238,0.3794701717100012,1.0808427448007913,0.9144217239814257
G1020-267,5552,1296,0.2334293948126801,4256,76.657060518732,True,False,280.9360748630709,0.34269940795865045,1.0644581452843769,0.8839837891570297,136.39696961967,0.6281445426163552,1.28518734732441,0.8753977427935562
G1020-269,5774,1020,0.17665396605472808,4754,82.33460339452719,True,False,284.5929291125633,0.415196164107122,1.0992249372327323,0.8958564655853226,120.5685424949238,0.38537105208925876,1.0837034107827166,0.8817429865109924
G1020-27,4094,1144,0.2794333170493405,2950,72.05666829506595,True,False,243.62236636408616,0.46277800723912293,1.1280644089050658,0.8668089518188421,125.9827560572969,0.550402495697566,1.1977490213904414,0.9057611284033649
G1020-270,5066,800,0.15791551519936833,4266,84.20844848006317,True,False,267.37972567696687,0.47169688953288974,1.1340944632205636,0.8904675602175373,106.91168824543142,0.29887860346544814,1.0478982333641502,0.8795276071345476
G1020-271,3439,849,0.2468740913056121,2590,75.3125908694388,True,False,221.3380951166243,0.45837117662648375,1.1251620612076785,0.8821241335301739,108.91168824543142,0.46770040232526816,1.1313662638631876,0.8994324953805399
G1020-272,4668,1325,0.2838474721508141,3343,71.6152527849186,True,False,257.5512985522207,0.47262390676549754,1.1347334501576778,0.8843276895413347,136.81118318204307,0.5599939291260125,1.2070053958001659,0.8895749495436134
G1020-273,3973,650,0.16360432922225018,3323,83.63956707777498,True,False,237.7228714274745,0.332019804234025,1.0601391323508829,0.8834591930416411,95.59797974644667,0.4607213319342727,1.1267036297950184,0.8937700379954607
G1020-274,3081,334,0.10840636157091853,2747,89.15936384290815,True,False,207.58073580374355,0.34083648238551034,1.063691061234674,0.8985194203095626,67.45584412271572,0.2789808204922662,1.0413448543940034,0.9223954845122939
G1020-275,5018,838,0.16699880430450378,4180,83.30011956954962,True,False,269.27922061357856,0.28748143558749323,1.0440743346379062,0.8696306494733136,108.66904755831214,0.5832878935843033,1.2311245609249584,0.8917480356425316
G1020-276,1948,218,0.11190965092402463,1730,88.80903490759754,True,False,166.8528137423857,0.6544369822767421,1.3225474311275858,0.879289216199502,53.21320343559643,0.6404012007895014,1.3020145704435393,0.9674478173285161
G1020-277,6489,2501,0.38542148250886116,3988,61.45785174911389,True,False,308.73506473629425,0.5387092736896396,1.1869552685812186,0.8554915479956284,192.99494936611666,0.6097420168609999,1.2616705391671774,0.8437847427056728
G1020-278,6939,1835,0.26444732670413607,5104,73.5552673295864,True,False,331.7289680818844,0.38130125738568516,1.081723288400859,0.792391769701241,170.9827560572969,0.14488122742435247,1.0106634558127856,0.7887535125399057
G1020-279,5249,2640,0.5029529434177938,2609,49.70470565822062,True,False,273.03657992645924,0.3310243801408128,1.0597461548486422,0.8847992914602949,195.1959594928933,0.4128427521583992,1.097933086608215,0.8707072158395558
G1020-28,4685,1647,0.35154749199573104,3038,64.8452508004269,True,False,258.45079348883235,0.44402278713349785,1.1160521300220854,0.8813810717637527,149.05382386916236,0.24327276428163075,1.030972562546571,0.9315737000401036
G1020-280,4737,892,0.18830483428330166,3845,81.16951657166983,True,False,261.96551211459376,0.43475376349291145,1.1104332921264153,0.8674111666163297,110.91168824543142,0.5403515005933915,1.1884397209069208,0.9112133764014901
G1020-281,4782,1918,0.4010874111250523,2864,59.89125888749477,True,False,258.5512985522207,0.20967146720564236,1.0227334274838031,0.8989302375704272,163.63961030678928,0.36895735224675447,1.0759093585361343,0.9000809989331455
G1020-282,3399,371,0.10914974992644895,3028,89.0850250073551,True,False,219.3380951166243,0.3521087675400775,1.068422767635225,0.8878362921309043,71.04163056034261,0.5544427595932065,1.20160265737743,0.9237574029994741
G1020-284,4604,1115,0.24218071242397915,3489,75.78192875760209,True,False,261.2081528017131,0.5830448796259566,1.2308602045488726,0.8479528867938201,127.39696961966999,0.5399521247314469,1.1880777858113145,0.8633095322516458
G1020-286,4525,1331,0.2941436464088398,3194,70.58563535911601,True,False,256.9360748630709,0.28980249438110456,1.0448376709963203,0.861347261053635,136.5685424949238,0.4044073577333562,1.093399296077811,0.8967813555080917
G1020-287,4411,707,0.16028111539333484,3704,83.9718884606665,True,False,250.40916292848976,0.532545182368951,1.181472279519455,0.8839882428570346,100.66904755831214,0.5478130361546153,1.1953132427117756,0.8766724491853212
G1020-288,5726,1099,0.19193154034229828,4627,80.80684596577017,True,False,285.5218613006979,0.296685274411533,1.0471474881673672,0.8826377041375598,127.39696961967,0.7146170698473493,1.4295601457809037,0.8509212340309942
G1020-289,4249,899,0.21157919510473053,3350,78.84208048952695,True,False,244.9655121145938,0.45725940198764214,1.1244377373808783,0.8897883260611321,112.49747468305833,0.26660163517320984,1.0375523279367902,0.8926557535070141
G1020-29,5311,1016,0.19130107324421014,4295,80.869892675579,True,False,275.6223663640862,0.40226350935206656,1.0922707377233731,0.878531324986138,120.5685424949238,0.20007984252999386,1.0206377068348098,0.8782851708776159
G1020-290,4150,669,0.16120481927710845,3481,83.87951807228916,True,False,242.69343417595167,0.5360525029694261,1.1845749700372372,0.8854048702863937,95.25483399593904,0.5504579094705526,1.1978014352279318,0.9265352203523677
G1020-291,3864,472,0.12215320910973085,3392,87.78467908902692,True,False,233.96551211459376,0.22838731432392304,1.0271471349188253,0.8870401804439615,82.52691193458118,0.4261177465879362,1.1053782384678497,0.8708847254262173
G1020-292,4927,1277,0.2591840876801299,3650,74.081591231987,True,False,267.5218613006978,0.3138263764208893,1.0532076424118515,0.865115058354308,134.22539674441617,0.3334037182779748,1.0606881712844753,0.8906998283669466
G1020-293,5885,1711,0.2907391673746814,4174,70.92608326253186,True,False,288.8355697996826,0.4198719610350233,1.101827177109855,0.8864515035796637,156.12489168102786,0.4332408769846313,1.1095353594129767,0.8820954327457313
G1020-295,2994,411,0.1372745490981964,2583,86.27254509018036,True,False,206.3380951166243,0.30991741953643576,1.0517862981173227,0.8836958719706639,75.35533905932738,0.36252332637335044,1.0729905029344358,0.9095438242033389
G1020-297,4365,1106,0.2533791523482245,3259,74.66208476517755,True,False,251.9655121145938,0.4884227792876787,1.1459911055533958,0.8639963560928076,127.39696961966999,0.5576130159010674,1.2046726369457696,0.8563411145025293
G1020-298,3697,845,0.22856370029753856,2852,77.14362997024614,True,False,231.7228714274745,0.6025080321944289,1.252955693420636,0.8652099627570616,108.91168824543142,0.5580342236313365,1.2050836187263447,0.8951948864505963
G1020-299,4350,581,0.1335632183908046,3769,86.64367816091954,True,False,251.86500705120545,0.2688501919645253,1.038225376995184,0.8617146080391359,91.18376618407356,0.29127248450227483,1.0453251623578368,0.878114087208439
G1020-3,4332,1048,0.24192059095106186,3284,75.80794090489381,True,False,248.3086578651014,0.312842223604338,1.0528475701029314,0.8829062414355173,123.98275605729691,0.5865513920843455,1.2347020259862551,0.8567390733512037
G1020-300,4592,1272,0.2770034843205575,3320,72.29965156794425,True,False,257.0365799264593,0.3768180155352449,1.0795786444947941,0.8734174722602436,135.39696961967,0.35957790834247394,1.0716791911443169,0.8719249130306845
G1020-301,3876,578,0.14912280701754385,3298,85.08771929824562,True,False,233.1370849898476,0.27839071878937655,1.041159198289838,0.8961297767918129,90.25483399593904,0.4802980519357735,1.1401139086642085,0.8916548145702367
G1020-302,5751,1493,0.25960702486524084,4258,74.03929751347592,True,False,285.45079348883235,0.26146639620308876,1.0360412008939017,0.8869328131625147,145.39696961967,0.5137372504582424,1.1655723867367493,0.8874807909248166
G1020-303,4186,969,0.23148590539894887,3217,76.85140946010512,True,False,239.7228714274745,0.38895126140428177,1.0854718639743008,0.9153562386919851,116.91168824543142,0.5865540641656762,1.2347049761408229,0.890877062448149
G1020-305,5844,2818,0.48220396988364134,3026,51.779603011635864,True,False,287.69343417595167,0.4742198754956346,1.1358390262233538,0.8872789339133701,199.2670273047588,0.3813987759103617,1.0817703631246107,0.8918256701221395
G1020-306,5369,1739,0.3238964425405103,3630,67.61035574594897,True,False,276.1076477383248,0.27383080754436673,1.039741110363667,0.8850063684291741,157.88225099390854,0.4717486863660226,1.1341301049055652,0.8766834875760783
G1020-307,4326,1137,0.26282940360610263,3189,73.71705963938973,True,False,248.79393923933998,0.4081373646836609,1.0953855989279557,0.8782472248422877,132.81118318204307,0.7185822732458959,1.4379345233331942,0.8100298762876622
G1020-308,5309,2021,0.38067432661518175,3288,61.932567338481824,True,False,296.72896808188443,0.6199256772668251,1.2744364675142965,0.7577094379977541,186.71067811865476,0.47488082977698143,1.136298930860449,0.72851393772811
G1020-309,3286,668,0.20328667072428486,2618,79.67133292757151,True,False,220.5512985522207,0.4916861807352305,1.1484056180539333,0.8489032276565788,96.66904755831213,0.44958950962315714,1.1195258603786529,0.8982794142608965
G1020-31,3948,776,0.19655521783181357,3172,80.34447821681864,True,False,236.3086578651014,0.25555571892566503,1.034346158264711,0.8884392582451047,101.49747468305833,0.30225297243922156,1.0490672365506153,0.9465882549038861
G1020-310,4163,745,0.1789574825846745,3418,82.10425174153255,True,False,244.7228714274745,0.4594043003459891,1.1258379811036867,0.8735085402345738,101.49747468305833,0.288344273757472,1.0443571878539417,0.9087735179167464
G1020-311,5477,2307,0.4212159941573854,3170,57.878400584261456,True,False,277.27922061357856,0.21089830180566718,1.0230095216678345,0.895195634538289,179.78174593052023,0.4411613750463846,1.1142957788256147,0.896945945630755
G1020-312,3963,618,0.15594246782740348,3345,84.40575321725964,True,False,238.79393923933998,0.5440558221433432,1.1918254750532202,0.8733480131434613,90.76955262170047,0.47015804383061705,1.1330388857364517,0.9425794112686222
G1020-313,4279,593,0.1385837812573031,3686,86.14162187426969,True,False,247.55129855222071,0.5563856540827742,1.203479229618667,0.8774486960132611,90.42640687119285,0.5268651551701053,1.1765413389544106,0.9113265202632129
G1020-314,5238,981,0.1872852233676976,4257,81.27147766323024,True,False,276.0071426749364,0.515004770561553,1.166606163039095,0.8640417261045984,117.1543289325507,0.47569641702187415,1.136868087545672,0.8981775382953675
G1020-315,4501,1720,0.3821373028215952,2781,61.78626971784048,True,False,254.20815280171308,0.5381354258235866,1.1864389242087297,0.8752657355138359,155.71067811865476,0.4302897256911067,1.1077989895212157,0.8914592974885134
G1020-316,4418,827,0.18718877320054322,3591,81.28112267994567,True,False,256.1076477383247,0.47765291331710014,1.1382409196482894,0.8464288954740972,106.08326112068522,0.5339565534842627,1.182715443568146,0.9234675720792221
G1020-317,3356,358,0.1066746126340882,2998,89.33253873659119,True,False,219.23759005323592,0.22462125839409883,1.0262239783332943,0.8774083784422753,70.5269119345812,0.5235654395006152,1.1737289454639188,0.904447065165244
G1020-318,3600,836,0.23222222222222222,2764,76.77777777777777,True,False,246.16652224137044,0.5255205631520643,1.1753907515447835,0.7465422383175715,112.01219330881976,0.5653120337897626,1.2123017421216178,0.837308575192932
G1020-319,4938,1822,0.3689752936411503,3116,63.10247063588498,True,False,267.62236636408613,0.5313223289809009,1.1804009784385168,0.8663953976830718,159.19595949289334,0.4440989133911898,1.1160991256914503,0.9034292656779255
G1020-32,3812,815,0.21379853095487933,2997,78.62014690451207,True,False,232.06601717798213,0.5625023198572761,1.2094886224427845,0.889487109140019,108.5685424949238,0.4285307875027956,1.1067735676887394,0.8688793136234811
G1020-321,4973,1216,0.24452041021516188,3757,75.5479589784838,True,False,280.2081528017131,0.5592813485114778,1.206304763295077,0.7957551347755749,142.46803743153544,0.4354275436742198,1.1108349080917912,0.7528501747068838
G1020-322,5126,876,0.17089348419820521,4250,82.91065158017948,True,False,274.1787155501902,0.25377568105566806,1.0338448768385724,0.8568819423919161,108.66904755831214,0.32580715002406724,1.0577127765288814,0.9321852974019782
G1020-323,4060,1062,0.26157635467980295,2998,73.8423645320197,True,False,254.37972567696687,0.44900796280792044,1.119159415212775,0.7884441011918201,128.0893577750951,0.5802945364359844,1.2278877575560658,0.8134077097123071
G1020-324,4560,616,0.13508771929824562,3944,86.49122807017544,True,False,259.03657992645924,0.4021257236594078,1.0921985292428693,0.8539894623396549,92.42640687119285,0.430193315612734,1.1077426018070027,0.9061465396896613
G1020-326,4978,1680,0.3374849337083166,3298,66.25150662916835,True,False,267.27922061357856,0.4409930159065202,1.1141930499113772,0.8756576856631555,159.29646455628165,0.7137363697970365,1.4277261234127687,0.83196847730589
G1020-327,4803,952,0.19820945242556737,3851,80.17905475744327,True,False,260.45079348883235,0.279609097947254,1.0415430628965658,0.8897563187053185,114.91168824543142,0.6484281660288039,1.3135843011820736,0.9059795650294176
G1020-328,4206,1271,0.302187351402758,2935,69.7812648597242,True,False,268.34419177103416,0.6142675332529697,1.2672699786018173,0.7339977578398316,142.98275605729688,0.6427930690989814,1.3054150958480648,0.7812465032396009
G1020-329,4476,811,0.18118856121537086,3665,81.88114387846291,True,False,253.96551211459382,0.3379228325586568,1.0625029924047096,0.8720682052993572,105.84062043356593,0.37551591600357753,1.0789628780755027,0.9097581695964557
G1020-33,4347,741,0.1704623878536922,3606,82.95376121463079,True,False,249.37972567696687,0.4321786083877936,1.1089080439096834,0.878369441952691,103.25483399593904,0.568566863670695,1.2156029149600778,0.8733881323043537
G1020-330,4156,758,0.1823869104908566,3398,81.76130895091434,True,False,243.62236636408616,0.4818637883605288,1.1412318523524214,0.8799360048263576,105.08326112068522,0.2387176760870803,1.0297717167398812,0.8626050284679645
G1020-331,3554,352,0.09904333145751266,3202,90.09566685424873,True,False,227.8233764908628,0.663097205042526,1.3359459145705934,0.8604600655934664,69.2842712474619,0.6431121507537397,1.3058717154083403,0.921474286658298
G1020-333,3907,591,0.1512669567443051,3316,84.87330432556949,True,False,234.65180361560903,0.4107379072671644,1.0967877217305355,0.8916727238742872,91.25483399593904,0.42786276591544703,1.1063859692299285,0.89183720528916
G1020-334,3972,424,0.1067472306143001,3548,89.32527693856998,True,False,240.79393923933998,0.38775946571553477,1.0848803952983062,0.8608510245858884,76.76955262170047,0.4214516102685928,1.102717115784084,0.9040609300033277
G1020-335,4859,750,0.15435274747890512,4109,84.56472525210948,True,False,266.9360748630709,0.547881413917567,1.1953772242115677,0.8569238351676599,103.49747468305833,0.5055597131861637,1.1590284130349462,0.8798560425344835
G1020-336,4037,1439,0.3564528114936834,2598,64.35471885063166,True,False,236.65180361560903,0.44542559590843733,1.1169203889239028,0.9058347472815673,141.39696961967002,0.395151716043699,1.0885942970046698,0.9044622687194128
G1020-337,5193,931,0.1792797997304063,4262,82.07202002695936,True,False,274.69343417595167,0.5755308087237351,1.2228226179639763,0.8648317572814543,113.25483399593904,0.6113394034166622,1.2636337878242474,0.9121075472540148
G1020-338,4243,606,0.14282347395710582,3637,85.71765260428941,True,False,243.96551211459382,0.3293955519953245,1.0591066001295084,0.8958308647468566,91.59797974644667,0.3894716582144962,1.0857310021853905,0.9076338782371153
G1020-339,4270,689,0.1613583138173302,3581,83.86416861826697,True,False,249.5512985522207,0.6464759227956475,1.3107287009163209,0.8616245623062312,98.91168824543142,0.504521755189828,1.158213089484714,0.8849808167205009
G1020-34,4736,582,0.12288851351351351,4154,87.71114864864865,True,False,262.96551211459376,0.5422112846066561,1.1901330622671675,0.8606448386352529,90.5269119345812,0.6592695297200745,1.329952238111713,0.8924367312599139
G1020-340,4011,706,0.17601595612066817,3305,82.39840438793318,True,False,240.45079348883235,0.21880141182920212,1.0248322906922838,0.8717864143659715,103.9827560572969,0.530381007061394,1.1795799716314435,0.820525186790629
G1020-341,5806,1330,0.22907337237340683,4476,77.09266276265932,True,False,286.35028842544403,0.4070530585663603,1.0948051864031028,0.8897984517399941,135.63961030678928,0.5111642832895064,1.1634901066984715,0.9084236626944525
G1020-342,3826,670,0.17511761630946157,3156,82.48823836905385,True,False,255.78784258493013,0.4553728986397543,1.1232158777231134,0.7348437958600071,100.5269119345812,0.5629953096771415,1.2099797817550575,0.8331438315134774
G1020-343,3716,1033,0.2779870828848224,2683,72.20129171151775,True,False,227.8233764908628,0.47885364662237845,1.1390887170883548,0.8996819369007658,119.49747468305833,0.5597866916253966,1.2068014152168485,0.9090603807993216
G1020-344,4408,1502,0.3407441016333938,2906,65.92558983666062,True,False,252.5512985522207,0.4362494779248012,1.1113262675468176,0.8684648349519736,147.95331880577402,0.45192567638123105,1.1210063661668803,0.8622443827922992
G1020-345,5018,858,0.17098445595854922,4160,82.90155440414507,True,False,269.62236636408613,0.4538272448392214,1.1222214930821406,0.8674185171927847,107.01219330881975,0.33271780164923204,1.0604156561779263,0.9415223223719161
G1020-346,5499,2128,0.38697945080923807,3371,61.3020549190762,True,False,279.1787155501902,0.33344853161932453,1.060706002505371,0.8866025459546771,174.6101730552664,0.34801546507731657,1.0666794184611812,0.8770864508362971
G1020-348,5982,2129,0.3559010364426613,3853,64.40989635573386,True,False,294.1787155501902,0.5114622844338814,1.1637301709474281,0.8686279065552197,175.6812408671319,0.5593427771909492,1.2063650788134734,0.8668316198310206
G1020-349,5906,1572,0.2661699966136133,4334,73.38300033863867,True,False,293.5929291125633,0.5405572236813817,1.1886263914758215,0.8610177864935621,150.95331880577405,0.4176376470369356,1.1005777662922844,0.8669161114783717
G1020-35,4718,1208,0.2560406952098347,3510,74.39593047901654,True,False,262.86500705120545,0.4783090917766583,1.138703726735717,0.858029556868678,134.22539674441617,0.5202023820501667,1.1709012021848657,0.8425727428874483
G1020-350,3446,618,0.17933836331979106,2828,82.06616366802089,True,False,225.9655121145938,0.3632866317082283,1.073332865819697,0.8480878018164969,92.42640687119285,0.3824906311639286,1.082298673153273,0.9090885739094329
G1020-353,2987,375,0.12554402410445262,2612,87.44559758955474,True,False,208.3086578651014,0.4475822320143288,1.1182645528311574,0.8650285572559521,72.76955262170047,0.3141513433219422,1.053326867901315,0.8899010554739546
G1020-354,4444,1084,0.24392439243924394,3360,75.60756075607561,True,False,248.99494936611666,0.22910859805557,1.027325979074374,0.9007470292460005,121.1543289325507,0.3603147778044404,1.0720057949310138,0.9280284138499909
G1020-355,5475,2357,0.4305022831050228,3118,56.949771689497716,True,False,283.4213562373095,0.6237603264079181,1.2794011669689778,0.8565029117529481,182.2670273047588,0.38296850444773645,1.08253061853847,0.8915654402553901
G1020-356,4741,782,0.16494410461927864,3959,83.50558953807213,True,False,262.1076477383248,0.37116723469497825,1.0769293306436638,0.8672023249253628,103.25483399593904,0.22730105705111198,1.0268790338392957,0.9217132516356338
G1020-357,4123,1726,0.41862721319427604,2397,58.1372786805724,True,False,240.58073580374355,0.3020894289799543,1.0490101858748093,0.8951617181480824,156.88225099390857,0.5089201452839529,1.1616915016257023,0.8812579162006314
G1020-358,5158,950,0.18417991469561845,4208,81.58200853043816,True,False,271.1787155501902,0.4479176207018225,1.1184746111883124,0.8814141192431807,117.08326112068522,0.6689611544480975,1.3453565775437901,0.8708509874874808
G1020-359,5472,963,0.17598684210526316,4509,82.40131578947368,True,False,280.35028842544403,0.5379983060879746,1.1863157259054748,0.874890978422039,116.7401153701776,0.4244724759799152,1.1044343863912396,0.8879651366277852
G1020-36,5560,688,0.1237410071942446,4872,87.62589928057554,True,False,283.37972567696687,0.6361627598012097,1.2960840730357368,0.8700557960681431,99.49747468305833,0.6629080394567771,1.3356469785724883,0.873321568086288
G1020-360,5003,918,0.18348990605636617,4085,81.65100939436338,True,False,266.7645019878171,0.41114961213757606,1.0970110114575287,0.883454710602,112.91168824543142,0.22684083300992128,1.026765893637291,0.9048461508095301
G1020-361,5261,1421,0.27010074130393463,3840,72.98992586960654,True,False,273.27922061357856,0.30106364204862057,1.048653264850196,0.8852479811351311,141.88225099390857,0.20618150878497044,1.021958031927262,0.8870493906219549
G1020-362,3272,730,0.22310513447432762,2542,77.68948655256723,True,False,215.58073580374355,0.563185832977511,1.2101698733987922,0.884714732340352,100.66904755831214,0.29788311772850884,1.0475566073677471,0.9051922035435425
G1020-363,4009,584,0.14567223746570218,3425,85.4327762534298,True,False,239.27922061357853,0.5378131354246103,1.1861494658572518,0.8799053319811876,90.42640687119285,0.3707040041611594,1.076714781129481,0.8974952577297072
G1020-364,4849,1239,0.2555166013611054,3610,74.44833986388946,True,False,264.350288425444,0.4330275231377991,1.1094091556532741,0.8719718624421664,132.9827560572969,0.5701031228962372,1.2171770810013962,0.8804212405272206
G1020-365,3641,558,0.15325460038450975,3083,84.67453996154902,True,False,232.7228714274745,0.5408800955293183,1.1889196822225252,0.8447970903889425,88.66904755831214,0.368942778983421,1.0759026620433496,0.8918667557887773
G1020-366,3412,715,0.20955451348182885,2697,79.04454865181711,True,False,222.79393923933998,0.41386700748755884,1.0984938653609095,0.8637978958393704,99.18376618407356,0.40125204496029,1.0917415739563672,0.9133447051430913
G1020-367,5320,1002,0.18834586466165412,4318,81.16541353383458,True,False,274.69343417595167,0.40062518054129,1.0914146731786465,0.8859820814052257,119.1543289325507,0.3609909466753174,1.0723063461999773,0.8868658566640669
G1020-368,4282,1615,0.37716020551144325,2667,62.283979448855675,True,False,245.9655121145938,0.35914113258852326,1.0714860545108569,0.8894224613053813,153.36753236814712,0.42867706670987316,1.1068585767290011,0.8628107167622814
G1020-369,3914,738,0.1885539090444558,3176,81.14460909555442,True,False,236.06601717798213,0.26908438463674217,1.0382958774503281,0.8825996272314763,99.49747468305833,0.4466315828437668,1.1176706447393412,0.9367897053018613
G1020-37,5971,1006,0.16848099145871714,4965,83.15190085412829,True,False,292.0071426749364,0.17396989923122186,1.0154851630740658,0.8799742943934991,115.9827560572969,0.25033154912445527,1.0328869443225,0.9397687420077987
G1020-371,3200,691,0.2159375,2509,78.40625,True,False,214.99494936611666,0.16513791344701875,1.0139206386374247,0.8699680977092193,96.76955262170047,0.4237050260673597,1.1039961907760358,0.927279043597539
G1020-372,4759,1165,0.2447993275898298,3594,75.52006724101702,True,False,263.27922061357856,0.4974614048490745,1.1527562098226907,0.8627647673200395,128.9116882454314,0.7049111090247364,1.4098493213549226,0.8809498731030201
G1020-373,5693,806,0.14157737572457404,4887,85.8422624275426,True,False,308.86500705120545,0.567200310249996,1.2142113135147024,0.7499177492031311,113.59797974644665,0.2837098583847401,1.0428505506871537,0.7848807724709088
G1020-374,4626,1396,0.3017725897103329,3230,69.8227410289667,True,False,254.69343417595164,0.3707290014510045,1.0767263487456422,0.8961485241083024,137.9827560572969,0.48436965895225925,1.1430355386347615,0.921394576919022
G1020-375,3888,640,0.1646090534979424,3248,83.53909465020575,True,False,235.23759005323592,0.3610867727527338,1.072349006136464,0.8829226888841679,93.84062043356596,0.5638019498639616,1.2107856493354907,0.9132887269693059
G1020-377,4288,278,0.0648320895522388,4010,93.51679104477611,True,False,247.3086578651014,0.26021075499688184,1.035677168931918,0.8810204709859097,63.284271247461895,0.5178616833758194,1.1689557658863472,0.8722944178743356
G1020-379,4087,884,0.21629557132370933,3203,78.37044286762907,True,False,241.1370849898476,0.36733389878192957,1.0751657641011303,0.8832557808505945,109.84062043356595,0.4131448667329864,1.098098260283427,0.9207382267525689
G1020-380,3921,1042,0.26574853353736294,2879,73.42514664626371,True,False,238.55129855222071,0.5026448544021153,1.156747362669399,0.8658509471595478,124.5685424949238,0.6365170643338935,1.2965752208334933,0.8438413771648173
G1020-381,4158,618,0.14862914862914864,3540,85.13708513708514,True,False,250.1370849898476,0.6989450880646503,1.3982585067947835,0.8350994163770148,94.42640687119285,0.7181414206447817,1.436993874147172,0.8709864742415884
G1020-382,3976,530,0.13329979879275655,3446,86.67002012072435,True,False,256.06601717798213,0.5114853156625278,1.163748736495466,0.7619953947675467,94.84062043356595,0.5082734348263375,1.1611761936178915,0.7404520857523456
G1020-384,5691,321,0.05640484976278334,5370,94.35951502372166,True,False,289.1787155501902,0.5396192641061369,1.187776587005334,0.8551962756605095,66.5269119345812,0.29584609466228046,1.0468621352196792,0.9114233842422704
G1020-385,3599,501,0.13920533481522646,3098,86.07946651847736,True,False,232.5512985522207,0.7349567608719508,1.4746783588146541,0.8362847413388802,85.35533905932738,0.41435559609072714,1.0987621602552518,0.8641441737944839
G1020-386,5062,747,0.14757013038324773,4315,85.24298696167523,True,False,286.2081528017131,0.5733156354555408,1.220502592515044,0.7765474597917928,109.2193000900063,0.43698828741581514,1.1117692834809763,0.7869220009718895
G1020-388,4836,637,0.13172043010752688,4199,86.82795698924731,True,False,266.5218613006978,0.6067282713945763,1.2580051491550028,0.8555206191472898,93.01219330881975,0.5151056412141445,1.1666886599099615,0.9252722242577609
G1020-39,3749,475,0.12670045345425446,3274,87.32995465457455,True,False,230.06601717798213,0.46704971958021596,1.1309261236925081,0.8900621972143354,80.76955262170047,0.2692433140720277,1.0383437641055688,0.9149726635628946
G1020-390,4434,1125,0.25372124492557513,3309,74.62787550744248,True,False,249.5512985522207,0.22118816383435336,1.0253979273210831,0.8947174026383675,127.63961030678928,0.4579064492814783,1.1248589060185044,0.8677436560480244
G1020-391,5566,1102,0.1979877829680201,4464,80.20122170319799,True,False,280.350288425444,0.4916577016421892,1.148384411237631,0.8899201728613068,125.39696961966999,0.6423747304907886,1.3048175030123972,0.8806784631534345
G1020-392,4630,1133,0.2447084233261339,3497,75.5291576673866,True,False,258.651803615609,0.6681275880722967,1.3440016185047448,0.8696807008801076,127.39696961966999,0.6754176695332026,1.356050981134034,0.8772463677498786
G1020-393,2904,506,0.17424242424242425,2398,82.57575757575758,True,False,227.37972567696687,0.8625272912134537,1.9762433992175938,0.7058346910342421,88.91168824543142,0.6950249299292534,1.390848367467401,0.8043455575825871
G1020-394,4106,866,0.2109108621529469,3240,78.90891378470532,True,False,241.65180361560903,0.5229607366202372,1.1732176384800774,0.8835857988546085,112.32590180780451,0.49025104380684903,1.1473399347809983,0.8625175250083834
G1020-395,4306,1129,0.2621922898281468,3177,73.78077101718532,True,False,250.20815280171308,0.6370990193003768,1.2973837527263066,0.8643327643634977,126.08326112068525,0.7183302020187186,1.4373963811024937,0.8924603684551828
G1020-396,4860,540,0.1111111111111111,4320,88.88888888888889,True,False,266.5929291125633,0.4395182802356447,1.1132960843348174,0.8593080505255573,91.66904755831213,0.5997643236881446,1.2497239625265257,0.8075291079633891
G1020-397,5098,1706,0.3346410357002746,3392,66.53589642997254,True,False,270.9360748630709,0.4545814207615248,1.1227059340087362,0.8727222042472699,157.36753236814712,0.5786099101604285,1.2260845748498528,0.8656824660252933
G1020-398,3586,722,0.20133853876185165,2864,79.86614612381484,True,False,225.7228714274745,0.45956161097560333,1.1259411419393428,0.8844413048403733,101.84062043356595,0.36375207436638896,1.0735421440276998,0.8747923744921869
G1020-4,4404,723,0.16416893732970028,3681,83.58310626702998,True,False,270.75840533340727,0.5760677336527341,1.223388305160296,0.7549066987037092,109.97665940288702,0.6228000662110136,1.2781495978207418,0.7511853578680372
G1020-40,3403,738,0.21686746987951808,2665,78.3132530120482,True,False,220.06601717798213,0.488774632496695,1.1462499296335946,0.8830104556728688,102.08326112068524,0.37389276805939703,1.0781997360143083,0.8899326795846633
G1020-401,4998,1516,0.3033213285314126,3482,69.66786714685874,True,False,266.27922061357856,0.42288589517931746,1.103529934764465,0.8857916082248504,145.53910524340094,0.20629099360456418,1.0219821328382939,0.8993933333990101
G1020-402,4636,923,0.19909404659188956,3713,80.09059534081105,True,False,255.1370849898476,0.4908915917269997,1.1478148320614097,0.8949651264011527,113.49747468305833,0.45306584621291457,1.1217338626567688,0.9004076327688747
G1020-403,5093,1963,0.38543098370312195,3130,61.45690162968781,True,False,268.45079348883235,0.28240851885365575,1.0424330345823885,0.8880842258952348,165.29646455628165,0.5510513233278643,1.1983634864717378,0.9028238723126082
G1020-405,5024,858,0.17078025477707007,4166,82.921974522293,True,False,269.35028842544403,0.537349880619838,1.1857340774943175,0.8702110724259496,110.66904755831214,0.648699576631362,1.3139834651499862,0.8803285915311304
G1020-406,5100,961,0.18843137254901962,4139,81.15686274509804,True,False,267.03657992645924,0.5110444383792057,1.1633936431457916,0.8987492186779197,115.1543289325507,0.20334791142393444,1.0213393066035379,0.9106945007685515
G1020-408,3942,858,0.2176560121765601,3084,78.23439878234399,True,False,235.58073580374355,0.27263608312528254,1.0393743795290817,0.8925795576191285,109.7401153701776,0.39310240343536534,1.0875538507440496,0.8952953461794243
G1020-409,4313,605,0.14027359146765592,3708,85.97264085323441,True,False,247.6223663640862,0.37073395289622735,1.076728640187539,0.8839131258104134,90.76955262170047,0.48283989508758873,1.1419323111521453,0.9227516890251075
G1020-41,3633,920,0.253234241673548,2713,74.6765758326452,True,False,245.8944443027283,0.501693225100888,1.1560084093841418,0.7550536806180272,122.77564927611036,0.509962820882437,1.1625251506430485,0.7669608794891857
G1020-411,6169,2640,0.4279461825255309,3529,57.205381747446914,True,False,298.49242404917493,0.3815354466026955,1.0818363682224297,0.870077641073048,195.92388155425118,0.44902449161155095,1.1191698188540813,0.8642493038687623
G1020-412,5318,1392,0.2617525385483264,3926,73.82474614516735,True,False,274.66399692442883,0.4315647541723472,1.1085467220240293,0.8858388553598885,142.12489168102783,0.3783184327235706,1.0802921555484208,0.8659818821013096
G1020-413,4675,917,0.19614973262032084,3758,80.38502673796792,True,False,257.27922061357856,0.44077323000048135,1.1140590432790751,0.8875279859926907,113.1543289325507,0.5684362070647888,1.2154695116157361,0.8999882780117264
G1020-414,4023,875,0.2174993785732041,3148,78.25006214267958,True,False,239.7228714274745,0.5818314116484671,1.2295443512828974,0.8797128877825743,111.98275605729688,0.5687117884553878,1.2157509737149537,0.8768304296796978
G1020-416,5344,1038,0.1942365269461078,4306,80.57634730538922,True,False,274.5218613006978,0.46615553594364856,1.1303231072613338,0.8910917931074211,125.05382386916237,0.641149841191793,1.303074694942033,0.8340906742084598
G1020-417,3974,770,0.1937594363361852,3204,80.62405636638148,True,False,238.3086578651014,0.5148186675405976,1.1664540473359024,0.879342543508733,105.49747468305833,0.2912465586882772,1.0453165373128033,0.8693936449632192
G1020-418,5913,1721,0.29105361068831387,4192,70.8946389311686,True,False,292.90663761154804,0.43146146829249765,1.1084860118779298,0.8660826053218424,156.05382386916236,0.3188793285762655,1.0550801169915847,0.8880591730361023
G1020-419,4090,934,0.22836185819070903,3156,77.1638141809291,True,False,242.20815280171308,0.30322012319620323,1.049405440735826,0.8761039874233615,113.1543289325507,0.298972462595199,1.0479305195640158,0.9166729025768292
G1020-42,5432,1431,0.26343888070692195,4001,73.65611192930781,True,False,290.79393923934,0.5942860515670776,1.243388674573396,0.8072330301914943,151.36753236814712,0.5737263748300513,1.2209311020146991,0.7848452528322879
G1020-420,4362,469,0.10751948647409446,3893,89.24805135259055,True,False,253.6223663640862,0.4976353888930244,1.1528888368722179,0.8521585869965935,79.59797974644667,0.46987776539907083,1.132847315351808,0.9302048860657455
G1020-421,3936,1336,0.3394308943089431,2600,66.05691056910568,True,False,240.48023074035524,0.45399903956898374,1.122331718644121,0.8552758197536279,140.81118318204307,0.7082939911390075,1.4165959822992824,0.8467243059243068
G1020-422,8161,2798,0.34285014091410365,5363,65.71498590858963,True,False,340.97770542341357,0.2369776649341229,1.029320081281482,0.8820663898460915,200.50966799187808,0.5269354778637185,1.1766016891865259,0.8745546201145428
G1020-424,4495,351,0.07808676307007786,4144,92.19132369299221,True,False,256.2081528017131,0.5925617869863812,1.2414263960831171,0.8605055375516734,69.94112549695427,0.5702180122127557,1.2172952221935007,0.9016785679793786
G1020-425,4562,918,0.20122753178430514,3644,79.87724682156949,True,False,255.6223663640862,0.5376423227768391,1.1859962101930852,0.8773390158353844,112.32590180780451,0.5644562855339702,1.2114413922497484,0.9143084156555381
G1020-426,3987,1017,0.255079006772009,2970,74.4920993227991,True,False,247.82337649086284,0.6660784475718132,1.3406951904464988,0.8157771943975499,121.98275605729688,0.6310228147943586,1.2890513714660876,0.8588828559486718
G1020-427,6119,1536,0.25102140872691614,4583,74.89785912730838,True,False,294.73506473629425,0.5134852614075234,1.165367497365969,0.8851700337234948,146.71067811865476,0.622855534318504,1.278221740649819,0.8967628959169659
G1020-428,4307,1182,0.2744369630833527,3125,72.55630369166474,True,False,249.79393923933998,0.4190643621076889,1.1013743135640512,0.8674030443323055,129.39696961967,0.4221114896452419,1.103090507795489,0.8871133795331795
G1020-429,5316,309,0.05812641083521445,5007,94.18735891647856,True,False,274.69343417595167,0.4260116020154204,1.1053171625425007,0.8853159294643195,66.2842712474619,0.6032127535337515,1.2537922129289716,0.8837865170549632
G1020-43,4563,1997,0.4376506684198992,2566,56.23493315801008,True,False,264.8528137423857,0.7186302359184386,1.4380370078192364,0.8174310879984747,171.09545442950497,0.516195023281689,1.1675817574812524,0.85725689268521
G1020-431,4548,719,0.15809146877748462,3829,84.19085312225154,True,False,252.45079348883237,0.39584618806098665,1.088948792198101,0.8967612628064966,101.25483399593904,0.43777366944783136,1.1122416309248995,0.8812664209358803
G1020-432,4574,567,0.1239615216440752,4007,87.60384783559248,True,False,253.9655121145938,0.19244128614169245,1.0190475378453523,0.8911617450936686,89.35533905932738,0.3640873319245925,1.0736931287672156,0.8923842747992643
G1020-433,4975,1020,0.2050251256281407,3955,79.49748743718594,True,False,266.1076477383248,0.5196652112639876,1.1704531053964833,0.8828526745726821,123.63961030678928,0.6113572771897345,1.2636558363742234,0.8384840016765501
G1020-434,3740,684,0.18288770053475936,3056,81.71122994652407,True,False,233.06601717798213,0.5295196711638884,1.1788314982110888,0.8652140374283468,97.25483399593904,0.49588484740566846,1.1515585991096287,0.908748217399202
G1020-435,3498,591,0.16895368782161235,2907,83.10463121783876,True,False,221.40916292848976,0.44581320104234257,1.1171611358013644,0.8966820770476598,90.66904755831214,0.23203895626614593,1.0280593442477808,0.9033982346697392
G1020-436,4445,598,0.13453318335208098,3847,86.5466816647919,True,False,252.20815280171308,0.6097793995021511,1.2617163207645907,0.8781392449692388,94.42640687119285,0.7467919148081172,1.503628777467893,0.8427992097030257
G1020-437,5285,2057,0.3892147587511826,3228,61.07852412488174,True,False,273.86500705120545,0.5193233322925076,1.1701684255393663,0.8854861394268717,173.6812408671319,0.6195667962435306,1.2739763341642145,0.856916152478028
G1020-439,5343,1994,0.3731985775781396,3349,62.680142242186044,True,False,277.03657992645924,0.48256675910061225,1.141736034645602,0.8748242315756976,169.12489168102786,0.4860895586395759,1.1442839008882317,0.8760319688798783
G1020-44,5412,1663,0.307280118255728,3749,69.27198817442721,True,False,277.0365799264593,0.36641442805389984,1.0747467512146318,0.886121793241189,155.19595949289334,0.6014418837670428,1.2516951799785068,0.8676434502892669
G1020-440,6832,1648,0.24121779859484777,5184,75.87822014051523,True,False,312.6639969244288,0.4454770350994936,1.11695231750762,0.8782172655214349,153.29646455628165,0.5247873918401825,1.1747660212368807,0.8812574338871597
G1020-441,3752,1616,0.43070362473347545,2136,56.929637526652456,True,False,234.3086578651014,0.5882601792001858,1.236595724792014,0.8588078806534707,157.29646455628165,0.7583833746971452,1.5341923344124788,0.8207545474865434
G1020-443,4222,1289,0.3053055423969683,2933,69.46944576030317,True,False,245.6223663640862,0.3640615558091497,1.0736815131808906,0.8794117636757981,136.46803743153544,0.26063870351605645,1.0358009986375007,0.8697629215094863
G1020-444,4655,966,0.2075187969924812,3689,79.24812030075188,True,False,262.1076477383248,0.5895730411601311,1.2380603520999918,0.8514715930241644,116.22539674441617,0.6104114917730216,1.2624916096795382,0.8986382822606199
G1020-445,6128,1293,0.21099869451697129,4835,78.90013054830287,True,False,298.76450198781714,0.45089909853162663,1.1203541216509156,0.8627215183502163,136.12489168102783,0.6091455568773151,1.2609411217933837,0.8768661285464031
G1020-446,3135,445,0.1419457735247209,2690,85.8054226475279,True,False,210.40916292848976,0.461715552011265,1.1273600738052603,0.8898526783735073,79.59797974644667,0.6818552049542791,1.3670779767357673,0.8826037831540655
G1020-447,3303,829,0.2509839539812292,2474,74.90160460187708,True,False,214.99494936611666,0.33849131792081966,1.0627336851223887,0.8979701958542348,107.25483399593904,0.6013384607659543,1.251573223261087,0.9055879697332266
G1020-448,5635,1399,0.24826974267968058,4236,75.17302573203195,True,False,286.492424049175,0.34454645839485243,1.0652244746286164,0.8627351651891983,139.88225099390854,0.2302439887774094,1.0276088352453954,0.898467461968056
G1020-449,3485,879,0.2522238163558106,2606,74.77761836441894,True,False,223.4802307403552,0.509746366921733,1.1623518014604288,0.8768684095489441,110.42640687119285,0.6361236652395189,1.2960299298814646,0.9058428423502509
G1020-45,5912,1411,0.23866711772665763,4501,76.13328822733423,True,False,290.936074863071,0.5968719009300175,1.246359777998971,0.877706144730993,147.0538238691624,0.6335973862969317,1.292552534391354,0.8199440783014004
G1020-451,5245,890,0.16968541468064824,4355,83.03145853193517,True,False,272.69343417595167,0.4088528587624923,1.0957699450630343,0.8863515204376168,113.39696961966999,0.4215897274401533,1.1027951895302315,0.869755078166386
G1020-452,4402,966,0.2194457064970468,3436,78.05542935029533,True,False,250.37972567696687,0.289607884055575,1.044773368397189,0.8823920440441606,121.46803743153546,0.6125966139165803,1.2651890428544619,0.8227406608610995
G1020-454,2887,569,0.19709040526498095,2318,80.29095947350191,True,False,203.58073580374355,0.585966947865069,1.2340575910383618,0.8753531289926635,91.35533905932738,0.7112437853395749,1.4225855337575621,0.8567502953334789
G1020-457,4663,680,0.1458288655372078,3983,85.41711344627923,True,False,257.6223663640862,0.5373970266419725,1.1857763157888075,0.8828931540508824,99.25483399593904,0.7124524964379159,1.4250691310688484,0.867392059388634
G1020-459,6267,1642,0.2620073400351045,4625,73.79926599648955,True,False,297.6639969244288,0.33188818853646995,1.0600870797778903,0.8888263900300027,151.53910524340094,0.42387416260088,1.1040926507976478,0.898532064100828
G1020-46,4728,1344,0.28426395939086296,3384,71.57360406091371,True,False,261.1076477383247,0.3975389731243411,1.089816947423911,0.871461383480085,137.39696961967,0.2734817678700807,1.039633763684864,0.8946534157320741
G1020-460,7593,2828,0.37244830765178455,4765,62.75516923482155,True,False,328.32085117392114,0.5312905219780155,1.1803731850716508,0.8851692813342632,202.75230867899737,0.30115892799987526,1.0486863529784682,0.8644853799856921
G1020-461,4850,1046,0.2156701030927835,3804,78.43298969072164,True,False,262.6223663640862,0.4889929914324655,1.1464107370133079,0.8836660748568477,123.1543289325507,0.7124525024364073,1.4250691434370275,0.8666468929614931
G1020-462,4006,2121,0.5294558162755866,1885,47.05441837244134,True,False,236.65180361560903,0.4414513795513088,1.1144728916212148,0.8988788698563187,175.4386001800126,0.2461712118743292,1.0317507267518786,0.8659647732379075
G1020-464,4420,1667,0.3771493212669683,2753,62.28506787330317,True,False,249.96551211459376,0.25200200728716504,1.033349589325487,0.8889389739341432,155.46803743153546,0.4803820182073301,1.1401736854474178,0.8666888939233217
G1020-465,4435,888,0.20022547914317926,3547,79.97745208568207,True,False,258.6162697096763,0.2849774683198169,1.0432595766377606,0.8332816188005298,118.29036790187178,0.3174422483718665,1.0545435146502753,0.7974878309137865
G1020-466,3565,1637,0.4591865357643759,1928,54.081346423562415,True,False,222.6812408671319,0.24342298372766533,1.0310126234139019,0.9034458614826629,149.39696961967,0.3678265729644551,1.0753909154949683,0.9216689711944338
G1020-467,5019,1242,0.2474596533173939,3777,75.2540346682606,True,False,266.9360748630709,0.5280989509598815,1.1776026920699996,0.8851411254798282,132.22539674441617,0.5744938966441857,1.2217338654311278,0.8926921222379967
G1020-469,4255,1117,0.2625146886016451,3138,73.74853113983548,True,False,244.89444430272835,0.47642835260799593,1.137380430136923,0.8915620268471114,124.08326112068522,0.5256206767605404,1.1754762027830572,0.9116678490798571
G1020-47,3370,616,0.1827893175074184,2754,81.72106824925815,True,False,227.23759005323592,0.47916244246567424,1.1393073985421316,0.8201238001196722,97.42640687119285,0.5242853064835067,1.1743392741349654,0.8155248601382932
G1020-470,6905,3072,0.44489500362056483,3833,55.510499637943525,True,False,314.73506473629425,0.28716195269697903,1.0439698758207412,0.8759580052615255,209.92388155425118,0.551779202150398,1.1990548066798166,0.8760066022981237
G1020-472,5315,1810,0.3405456255879586,3505,65.94543744120413,True,False,273.69343417595167,0.3381829010838358,1.0626084620694483,0.8916293893606754,161.78174593052023,0.564667819913949,1.2116537724689114,0.8690192623574344
G1020-473,3626,846,0.23331494760066188,2780,76.66850523993382,True,False,240.99494936611666,0.46697499198092307,1.1308756479131294,0.7845520866650545,118.36143571373725,0.1387900546577354,1.0097727555743836,0.7588567091116674
G1020-475,4628,516,0.111495246326707,4112,88.8504753673293,True,False,258.1370849898476,0.4787980864447941,1.1390493990906971,0.8727752283518594,85.52691193458118,0.5871639899199803,1.2353792805702752,0.8864494657530027
G1020-476,3613,509,0.14088015499584833,3104,85.91198450041517,True,False,228.3086578651014,0.4666092613649678,1.1306288240218214,0.8710299003980357,83.698484809835,0.671218944343207,1.3490558582927563,0.9130455712540188
G1020-477,3115,419,0.13451043338683788,2696,86.54895666131621,True,False,213.58073580374355,0.4329497521684109,1.1093631784816886,0.8581115712919366,76.5269119345812,0.4948722049227735,1.1507933226402918,0.8990741467116394
G1020-478,5413,1029,0.1900979124330316,4384,80.99020875669683,True,False,276.69343417595167,0.516954643792249,1.1682068445036065,0.8884851712377568,119.49747468305833,0.40478415553358277,1.0935986316479587,0.9055403018804472
G1020-479,3218,890,0.27656929770043504,2328,72.3430702299565,True,False,214.55129855222071,0.39791959333513843,1.0900129479478478,0.878483500296919,113.9827560572969,0.48963959965122716,1.1468877416755956,0.8608382639909314
G1020-48,4510,828,0.1835920177383592,3682,81.64079822616408,True,False,257.27922061357856,0.5958005750949995,1.245124692188335,0.8562034688400075,110.32590180780451,0.7366697585563027,1.478737241056931,0.854840773601713
G1020-480,4900,969,0.19775510204081634,3931,80.22448979591836,True,False,263.1370849898476,0.3761916419342775,1.079282033093426,0.8892867579552627,115.1543289325507,0.3034248740874808,1.0494772209777459,0.9182757245002355
G1020-481,3108,519,0.166988416988417,2589,83.3011583011583,True,False,211.82337649086284,0.4787273365173845,1.138999344332646,0.8704485400836453,85.59797974644667,0.6626830289104699,1.335291769351746,0.89012334727305
G1020-482,3351,682,0.20352133691435392,2669,79.6478663085646,True,False,221.16652224137044,0.2915323924493148,1.0454116832264837,0.8608857400398741,97.76955262170048,0.42174947275922536,1.102885541659631,0.8965757389661982
G1020-485,3321,677,0.20385426076482988,2644,79.61457392351701,True,False,217.40916292848974,0.41419788851750455,1.0986755034238624,0.8829234503583746,98.32590180780451,0.5996179152526855,1.2495526272893542,0.8799594429944633
G1020-486,4285,1142,0.26651108518086347,3143,73.34889148191365,True,False,245.13708498984758,0.42498888686071123,1.1047299854915056,0.896071481013744,129.29646455628165,0.3994411960306826,1.090799433884489,0.8584256149929393
G1020-487,3687,351,0.0951993490642799,3336,90.48006509357201,True,False,226.89444430272832,0.43195631162343384,1.1087770972660917,0.8999850136278316,70.94112549695429,0.41443069671168975,1.0988034451947415,0.8764372585736978
G1020-49,4548,840,0.18469656992084432,3708,81.53034300791556,True,False,253.7228714274745,0.26169861158196506,1.0361087583406878,0.8877917083435342,111.39696961966999,0.4910975519139058,1.14796778656462,0.8506333323623343
G1020-490,4949,928,0.1875126288139018,4021,81.24873711860981,True,False,265.37972567696687,0.39933539964595344,1.0907445975868948,0.8830633005492544,113.1543289325507,0.47627856939386515,1.137275463906305,0.9107842115538518
G1020-492,4258,902,0.2118365429779239,3356,78.81634570220761,True,False,243.1370849898476,0.5092182593583763,1.1619294951743222,0.9051344817978484,113.49747468305833,0.6717590955963101,1.3499472618886137,0.8799216519583154
G1020-493,4716,1547,0.3280322307039864,3169,67.19677692960136,True,False,258.7228714274745,0.4743840170550804,1.1359531271728196,0.8853480095937486,147.29646455628165,0.4348608538404741,1.110497054135172,0.896015519300273
G1020-494,6239,2001,0.320724475076134,4238,67.9275524923866,True,False,297.27922061357856,0.45570240088270003,1.1234286405433411,0.8871473145110951,171.29646455628165,0.5913409286165637,1.2400460454477105,0.8569592159162045
G1020-495,6021,1307,0.21707357581797043,4714,78.29264241820295,True,False,296.90663761154804,0.5425723179659709,1.1904633007969618,0.8582991407360485,137.5685424949238,0.6720747181057386,1.3504692802717473,0.8678550191050173
G1020-496,3519,562,0.15970446149474282,2957,84.02955385052572,True,False,223.23759005323592,0.6233167460582727,1.2788223236646585,0.887349032082944,91.35533905932738,0.781387920401425,1.6024469863249147,0.8462103092748948
G1020-497,4514,1093,0.24213557820115197,3421,75.7864421798848,True,False,254.45079348883237,0.3744929038495645,1.078481323121861,0.8761204139834516,124.32590180780451,0.35457338613213646,1.0694864732212694,0.888600983870079
G1020-498,5014,927,0.1848823294774631,4087,81.51176705225369,True,False,270.9360748630709,0.5514304511469733,1.1987233089975846,0.8583423170058476,114.32590180780451,0.665492517040796,1.339756085544778,0.8912516083059754
G1020-502,3374,617,0.1828689982216953,2757,81.71310017783047,True,False,217.8233764908628,0.5760140955471952,1.223331734713151,0.8936057831018678,91.59797974644665,0.511480485343004,1.1637448426163302,0.9241090806473602
G1020-503,3971,710,0.17879627297909848,3261,82.12037270209015,True,False,241.76450198781714,0.5637801573399628,1.2107638413387203,0.8537381381217808,101.32590180780451,0.47010267927622373,1.1330010272902016,0.8690149690621604
G1020-504,3703,1606,0.4337024034566568,2097,56.62975965433432,True,False,231.4802307403552,0.5356564707075229,1.184222379090808,0.8684318898324151,153.53910524340094,0.4659246947382128,1.1301677774110037,0.8560859985762643
G1020-505,4672,1160,0.2482876712328767,3512,75.17123287671232,True,False,260.2081528017131,0.4467775851043407,1.1177617145850445,0.867103419195617,128.25483399593904,0.5182207445057984,1.169252995827401,0.8861767824428987
G1020-506,5272,1143,0.21680576631259485,4129,78.31942336874052,True,False,295.072113832392,0.35205004947084595,1.0683975545250475,0.7609023577902259,131.3259018078045,0.2985154631777941,1.0477734418417097,0.8328279865704682
G1020-509,3656,1060,0.2899343544857768,2596,71.00656455142233,True,False,226.06601717798213,0.3934795785628357,1.0877447145899646,0.8989705923999479,123.32590180780451,0.5588596822478585,1.2058911607811529,0.8758044136977045
G1020-510,3662,1726,0.4713271436373566,1936,52.86728563626434,True,False,227.7228714274745,0.28204029082354165,1.0423153329874022,0.8873907580463546,154.95331880577402,0.38660197352630443,1.0843086087590068,0.9033351104281164
G1020-511,4880,677,0.1387295081967213,4203,86.12704918032786,True,False,269.7645019878171,0.5029821093996074,1.157009922756186,0.842674951068319,95.94112549695427,0.5270222943365765,1.1766762181391093,0.9242488414713369
G1020-513,4115,986,0.2396111786148238,3129,76.03888213851762,True,False,240.3086578651014,0.41108734041591277,1.0969772150328234,0.8954490247307877,118.39696961966999,0.627040748628927,1.2837193657649724,0.8839050303770404
G1020-515,4632,716,0.15457685664939552,3916,84.54231433506045,True,False,262.45079348883235,0.48640057872998504,1.1445105604471093,0.8450504443540924,102.42640687119285,0.6392526744467057,1.3003955944912307,0.8576281165957675
G1020-518,4533,1047,0.23097286565188616,3486,76.90271343481139,True,False,255.37972567696687,0.4353916874656066,1.1108135088498352,0.8734192326549881,121.49747468305833,0.5434436397613455,1.1912623433389145,0.891296175938357
G1020-519,3066,747,0.2436399217221135,2319,75.63600782778866,True,False,207.92388155425118,0.47562071779406834,1.1368151837679705,0.89119607774367,101.84062043356595,0.3745164679793083,1.0784923932649277,0.9050829691768194
G1020-52,5658,1297,0.22923294450335807,4361,77.0767055496642,True,False,283.1076477383248,0.434451954550171,1.1102537374344446,0.8870939236085901,138.12489168102783,0.5075736915542866,1.1606201364843372,0.8542912127037625
G1020-520,5913,1059,0.17909690512430237,4854,82.09030948756975,True,False,293.32085117392114,0.347729662456209,1.066558772039416,0.86363825225299,126.46803743153546,0.755337646098754,1.5259352007172025,0.8320401160962296
G1020-521,3663,280,0.07644007644007644,3383,92.35599235599236,True,False,231.06601717798213,0.5321649929336869,1.1811386318733954,0.8621337077618777,62.2842712474619,0.5652204373276982,1.2122095031686806,0.9070080061656386
G1020-522,6021,1038,0.17239661185849528,4983,82.76033881415047,True,False,290.9360748630709,0.29555300253211764,1.0467627180430523,0.8938884806199783,124.5685424949238,0.565958237025181,1.2129535022879385,0.8406020628570829
G1020-523,5255,1471,0.27992388201712654,3784,72.00761179828734,True,False,271.7228714274745,0.4783399020438834,1.1387254869297279,0.894396711416188,143.39696961967,0.4467701438716383,1.1177570718101189,0.89896459890005
G1020-524,4372,832,0.19030192131747484,3540,80.96980786825252,True,False,248.99494936611666,0.6141989865518039,1.2671842978473358,0.8861534680160923,109.32590180780451,0.585822126101543,1.2338981590745743,0.8747562485830851
G1020-527,3510,1086,0.3094017094017094,2424,69.05982905982906,True,False,237.23759005323592,0.7971002453102745,1.6560486359324489,0.7837002280915709,125.98275605729688,0.6531685179766337,1.3206331089353858,0.859839672592705
G1020-528,3310,261,0.07885196374622357,3049,92.11480362537763,True,False,217.8233764908628,0.6890509316057125,1.3798567336554108,0.8766553473820932,59.4558441227157,0.5414265852439519,1.1894169980862836,0.9278147503101293
G1020-529,6342,1042,0.1643014821822769,5300,83.56985178177231,True,False,305.1787155501902,0.6245798424757748,1.2804737391101368,0.8557119956034204,122.22539674441617,0.657794091162102,1.327672482855157,0.8765055526019285
G1020-53,4216,996,0.23624288425047438,3220,76.37571157495256,True,False,245.48023074035524,0.29727706724616454,1.0473493469956021,0.8791792318977688,117.7401153701776,0.3720048071267394,1.077318267033246,0.9028597417408974
G1020-530,3091,562,0.18181818181818182,2529,81.81818181818183,True,False,208.99494936611666,0.5305364206674557,1.1797153027056382,0.8892774652074553,89.59797974644667,0.4626582391431197,1.1279848638093555,0.8797306942172336
G1020-531,4711,1086,0.23052430481850988,3625,76.94756951814902,True,False,258.7228714274745,0.20820217018053463,1.0224051789394668,0.8844093454614397,125.1543289325507,0.4129577312920084,1.0979959255801075,0.8712603242922268
G1020-535,5477,950,0.17345262004747125,4527,82.65473799525289,True,False,278.45079348883235,0.3183390948468944,1.0548780145586731,0.8876784675623058,117.39696961966999,0.32193978444383764,1.056233728880505,0.86620302522753
G1020-536,5987,954,0.1593452480374144,5033,84.06547519625856,True,False,296.492424049175,0.46819215070311326,1.1316996446237422,0.8558386994718595,113.84062043356593,0.3405166448571589,1.0635599506044533,0.9250468545234458
G1020-537,4679,1069,0.2284676212865997,3610,77.15323787134002,True,False,260.5512985522207,0.5983293268340141,1.248049480563363,0.8661167254337349,123.1543289325507,0.3637664090907423,1.073548595585486,0.885703182194872
G1020-538,4842,575,0.1187525815778604,4267,88.12474184221396,True,False,278.7228714274745,0.5344397675309016,1.1831427289565362,0.7832302169270245,94.59797974644665,0.5065225206357724,1.1597877492683892,0.8074469259675796
G1020-539,5688,1371,0.2410337552742616,4317,75.89662447257383,True,False,286.0071426749364,0.4679925710363747,1.1315642618370607,0.8738073496722792,138.8111831820431,0.5188025923137423,1.1697355679254333,0.8941253473492194
G1020-540,3143,536,0.17053770283168948,2607,82.94622971683106,True,False,210.40916292848976,0.4529650359689952,1.1216694086783119,0.892123434809548,85.11269837220809,0.5419008529432593,1.1898495044977124,0.9297922778023948
G1020-541,5781,1422,0.2459782044628957,4359,75.40217955371044,True,False,283.93607486307087,0.3819516312685054,1.0820375847514918,0.9010972923459601,142.61017305526642,0.3661803638827867,1.074640331354024,0.8786348936809623
G1020-542,5152,1647,0.31968167701863354,3505,68.03183229813664,True,False,267.62236636408613,0.37362041382087013,1.0780721674757265,0.9039427073436991,153.63961030678928,0.5211556839419758,1.1716988384591156,0.8767929907096395
G1020-543,3821,671,0.1756084794556399,3150,82.43915205443602,True,False,234.3086578651014,0.20353417767137957,1.0213796812407052,0.8746015223819061,97.84062043356595,0.2458181324737076,1.0316553456784228,0.8808338340990148
G1020-544,3906,333,0.08525345622119816,3573,91.47465437788019,True,False,259.58073580374355,0.5038228563396561,1.1576660093739244,0.7284457011306742,71.17766952966369,0.6926494130953411,1.3864348585516146,0.8259743649609902
G1020-545,4077,942,0.23105224429727741,3135,76.89477557027226,True,False,238.89444430272832,0.4754206029002233,1.1366754059372295,0.8977149868104345,116.32590180780451,0.4550069099954836,1.1229798771587245,0.8747982603342789
G1020-546,4324,1295,0.29949121184088806,3029,70.05087881591119,True,False,248.5512985522207,0.4848315816447094,1.143369982349433,0.8795559612490029,133.39696961967,0.3728250602731056,1.0777004207608816,0.9145084123372693
G1020-547,6199,2370,0.38231972898854655,3829,61.76802710114535,True,False,296.8355697996826,0.33762138804547975,1.0623808836551825,0.8840963914113601,184.75230867899734,0.39591922591437284,1.088986130902217,0.872526170190706
G1020-549,5705,1792,0.3141104294478528,3913,68.58895705521473,True,False,283.86500705120545,0.44208774321616345,1.114862238976767,0.8896963213215039,156.71067811865476,0.38039522355755256,1.0812867906868675,0.9169606301270983
G1020-55,4212,751,0.17830009496676164,3461,82.16999050332385,True,False,255.4386001800126,0.7511911427716237,1.51495699856775,0.8111948323919104,101.25483399593904,0.5228266391220803,1.1731044227014358,0.9204882922431794
G1020-550,4638,1536,0.3311772315653299,3102,66.88227684346701,True,False,256.651803615609,0.46822407875615585,1.1317213125517416,0.8848139622323308,144.81118318204307,0.42502827039375,1.104752553545072,0.9204429502887855
G1020-551,4584,2025,0.44175392670157065,2559,55.824607329842934,True,False,254.20815280171308,0.388244460572111,1.0851207546091632,0.8914059390347532,168.71067811865476,0.4605624751323161,1.1265989801335512,0.8940251773895732
G1020-552,5783,2484,0.42953484350683035,3299,57.046515649316966,True,False,287.5218613006979,0.41645555531433703,1.099921153745143,0.8790656577025974,183.6812408671319,0.3941083298679625,1.088063515669809,0.9251919519485623
G1020-553,3737,918,0.24565159218624566,2819,75.43484078137543,True,False,232.40916292848974,0.6558918492491188,1.3247579545610175,0.869413678964574,113.84062043356595,0.7432717379516423,1.4947914837771956,0.8901394260508626
G1020-554,4031,859,0.21309848672785908,3172,78.69015132721408,True,False,243.48023074035524,0.4660363237551515,1.130242873427249,0.8544669177404245,108.5685424949238,0.44498896201065835,1.1166496264847823,0.9157881354632765
G1020-556,4732,1408,0.2975486052409129,3324,70.2451394759087,True,False,259.27922061357856,0.3943639649161826,1.0881933583035461,0.8845434580747121,139.9827560572969,0.4968402448579028,1.1522834540674285,0.9029494525988423
G1020-56,4606,1150,0.2496743378202345,3456,75.03256621797655,True,False,257.37972567696687,0.42186734630664735,1.1029522472631073,0.8737458587073067,127.39696961966999,0.4050414515444607,1.0937349171362423,0.8904089346093207
G1020-561,4606,1471,0.31936604429005644,3135,68.06339557099436,True,False,255.7228714274745,0.4306997753547554,1.1080390542554115,0.8851047123700256,144.36753236814712,0.3259259188003206,1.057758577375159,0.8869180024857993
G1020-562,4742,1239,0.26128215942640237,3503,73.87178405735978,True,False,277.82337649086287,0.3818617776221324,1.081994114329563,0.7720294073692223,134.91168824543144,0.32653460382210464,1.0579936604095972,0.8554251536756977
G1020-563,5314,1070,0.20135491155438465,4244,79.86450884456153,True,False,292.6579002700189,0.6376290508834509,1.2981221078392537,0.7796701536220837,136.22539674441617,0.6774947435628255,1.3595682603761203,0.7245652121924205
G1020-566,4762,1099,0.23078538429231416,3663,76.92146157076859,True,False,280.3797256769669,0.4768042621269404,1.137644136430216,0.7612127292665857,136.5685424949238,0.40514401982564846,1.093789284233374,0.7404678510168241
G1020-567,4045,1013,0.25043263288009887,3032,74.95673671199012,True,False,239.96551211459376,0.48287172511476967,1.1419551981385674,0.8827357822323805,118.91168824543144,0.43025392515027283,1.1077780482483408,0.9002646954637553
G1020-568,5469,1960,0.35838361674894864,3509,64.16163832510514,True,False,296.76450198781714,0.2819823223693743,1.0422968213834682,0.780357997819203,179.8528137423857,0.5783483095684226,1.2258057448352382,0.7614325918990932
G1020-569,5040,1248,0.24761904761904763,3792,75.23809523809524,True,False,267.17871555019025,0.39429504689026534,1.0881583404636566,0.8872309538349059,135.74011537017762,0.694473065956582,1.389817942220835,0.8511537588566817
G1020-57,5154,1594,0.3092743500194024,3560,69.07256499805976,True,False,274.8355697996826,0.25752031129427905,1.0349043370628097,0.8574492001634842,149.39696961967,0.21112970177797932,1.0230618030301275,0.8974589737837065
G1020-570,3908,484,0.12384851586489252,3424,87.61514841351075,True,False,255.89444430272835,0.3341544985634833,1.0609873418747997,0.7499679513621211,93.56244584051392,0.6483854820455675,1.3135215740752284,0.6947876546667379
G1020-571,3015,1023,0.33930348258706466,1992,66.06965174129354,True,False,221.4386001800126,0.41764085538687945,1.1005795525589872,0.7726637289513288,128.49747468305833,0.15515785880800567,1.0122587678675357,0.7785675743102813
G1020-577,2949,471,0.15971515768056968,2478,84.02848423194304,True,False,205.58073580374355,0.41629818240998645,1.099833967177906,0.8768388914106057,80.94112549695429,0.2739444347983203,1.0397760929955846,0.9034253925788783
G1020-578,4814,2101,0.4364353967594516,2713,56.35646032405484,True,False,265.03657992645924,0.44873624590734607,1.1189884862634134,0.8612005778375822,176.19595949289334,0.5206541884622891,1.171278847503339,0.8504406807304625
G1020-581,3333,361,0.10831083108310831,2972,89.16891689168916,True,False,219.7228714274745,0.5641575677600228,1.2111418055371754,0.8675502631121969,73.59797974644667,0.6541561750006383,1.3221226086546107,0.837500894503472
G1020-582,3897,683,0.17526302283808057,3214,82.47369771619194,True,False,235.23759005323592,0.4081443004224872,1.0953893194687472,0.884966491404733,96.42640687119285,0.4092401542901143,1.0959784408391737,0.9230784236379693
G1020-583,4988,748,0.14995990376904572,4240,85.00400962309543,True,False,270.37972567696687,0.5801815279132518,1.2277663826240761,0.8574090489466855,105.08326112068522,0.6791948898540375,1.3624758378480384,0.8512250148997857
G1020-584,6581,1013,0.15392797447196474,5568,84.60720255280353,True,False,307.4213562373095,0.2881480711530184,1.044292774588418,0.8750516467582264,117.98275605729688,0.4480289163692462,1.118544378081225,0.9144968952875726
G1020-585,5405,1071,0.19814986123959297,4334,80.1850138760407,True,False,279.1076477383247,0.5311385319927848,1.1802404243373321,0.8718907879045433,127.05382386916237,0.6077621183421853,1.2592568928608323,0.8337269770032524
G1020-586,5374,760,0.14142165984369184,4614,85.85783401563081,True,False,282.0782104868019,0.5627204360278634,1.2097058018781852,0.84872783686248,102.91168824543142,0.6875537563058799,1.3771572668158787,0.9017664028802741
G1020-587,3177,468,0.14730878186968838,2709,85.26912181303116,True,False,211.92388155425118,0.3700437153377199,1.0764096463908688,0.8889294187401617,81.42640687119285,0.49875132764677815,1.1537417058200832,0.8870031766070384
G1020-588,3482,372,0.10683515221137277,3110,89.31648477886273,True,False,227.23759005323592,0.7349516156417856,1.4746662318631736,0.8473801400643023,71.4558441227157,0.6672872050396453,1.3426414173020644,0.9155399420195404
G1020-589,4955,1296,0.2615539858728557,3659,73.84460141271443,True,False,261.27922061357856,0.266668889314338,1.037572357856949,0.9121027791761492,133.98275605729688,0.4731974982107199,1.1351299937955857,0.9072292656817333
G1020-59,4911,1041,0.2119731215638363,3870,78.80268784361637,True,False,285.2731239591687,0.39151546797088477,1.0867539052313644,0.7583297291225614,128.3259018078045,0.40455121667289307,1.0934753663257528,0.7936235625024786
G1020-590,4510,815,0.18070953436807094,3695,81.92904656319291,True,False,264.1076477383248,0.7023282960690611,1.404784039217594,0.8125020239422542,108.91168824543142,0.5778313637538927,1.2252556812279904,0.863412819476019
G1020-595,6128,2744,0.44778067885117495,3384,55.22193211488251,True,False,293.1787155501902,0.29817862555096813,1.047657864518114,0.8959086815427028,196.50966799187808,0.37217603501414737,1.0773979385773271,0.8929479144094514
G1020-596,5344,1097,0.20527694610778444,4247,79.47230538922156,True,False,276.27922061357856,0.4843540045226974,1.1430242151550434,0.8797917174466107,126.32590180780451,0.611353005100246,1.2636505662892716,0.8638367518547173
G1020-597,3670,463,0.12615803814713897,3207,87.3841961852861,True,False,226.75230867899737,0.5285372843183248,1.1779810524594427,0.8969587962143205,80.5269119345812,0.542010316271031,1.1899494499787067,0.8972402858914
G1020-598,4561,1079,0.23657092742819558,3482,76.34290725718044,True,False,253.03657992645927,0.47117174140868173,1.1337335163104427,0.8951654636120615,122.81118318204308,0.4758498483550536,1.1369753643103275,0.8989912771257095
G1020-599,3704,622,0.16792656587473,3082,83.207343412527,True,False,228.40916292848976,0.5136417983043485,1.165494751157083,0.892182699756544,95.01219330881975,0.3437721064873981,1.0649024980151878,0.8658478070865847
G1020-6,4855,2113,0.43522142121524204,2742,56.4778578784758,True,False,264.1370849898476,0.5620818368393055,1.209070512452641,0.8744607820154533,172.8528137423857,0.6278345653679132,1.2847743262908742,0.888702606836792
G1020-60,4924,1478,0.3001624695369618,3446,69.98375304630382,True,False,264.45079348883235,0.32324305629084366,1.0567294913016818,0.884785831300301,144.81118318204307,0.5169058191586998,1.1681666091589422,0.8856866409679851
G1020-600,5482,1798,0.3279824881430135,3684,67.20175118569865,True,False,278.9360748630709,0.3897785715359259,1.0858840831678465,0.8854000142439874,161.53910524340097,0.27067668567966563,1.0387772286473795,0.8658530784663598
G1020-601,4245,555,0.13074204946996468,3690,86.92579505300353,True,False,245.96551211459376,0.45574257017877595,1.1234545970477046,0.8817371200937283,88.42640687119285,0.6250390089366729,1.2810764878672782,0.89194667473159
G1020-602,5141,1641,0.3191985994942618,3500,68.08014005057382,True,False,272.5929291125633,0.2790549586891631,1.0413682143708707,0.8694173351256727,153.63961030678928,0.6984095729843588,1.3972367805530315,0.8735988450239941
G1020-605,4873,493,0.1011697106505233,4380,89.88302893494767,True,False,265.03657992645924,0.31288472965621217,1.0528630908183372,0.8717553834238758,83.5269119345812,0.6284880520635738,1.2856457515831687,0.8879815297094513
G1020-607,5350,1185,0.22149532710280373,4165,77.85046728971963,True,False,278.03657992645924,0.4705308393772878,1.1332940194480035,0.8696805765444003,129.1543289325507,0.3736936434267086,1.078106454048214,0.8927097537757058
G1020-609,5032,1103,0.21919713831478538,3929,78.08028616852147,True,False,267.69343417595167,0.47222876483860077,1.134460795930969,0.8824194214309793,124.22539674441617,0.32036314316270886,1.055637579505441,0.8981825050949891
G1020-61,3867,1360,0.3516938194983191,2507,64.83061805016808,True,False,233.7228714274745,0.4475597116674139,1.118250457916421,0.8895730342520377,137.74011537017762,0.6181537472269353,1.2721720267852037,0.9007989837864616
G1020-610,5072,1947,0.38387223974763407,3125,61.61277602523659,True,False,270.96551211459376,0.5037675228074942,1.1576227611856373,0.8680826418610049,167.29646455628165,0.47999749973346006,1.139900103894386,0.8741828641643518
G1020-611,2926,485,0.1657552973342447,2441,83.42447026657554,True,False,217.6812408671319,0.2914210933981285,1.0453746207596357,0.7759650789183207,86.59797974644667,0.46857939587924474,1.1319626318251663,0.8127108948554652
G1020-612,3513,478,0.13606604042129233,3035,86.39339595787077,True,False,224.89444430272832,0.27758629368881604,1.0409069048286872,0.8728317987011964,82.18376618407356,0.4401834812047892,1.113700033489348,0.8893356085312139
G1020-613,5249,1057,0.2013716898456849,4192,79.86283101543151,True,False,276.208152801713,0.5703533727841736,1.2174344887802266,0.8645964537614517,122.81118318204308,0.5998319823282962,1.249803178355544,0.8806615198534522
G1020-614,5304,2025,0.38178733031674206,3279,61.821266968325794,True,False,276.1076477383248,0.3732728653650493,1.0779095792221736,0.8742920056152615,170.8528137423857,0.3963643022859272,1.0892138966695621,0.8717473193067408
G1020-616,4243,686,0.16167805797784587,3557,83.83219420221542,True,False,248.37972567696687,0.25755835159832735,1.034915196191999,0.8642723309626879,97.59797974644667,0.27749794675422773,1.0408792520518613,0.905007803130205
G1020-617,5765,1922,0.33339115351257587,3843,66.66088464874241,True,False,291.5218613006978,0.6069092260433652,1.258223819160323,0.8524460825876791,166.12489168102783,0.6278931435246858,1.2848523310828588,0.8751728287993019
G1020-618,3603,453,0.1257285595337219,3150,87.42714404662782,True,False,224.06601717798213,0.3192262536288922,1.0552101443695607,0.9018247229657372,77.35533905932738,0.36158322699973966,1.0725702810235789,0.9513218635791861
G1020-619,6230,1356,0.2176565008025682,4874,78.23434991974317,True,False,299.4213562373095,0.4627640428842482,1.1280551324216899,0.8732374732546808,141.39696961966996,0.6891551166319112,1.3800453939524338,0.8522938404333043
G1020-621,4286,1292,0.3014465702286514,2994,69.85534297713485,True,False,244.4091629284897,0.3939087685334068,1.0879622448902382,0.9016273216184932,134.5685424949238,0.5367451591747949,1.1851930333993936,0.8965722245218777
G1020-622,6058,2235,0.3689336414658303,3823,63.10663585341697,True,False,294.73506473629425,0.43116635001304887,1.1083126800363943,0.8763458186463362,177.53910524340094,0.3476252729797758,1.066514740816596,0.891044385171351
G1020-623,5351,1894,0.35395253223696505,3457,64.60474677630349,True,False,277.1787155501902,0.4534561478744474,1.1219836458899877,0.8752357713089632,165.29646455628165,0.5509320839606099,1.1982504368879598,0.8710893602445643
G1020-624,4658,1123,0.24109059682267067,3535,75.89094031773294,True,False,258.69343417595167,0.5103559428327278,1.1628403728868901,0.8746585300300007,127.98275605729688,0.6600524004323215,1.3311687448576912,0.8615623331910983
G1020-625,4643,1060,0.22830066767176393,3583,77.16993323282361,True,False,258.3086578651014,0.3246484254412208,1.057267123796609,0.8744412208397895,121.7401153701776,0.32224609727839465,1.0563500070556102,0.8987694694168695
G1020-626,4338,742,0.1710465652374366,3596,82.89534347625634,True,False,247.20815280171308,0.0721271583338535,1.0026113567621118,0.8920184409525774,101.01219330881975,0.4011561995838255,1.0916915398388518,0.913831589900051
G1020-628,4174,1472,0.3526593195975084,2702,64.73406804024916,True,False,278.3797256769669,0.8455920113212673,1.8732565776382215,0.6768416938914402,160.63961030678928,0.7791718457216076,1.595378848783876,0.7168237568206846
G1020-629,5537,2489,0.4495214014809464,3048,55.047859851905365,True,False,282.1076477383247,0.1950087606375067,1.0195742966814079,0.8742883030411938,185.4386001800126,0.34958907545144974,1.067346202705285,0.9095665492007857
G1020-63,4148,434,0.10462873674059787,3714,89.5371263259402,True,False,243.1370849898476,0.32954892936149055,1.059166639489865,0.8817514867302666,78.5269119345812,0.403449590413054,1.0928939374530697,0.884428146134022
G1020-631,3686,557,0.15111231687466087,3129,84.88876831253391,True,False,228.06601717798213,0.5094717293055626,1.1621320727689801,0.8905207393743563,89.25483399593904,0.655412141530363,1.3240273198501131,0.8786209734093556
G1020-632,5064,1473,0.2908767772511848,3591,70.91232227488152,True,False,267.76450198781714,0.3661434568862903,1.0746235602709882,0.8875596667354829,144.53910524340097,0.5342012037469556,1.1829316710937878,0.8860166577405337
G1020-634,5719,934,0.16331526490645218,4785,83.66847350935478,True,False,285.0071426749364,0.2803458355320193,1.041776201073934,0.8847457237457907,112.08326112068522,0.44176817506637284,1.11466659600374,0.9342760658190706
G1020-635,6108,1209,0.19793713163064833,4899,80.20628683693516,True,False,293.1787155501902,0.3871823596217129,1.0845949854582482,0.8929846975951091,129.0538238691624,0.6017130549116224,1.2520152148576993,0.9122091211460188
G1020-636,5929,1043,0.17591499409681227,4886,82.40850059031877,True,False,296.24978336205567,0.6385175260955217,1.2993640043220025,0.8489365489465346,121.7401153701776,0.5959042158411723,1.2452439179574402,0.884355242077165
G1020-637,4552,1251,0.2748242530755712,3301,72.51757469244289,True,False,255.45079348883237,0.308162952962422,1.0511559912279218,0.8765922068417508,132.22539674441617,0.4464250911712991,1.1175419330250986,0.8991609057324748
G1020-638,4491,1935,0.4308617234468938,2556,56.91382765531062,True,False,269.4802307403552,0.7766031603837922,1.587326520637886,0.777139704727046,170.95331880577402,0.6248632741526763,1.2808456475929084,0.8320238213375202
G1020-639,5312,411,0.07737198795180723,4901,92.26280120481928,True,False,276.76450198781714,0.30649401196434556,1.0505607728893895,0.8714593974435585,78.18376618407356,0.38419422910424944,1.0831275577394648,0.8449256839947105
G1020-640,2615,574,0.21950286806883365,2041,78.04971319311663,True,False,203.4386001800126,0.6624825486591213,1.3349756245774262,0.7939896467243276,98.76955262170046,0.5642574922820737,1.2112419783389345,0.7393934230222531
G1020-641,5317,1530,0.2877562535264247,3787,71.22437464735754,True,False,274.35028842544403,0.38456897304704796,1.0833106399439634,0.8876989008179017,146.63961030678928,0.5209071410794553,1.1714905825164,0.8941259493987105
G1020-643,5142,666,0.1295215869311552,4476,87.04784130688448,True,False,272.5218613006978,0.3073342553796819,1.050859910492349,0.8700400474082832,97.7401153701776,0.3512798545825079,1.0680673925704998,0.876069172668686
G1020-646,4277,1360,0.31797989244797753,2917,68.20201075520225,True,False,248.5512985522207,0.5873265223896499,1.2355592735212664,0.8699955703658615,137.22539674441617,0.4767266927148486,1.1375896882436862,0.9075692696558805
G1020-648,3759,502,0.1335461558925246,3257,86.64538441074754,True,False,233.96551211459376,0.4490632351284647,1.1191942076282362,0.8629358277145059,84.01219330881975,0.228693565399911,1.0272229903649173,0.8937765073562255
G1020-649,5403,778,0.14399407736442718,4625,85.60059226355729,True,False,280.5929291125633,0.6333539222973282,1.292219613172913,0.8623655247670168,104.18376618407356,0.6033499909240809,1.253955425597799,0.9007190648982689
G1020-650,4396,746,0.1696997270245678,3650,83.03002729754321,True,False,251.0365799264593,0.2799992578540692,1.0416664317937612,0.8765839784810514,103.84062043356595,0.5736963625316106,1.2208997655886311,0.8693890038336574
G1020-651,4731,1268,0.26801944620587614,3463,73.19805537941238,True,False,260.37972567696687,0.27469489465392977,1.0400075918840141,0.8768967931452497,134.0538238691624,0.31344450487637593,1.053067748794642,0.8866877411257634
G1020-652,3849,665,0.17277214861002857,3184,82.72278513899714,True,False,235.79393923933998,0.36150627835549826,1.0725359553186915,0.8699464078963447,98.42640687119285,0.25307146746375475,1.0336477284122803,0.8625976030608559
G1020-653,3895,714,0.18331193838254173,3181,81.66880616174583,True,False,236.89444430272832,0.5573449504160684,1.204411459732505,0.8721829141006384,99.25483399593904,0.383203536952037,1.0826448573144107,0.9107616623580655
G1020-654,4299,858,0.19958129797627355,3441,80.04187020237265,True,False,249.79393923933998,0.3054583421024962,1.0501935373286961,0.8657918940293896,109.49747468305833,0.3095969368889031,1.0516708101090253,0.89926759794864
G1020-655,3385,580,0.17134416543574593,2805,82.86558345642541,True,False,223.03657992645927,0.4155454780059822,1.0994177011731774,0.8550988909625725,91.84062043356593,0.48168141689430455,1.1411012815405601,0.8641084253303803
G1020-656,3820,1199,0.3138743455497382,2621,68.61256544502618,True,False,231.23759005323592,0.4724635111568575,1.1346227234311796,0.8977519515401333,126.08326112068524,0.37895006724877595,1.0805937971873079,0.9477944922743706
G1020-657,4179,585,0.1399856424982053,3594,86.00143575017947,True,False,242.5512985522207,0.39325898792429703,1.0876330535700192,0.8926372930260232,90.66904755831214,0.554807312916846,1.2019535978045983,0.8942266789878129
G1020-658,4341,1185,0.27297857636489287,3156,72.70214236351072,True,False,248.55129855222071,0.5630842668031544,1.210068518183123,0.883013974972692,131.39696961967,0.5857493620314647,1.2338180924615314,0.8624968463231177
G1020-659,4920,1221,0.24817073170731707,3699,75.1829268292683,True,False,263.76450198781714,0.35358679416534733,1.0690593976103524,0.8886735886335219,130.22539674441617,0.5809997227727035,1.2286465003470373,0.9047615782962264
G1020-66,7480,3177,0.4247326203208556,4303,57.52673796791444,True,False,330.22034611053283,0.6249814739411215,1.2810008906245522,0.8619931316181607,216.7228714274745,0.5667083534187094,1.2137123254930187,0.8499973789413985
G1020-660,3964,912,0.23007063572149344,3052,76.99293642785065,True,False,256.651803615609,0.4968585518792986,1.1522973705122612,0.7562316831153426,121.52691193458118,0.39712210375951984,1.0896026166824524,0.775996527040933
G1020-661,5510,1301,0.23611615245009074,4209,76.38838475499092,True,False,278.37972567696687,0.5624916421771642,1.2094779957838957,0.893482926052189,134.22539674441617,0.5224269179441311,1.1727673127290306,0.9074396841859026
G1020-663,5987,2925,0.48855854351094036,3062,51.14414564890596,True,False,306.936074863071,0.42917001401116217,1.1071454073861948,0.7985888682647794,215.65180361560903,0.2684345251698054,1.038100432725871,0.7903683576152332
G1020-665,3421,864,0.25255773165741013,2557,74.74422683425898,True,False,219.48023074035524,0.4760029393520782,1.1370824678856144,0.8924258098134643,110.32590180780451,0.48254429939635374,1.141719904464237,0.8920077637583091
G1020-666,5512,1179,0.21389695210449927,4333,78.61030478955007,True,False,282.45079348883235,0.47357290351568354,1.1353900103994155,0.8682273744565617,130.81118318204307,0.6330741766038698,1.2918375542931861,0.8658325755386276
G1020-667,3604,534,0.14816870144284128,3070,85.18312985571586,True,False,226.7228714274745,0.4224595645902176,1.1032878540714899,0.8810569469091437,84.76955262170047,0.30027130607472163,1.048378651944835,0.9338375621798206
G1020-668,4290,1305,0.3041958041958042,2985,69.58041958041959,True,False,266.99494936611666,0.5420902258373222,1.1900224400578405,0.7562424712278951,144.81118318204307,0.6831414310051693,1.3693263536660623,0.7820169597180112
G1020-669,5028,1372,0.2728719172633254,3656,72.71280827366746,True,False,268.27922061357856,0.2830081317979916,1.0426251110300297,0.8778717246315899,139.88225099390854,0.44031453982535135,1.1137797439470174,0.8811274895069142
G1020-67,5257,1390,0.2644093589499715,3867,73.55906410500286,True,False,274.6223663640862,0.2006823757334565,1.0207660978194761,0.8759433722734061,139.1543289325507,0.43931010355630506,1.113169882883428,0.9020512687753308
G1020-671,3724,374,0.1004296455424275,3350,89.95703544575726,True,False,233.3797256769669,0.6449905668473924,1.3085741821853634,0.8591980571012738,71.45584412271572,0.6587773146443601,1.3291898250596355,0.9204621997723335
G1020-672,4161,854,0.20523912521028598,3307,79.47608747897141,True,False,242.55129855222071,0.36285224662730947,1.0731379040145788,0.8887924805650351,109.08326112068522,0.6108109963419404,1.2629827724386833,0.9018857161054318
G1020-674,4199,566,0.13479399857108834,3633,86.52060014289117,True,False,247.62236636408616,0.46102290654851896,1.126902476892289,0.8605497832779796,91.01219330881975,0.619133570761322,1.2734218990011854,0.8586716690224314
G1020-676,4880,704,0.14426229508196722,4176,85.57377049180329,True,False,262.79393923934,0.3899728033769029,1.08598105713337,0.887971436720847,99.25483399593904,0.191740915882487,1.0189051977432282,0.8980058967788209
G1020-677,4274,438,0.10248011230697239,3836,89.75198876930276,True,False,252.65180361560903,0.6500280306783351,1.3159449091121427,0.8413943202887562,77.94112549695427,0.3500654844297939,1.0675489118056087,0.9060467957096503
G1020-678,5484,1400,0.2552881108679796,4084,74.47118891320204,True,False,283.86500705120545,0.5386566760228836,1.1869078905747112,0.8552313104517314,140.71067811865476,0.43419947904739276,1.1101036952155885,0.8885539210180255
G1020-679,3983,517,0.12980165704243032,3466,87.01983429575697,True,False,239.1370849898476,0.3465913770494401,1.06607965330048,0.8752382888602855,84.52691193458118,0.41581588958346255,1.0995671050339748,0.9093067211582627
G1020-68,3815,594,0.15570117955439056,3221,84.42988204456094,True,False,231.58073580374355,0.34202608750699864,1.064180222619624,0.8939218387606276,91.59797974644665,0.419912626328722,1.1018500181439683,0.8896609301532122
G1020-680,5723,2120,0.37043508649309803,3603,62.9564913506902,True,False,291.3919189857866,0.3372393244499967,1.0622263348060854,0.8469906240444484,173.78174593052023,0.2528047794073956,1.0335732400244526,0.8821397915984325
G1020-682,3723,1025,0.27531560569433255,2698,72.46843943056675,True,False,229.23759005323595,0.2799498171660791,1.0416507866605886,0.8902894602658351,119.98275605729688,0.2549984121692481,1.0341887582808689,0.8947383701242917
G1020-683,3633,690,0.18992568125516102,2943,81.0074318744839,True,False,240.58073580374355,0.5295862963985334,1.1788892992050484,0.7887757754140149,105.25483399593904,0.4105099800248061,1.0966642592751445,0.7826630905473614
G1020-684,5163,1078,0.20879333720705018,4085,79.12066627929498,True,False,273.69343417595167,0.4558423479888516,1.123519088933346,0.8661302986395422,124.39696961966999,0.5785129717829494,1.225981215064475,0.8754050008136719
G1020-686,4940,1449,0.29331983805668016,3491,70.66801619433198,True,False,263.96551211459376,0.37031023907171423,1.0765327164796863,0.8909276459829533,141.05382386916236,0.41654385611625516,1.099970097016779,0.9151842160785189
G1020-687,5576,1020,0.18292682926829268,4556,81.70731707317073,True,False,285.7645019878171,0.5601923338050707,1.2072008501192555,0.8580568657506731,120.5685424949238,0.5581132076449903,1.2051607666104105,0.8817429865109924
G1020-688,3529,396,0.11221309152734486,3133,88.77869084726552,True,False,224.23759005323595,0.46238001413628516,1.1278002224329033,0.881951468733555,73.94112549695427,0.5757162530510582,1.2230178479295237,0.9101918367418476
G1020-69,4508,939,0.2082963620230701,3569,79.17036379769299,True,False,254.13708498984758,0.615486272171354,1.268797865333243,0.8771173123041627,115.15432893255071,0.5339026447560009,1.182667827047381,0.88984613550642
G1020-691,5459,1097,0.20095255541307933,4362,79.90474445869206,True,False,279.86500705120545,0.5478255235225421,1.195324925857155,0.8758419823812071,123.1543289325507,0.46281937089914743,1.1280918896588559,0.9089021430007246
G1020-693,3482,1997,0.5735209649626651,1485,42.64790350373349,True,False,223.23759005323592,0.5238194776285303,1.1739441235713213,0.8780191331948881,169.1959594928933,0.6335169915150911,1.2924425571392981,0.8766130945205447
G1020-695,4396,713,0.16219290263876252,3683,83.78070973612375,True,False,253.72287142747453,0.5035505457126204,1.1574532664161776,0.8581205694543043,99.84062043356593,0.4672588840039114,1.1310674855688627,0.8988450923936716
G1020-696,4524,704,0.15561450044208666,3820,84.43854995579133,True,False,254.55129855222071,0.6008950369066646,1.251050977671025,0.8773680729219124,98.66904755831213,0.2949831983428419,1.0465698026709762,0.9087002574905487
G1020-697,2783,403,0.14480776140855192,2380,85.51922385914482,True,False,204.8528137423857,0.7195449366768508,1.4399970174845977,0.8333725727953982,76.5269119345812,0.6680184110842771,1.3438245796522414,0.8647419597250374
G1020-698,5000,1074,0.2148,3926,78.52,True,False,265.208152801713,0.3093665634928332,1.0515878908403484,0.8933180866546288,121.98275605729688,0.4146740485585719,1.0989373060035468,0.907020833125736
G1020-699,4275,845,0.1976608187134503,3430,80.23391812865496,True,False,245.7228714274745,0.5058283487844336,1.159239982281588,0.8897230044483063,108.66904755831214,0.5188496339125906,1.1697746330076721,0.8991970049140087
G1020-70,4588,788,0.17175239755884916,3800,82.82476024411508,True,False,278.37972567696687,0.582049193547135,1.2297799959677012,0.7439745308035287,109.84062043356595,0.5100060451677525,1.1625597853263643,0.8207485550690319
G1020-700,3546,468,0.1319796954314721,3078,86.80203045685279,True,False,224.3086578651014,0.4904751875706202,1.1475059756714463,0.8856385692983437,79.45584412271572,0.4108504166563674,1.0968487058827168,0.9315453994284612
G1020-701,6178,1361,0.2202978310132729,4817,77.9702168986727,True,False,309.35028842544403,0.28028497911064887,1.0417569140768608,0.8112537502059393,149.91168824543144,0.3747825635015153,1.0786174737475198,0.7610216274451704
G1020-702,5607,1462,0.26074549670055286,4145,73.92545032994471,True,False,297.35028842544403,0.45293979085629055,1.121653271962652,0.7968997524784471,151.29646455628165,0.5967962956227371,1.2462724224443993,0.8026009644090889
G1020-704,5536,1062,0.19183526011560695,4474,80.81647398843931,True,False,285.0782104868018,0.44278835834456176,1.1152920194441167,0.8560081460279835,123.1543289325507,0.2853758451424092,1.04338859922203,0.8799034419934089
G1020-707,3367,950,0.28215028215028215,2417,71.78497178497179,True,False,222.06601717798213,0.6223750024674585,1.2775973703348782,0.8580029351740808,114.49747468305833,0.40908044681014394,1.0958924259467655,0.9106293695844326
G1020-708,5769,1180,0.20454151499393308,4589,79.54584850060668,True,False,288.1076477383248,0.42625883259772634,1.1054594590426727,0.8733751476002029,127.1543289325507,0.4604949722390317,1.1265545311873424,0.9171271938178848
G1020-709,4318,908,0.21028253821213524,3410,78.97174617878647,True,False,252.55129855222071,0.5105755562944371,1.1630166860087596,0.8507330211711936,114.32590180780451,0.30500917757030277,1.0500347749651153,0.8729843153633502
G1020-71,6185,1796,0.29037995149555373,4389,70.96200485044463,True,False,300.17871555019025,0.5038022516850202,1.1576499038407169,0.8625609207838458,158.8111831820431,0.650334686800834,1.3163995037141798,0.8948578116824818
G1020-710,4938,1180,0.2389631429728635,3758,76.10368570271365,True,False,263.76450198781714,0.41617124574346825,1.0997636817749028,0.891924833469986,129.5685424949238,0.5033332612518786,1.157283679255836,0.8832684632862258
G1020-711,5256,1328,0.2526636225266362,3928,74.73363774733637,True,False,273.7645019878171,0.34375027435098215,1.0648934349088832,0.8812739896596777,138.39696961967,0.234802574956602,1.0287609878871862,0.8712740465257093
G1020-712,4806,825,0.17166042446941324,3981,82.83395755305868,True,False,262.7228714274745,0.4765702219081407,1.1374799076477382,0.8749794764673265,110.32590180780451,0.540037438962922,1.1881550517415567,0.8517435244219967
G1020-713,4636,935,0.20168248490077653,3701,79.83175150992234,True,False,261.03657992645924,0.5154084414454702,1.1669365067809676,0.8549693577937593,117.39696961966999,0.6328421243136307,1.2915210169685434,0.8525261353555165
G1020-714,6725,617,0.09174721189591079,6108,90.82527881040893,True,False,311.3919189857866,0.23484515765376676,1.0287718753266908,0.8715403065156375,93.25483399593904,0.2804627172316269,1.041813258702072,0.8915635840437123
G1020-715,4065,624,0.15350553505535056,3441,84.64944649446494,True,False,244.79393923933998,0.5693951955246772,1.2164503986132438,0.8524503468425312,96.42640687119285,0.7641936410439911,1.550419127369194,0.8433395846999895
G1020-717,4786,908,0.18972001671541996,3878,81.02799832845801,True,False,257.4802307403552,0.43481543722683713,1.1104700096479503,0.9071827404854393,111.25483399593904,0.3143380092864613,1.0533954269769725,0.9218450593893532
G1020-719,5311,1146,0.215778572773489,4165,78.4221427226511,True,False,278.1076477383248,0.4033876905634023,1.0928613417632445,0.8628996679733371,128.3259018078045,0.5089594838597549,1.1617228904535792,0.8745121179113851
G1020-72,4569,977,0.21383234843510615,3592,78.6167651564894,True,False,256.03657992645924,0.586459611614236,1.234600715267736,0.8758444601770725,115.98275605729688,0.5956854609127077,1.2449923320912673,0.9126779929837172
G1020-720,5000,1522,0.3044,3478,69.56,True,False,264.45079348883235,0.3893094151115007,1.0856501540809051,0.8984421520108661,147.36753236814712,0.26610793138906536,1.0374054810389686,0.8806855965531355
G1020-721,4089,1003,0.24529224749327463,3086,75.47077525067255,True,False,244.10764773832474,0.5191646715745198,1.1700364441942708,0.8623115495876792,117.66904755831214,0.5686135929211307,1.2156506446906352,0.9103037266556013
G1020-722,5385,1486,0.27595171773444754,3899,72.40482822655525,True,False,280.9360748630709,0.571019387332771,1.2181209013069332,0.8573942191301521,141.63961030678928,0.4061479481735712,1.0943225803518397,0.9308061134289828
G1020-723,2851,415,0.14556296036478428,2436,85.44370396352157,True,False,206.09545442950497,0.6280884465610559,1.2851125589774262,0.843471193205074,76.2842712474619,0.5471459856379299,1.1946900361179826,0.896164956434688
G1020-724,4355,680,0.15614236509758897,3675,84.3857634902411,True,False,252.20815280171308,0.5475261227252457,1.195044974963583,0.8603591477707614,99.01219330881975,0.7626054973654375,1.5459203387765452,0.8716485551196199
G1020-725,3251,405,0.12457705321439556,2846,87.54229467856044,True,False,217.58073580374355,0.42789620554202185,1.1064053474673545,0.8629506323525445,72.52691193458118,0.4010053848441536,1.0916128482113248,0.9675346216318133
G1020-726,3766,592,0.1571959638874137,3174,84.28040361125862,True,False,235.30865786510145,0.4745565060828551,1.1360731103917845,0.8547013033075084,99.01219330881975,0.24200084738192057,1.0306345419888074,0.7588469773982573
G1020-727,3903,719,0.18421726876761466,3184,81.57827312323853,True,False,234.8944443027283,0.5058687921711723,1.1592718540387914,0.8889205069576189,100.18376618407356,0.4029439958714819,1.092627929320542,0.9002104424035501
G1020-728,4799,1003,0.2090018753907064,3796,79.09981246092937,True,False,262.2081528017131,0.25527543999371227,1.0342669472338728,0.87713861737374,117.9827560572969,0.18274168187603457,1.017127447478037,0.9054692852649902
G1020-729,3845,600,0.15604681404421328,3245,84.39531859557867,True,False,235.4802307403552,0.42669606465637827,1.105711450029238,0.8713593642052588,90.76955262170047,0.300129507351914,1.0483296054896147,0.915125642008371
G1020-73,4279,1145,0.2675858845524655,3134,73.24141154475345,True,False,244.30865786510142,0.5051228563745546,1.1586848448022107,0.9008955355815288,127.1543289325507,0.4837847049257448,1.1426128947198324,0.8899242685775237
G1020-730,4897,1063,0.2170716765366551,3834,78.29283234633449,True,False,261.55129855222066,0.45657040921398173,1.1239904393061555,0.8995518621562292,118.91168824543142,0.340444739680202,1.063530498215036,0.9447002677966162
G1020-731,3885,1041,0.26795366795366793,2844,73.20463320463321,True,False,233.8233764908628,0.5333453977627829,1.18217623979886,0.8929456624383538,120.66904755831214,0.6946404248737598,1.390130101774057,0.8983980980206538
G1020-732,2789,470,0.16851918250268913,2319,83.14808174973109,True,False,200.09545442950497,0.37143046716455674,1.077051425826824,0.8753544271157939,79.11269837220809,0.3816135214869807,1.0818740905186086,0.9436595222646181
G1020-733,4480,1543,0.3444196428571429,2937,65.55803571428571,True,False,252.45079348883235,0.40686390498018665,1.094704187857033,0.8833532228173056,147.63961030678928,0.36828076870332505,1.0755988752327892,0.8895492742007689
G1020-734,4177,864,0.20684701939190805,3313,79.3152980608092,True,False,241.4802307403552,0.3921061654516653,1.0870510809205558,0.9001423086453373,109.66904755831214,0.40320752592338116,1.0927665143578975,0.9027249854676096
G1020-735,4253,911,0.2142017399482718,3342,78.57982600517282,True,False,247.23759005323592,0.6432093432289903,1.3060109423135295,0.8743317379525983,110.66904755831213,0.5365852599876652,1.185050197145151,0.9347078635021676
G1020-736,4255,742,0.1743830787309048,3513,82.56169212690952,True,False,251.27922061357853,0.5658370700759662,1.21283115655905,0.8468300793591156,102.84062043356595,0.4521188647490103,1.121129403394771,0.8816260075520245
G1020-737,5142,1107,0.21528588098016335,4035,78.47141190198367,True,False,270.6934341759516,0.35690902896042764,1.0705043287541418,0.8818332957814309,124.08326112068522,0.31169609880698207,1.052430125209862,0.9035060957308879
G1020-738,5153,1019,0.19774888414515815,4134,80.22511158548419,True,False,275.4213562373095,0.5152100714851414,1.1667741034766808,0.8536400477675198,119.32590180780451,0.4602743039074666,1.1264093088211335,0.8993207159504993
G1020-740,4110,647,0.15742092457420925,3463,84.25790754257908,True,False,241.23759005323592,0.4791494401289148,1.139298185230257,0.8874864343891111,97.91168824543142,0.47937847419016877,1.1394605455466007,0.8480961012857354
G1020-741,4935,719,0.14569402228976697,4216,85.4305977710233,True,False,267.2375900532359,0.6539210530283828,1.3217673564903856,0.8683642344714201,101.59797974644667,0.6612897634618374,1.333101276902974,0.8753235439709998
G1020-742,5797,1892,0.32637571157495254,3905,67.36242884250474,True,False,299.1370849898476,0.3669119116598629,1.0749732687191977,0.8140904308106655,170.46803743153546,0.46491312416057096,1.1294887654131294,0.8181728683300791
G1020-743,4820,1067,0.22136929460580912,3753,77.86307053941908,True,False,285.6579002700189,0.2976222945064704,1.0474673428299164,0.7422742982782742,146.18986283848344,0.20266634553508042,1.021191927719826,0.6273931406314626
G1020-744,5077,2262,0.44553870395903095,2815,55.4461296040969,True,False,271.86500705120545,0.48976287002810626,1.1469788177671751,0.8631979593695296,179.09545442950497,0.5684108071892966,1.215443586426716,0.8862032492693009
G1020-745,4232,986,0.2329867674858223,3246,76.70132325141778,True,False,247.45079348883235,0.34517569591062447,1.0654868618241116,0.8685159959165453,118.84062043356595,0.38564592319774293,1.0838382994419646,0.8773178346061925
G1020-747,4114,875,0.21268838113757899,3239,78.73116188624209,True,False,243.06601717798213,0.41401413439363766,1.0985746020399934,0.8750354781724288,110.66904755831214,0.5717186316412193,1.2188436764484658,0.8977709995218404
G1020-748,4930,1607,0.3259634888438134,3323,67.40365111561866,True,False,264.69343417595167,0.5366511564060863,1.1851090503080357,0.8842405886258888,150.8111831820431,0.2706654346880581,1.0387738151643635,0.8878889403314355
G1020-75,3995,2374,0.5942428035043805,1621,40.575719649561954,True,False,239.65180361560903,0.5693070771919423,1.2163600999504822,0.8741082999070908,183.8528137423857,0.5377628117516058,1.186104303472482,0.8825717395261519
G1020-750,5517,1715,0.3108573500090629,3802,68.91426499909372,True,False,282.35028842544403,0.36524532296816775,1.0742161973748126,0.8696337308253853,156.12489168102786,0.3155133438291044,1.053828350837039,0.8841576079245642
G1020-751,4087,946,0.23146562270614143,3141,76.85343772938586,True,False,240.3086578651014,0.4655244545450847,1.1298987952052364,0.8893560544531541,116.08326112068522,0.6482313326040957,1.3132951498275234,0.8821893285332255
G1020-752,3904,1086,0.2781762295081967,2818,72.18237704918032,True,False,247.6812408671319,0.5816229690505655,1.229319021270979,0.7997116880583877,132.22539674441617,0.6092626649334602,1.2610841784018305,0.7805665416670404
G1020-756,4416,709,0.16055253623188406,3707,83.9447463768116,True,False,251.1370849898476,0.5524597967751396,1.1997031287756488,0.8798674077827624,99.84062043356595,0.5499654669740456,1.1973360777737818,0.8938024831796817
G1020-757,2931,477,0.16274309109518936,2454,83.72569089048106,True,False,204.65180361560903,0.3491784328847381,1.0671717907943044,0.8794163374452062,79.94112549695427,0.4012574888064471,1.0917444163700862,0.9379673609093212
G1020-758,2874,567,0.19728601252609604,2307,80.27139874739039,True,False,204.92388155425118,0.45348909713459645,1.1220047500743964,0.8600258020673395,89.11269837220809,0.6313314972997759,1.2894688988155405,0.8972505514448558
G1020-759,4213,1574,0.3736055067647757,2639,62.639449323522435,True,False,248.20815280171308,0.3654514981347281,1.074309581981654,0.8593483315950342,150.8528137423857,0.5814834400468494,1.2291683023153428,0.8691760717010865
G1020-76,5446,1215,0.22309952258538376,4231,77.69004774146163,True,False,276.0071426749364,0.5360790100767973,1.1845985901000264,0.8983526613909207,131.29646455628165,0.554083919923177,1.2012577422690056,0.8856866082559334
G1020-760,6226,1673,0.2687118535175072,4553,73.12881464824927,True,False,302.49242404917493,0.6167062440708766,1.270335895425466,0.855046977241507,154.95331880577405,0.5094707254826074,1.1621312700883255,0.8755965467822934
G1020-761,4562,1019,0.2233669443226655,3543,77.66330556773346,True,False,257.03657992645924,0.29891721726523784,1.0479115143709832,0.8677113476592405,120.08326112068522,0.3725665424621619,1.0775798432716026,0.8880125443923843
G1020-764,4886,836,0.1711011051985264,4050,82.88988948014736,True,False,264.69343417595167,0.3348862291412932,1.061279813622041,0.8763487862121891,107.49747468305833,0.2777901000007608,1.0409707386240712,0.9091166621061342
G1020-765,4135,455,0.11003627569528417,3680,88.99637243047158,True,False,241.1370849898476,0.47207169295531487,1.1343525317086645,0.8936292277507238,79.94112549695427,0.5802988936745977,1.2278924385701433,0.8947068117688494
G1020-766,3931,890,0.22640549478504196,3041,77.3594505214958,True,False,247.30865786510142,0.5715197504300604,1.218637881561955,0.8076705856916069,117.66904755831213,0.5544396867548722,1.2015997015691393,0.8077470754969943
G1020-768,5010,809,0.16147704590818363,4201,83.85229540918164,True,False,266.45079348883235,0.2726760178193553,1.0393866056640568,0.8867752309630509,105.25483399593904,0.3383967752433005,1.0626952821734221,0.917644116308428
G1020-770,3891,1405,0.36108969416602416,2486,63.89103058339758,True,False,232.3086578651014,0.32044104784857,1.0556669439354942,0.9060252545127254,141.63961030678928,0.45995791082531257,1.1262013090762109,0.88006903725957
G1020-771,3828,817,0.21342737722048066,3011,78.65726227795193,True,False,235.23759005323592,0.3098557474737086,1.0517640619464674,0.8692973387470666,105.01219330881976,0.3130584148294262,1.0529265394993237,0.9310059614004891
G1020-772,4947,1568,0.3169597736001617,3379,68.30402263998383,True,False,266.2081528017131,0.5677610363101115,1.214781333892655,0.877221102567723,147.05382386916236,0.6448701084222023,1.308400138456149,0.9111781111102737
G1020-773,5582,805,0.14421354353278396,4777,85.57864564672161,True,False,280.35028842544403,0.5408993831530706,1.1889372151576343,0.8924783336169265,107.49747468305833,0.6072839803284544,1.2586772518552416,0.8754053983199018
G1020-775,5164,752,0.14562354763749033,4412,85.43764523625097,True,False,273.9360748630709,0.37834363756736583,1.0803041778300169,0.8647640770359968,103.84062043356593,0.11412693046158814,1.0065767951726103,0.8763814086902287
G1020-777,4383,1126,0.2569016655258955,3257,74.30983344741044,True,False,250.1370849898476,0.6382954166238406,1.2990530468959398,0.8802887787350784,124.9116882454314,0.6756482288895201,1.3564395284962223,0.9068638671349346
G1020-778,6493,464,0.07146157400277221,6029,92.85384259972278,True,False,308.49242404917493,0.23140302337875393,1.0278992669403793,0.8573660073037875,79.76955262170046,0.20054908104918118,1.0207376572445523,0.9163334319046362
G1020-779,4059,809,0.19931017491993103,3250,80.0689825080069,True,False,242.89444430272835,0.648973210209535,1.3143864363786961,0.8645572412200495,111.32590180780451,0.5881530148282651,1.2364765455144224,0.8202872135080558
G1020-78,3470,467,0.1345821325648415,3003,86.54178674351584,True,False,235.02438661763952,0.6078976441294383,1.2594214179373364,0.789429739201111,85.18376618407356,0.5054357875431901,1.1589308898582413,0.8087477208932642
G1020-780,4344,1020,0.23480662983425415,3324,76.51933701657458,True,False,245.7228714274745,0.3320982639953936,1.060170175799121,0.9040834459236123,121.1543289325507,0.27447599188410987,1.039939984217602,0.8732370683828328
G1020-782,5074,2878,0.5672053606621994,2196,43.27946393378006,True,False,271.0071426749364,0.5502453311902028,1.1976004314145503,0.8681581613321216,202.40916292848976,0.4574352577950637,1.1245520976980519,0.8827552638905103
G1020-783,5177,1490,0.2878114738265405,3687,71.21885261734595,True,False,275.27922061357856,0.3546585713447578,1.069523428025831,0.8585017187571764,146.95331880577402,0.5122562162394269,1.1643711581225373,0.8670364093083334
G1020-784,4148,993,0.23939247830279653,3155,76.06075216972035,True,False,244.45079348883235,0.49242024201295276,1.1489530633989926,0.8722996718312859,118.08326112068524,0.5888061114108164,1.2372037380912697,0.8949163348323704
G1020-786,3456,680,0.19675925925925927,2776,80.32407407407408,True,False,222.65180361560903,0.3057033536234904,1.0502802683497707,0.8760545766019285,99.42640687119285,0.2537891837300944,1.0338486634424706,0.8644010522795758
G1020-789,4272,1096,0.2565543071161049,3176,74.34456928838952,True,False,249.1370849898476,0.5670973144906305,1.2141067589258774,0.864896920165091,128.22539674441617,0.6404008090713886,1.302014016745591,0.8376687522826013
G1020-79,4577,1082,0.23639938824557571,3495,76.36006117544242,True,False,256.8233764908628,0.5144873393192775,1.1661835115415602,0.872010418241026,125.1543289325507,0.5655095014721268,1.2125007174374247,0.8680512623242996
G1020-791,3878,2425,0.6253223310985044,1453,37.46776689014956,True,False,234.06601717798213,0.2843213243857719,1.0430475677219204,0.8894897300058279,185.09545442950497,0.31356173945152294,1.0531106720916437,0.8894675324330836
G1020-793,3263,337,0.10327919092859332,2926,89.67208090714067,True,False,213.3380951166243,0.5188885203926259,1.1698069314074984,0.9009280565313357,68.04163056034261,0.41623253055733045,1.0997976110933452,0.9147245597476599
G1020-794,5606,820,0.14627185158758474,4786,85.37281484124154,True,False,285.0071426749364,0.4258457703246529,1.1052217931647534,0.86726429923394,109.1543289325507,0.5453622813112641,1.1930320590057104,0.8648519887272804
G1020-795,4746,1456,0.30678466076696165,3290,69.32153392330383,True,False,261.86500705120545,0.4964134065349599,1.151959272549655,0.8697264192069576,142.5685424949238,0.34300848691286157,1.0645859781675764,0.9001685167665893
G1020-796,3520,876,0.24886363636363637,2644,75.11363636363636,True,False,226.33809511662426,0.4735027582677432,1.1353413965234982,0.863450041066184,110.9116882454314,0.37164963743333007,1.0771531813848585,0.8948687418472037
G1020-797,5057,1255,0.24817085228396282,3802,75.18291477160372,True,False,266.9360748630709,0.22603700053414402,1.0265689209844142,0.8918427319289681,134.29646455628165,0.5606468838101031,1.2076492603477171,0.8744287544463784
G1020-798,5621,1429,0.25422522682796656,4192,74.57747731720335,True,False,284.0071426749364,0.6138960192766102,1.2668059228004958,0.875719306076909,142.22539674441617,0.5784767117754329,1.2259425642820378,0.8877440802213846
G1020-80,3656,1716,0.46936542669584247,1940,53.06345733041575,True,False,228.65180361560903,0.2949887176665986,1.0465716690204714,0.8787529341873371,160.61017305526642,0.6049096140081816,1.255817352657249,0.8359514346521354
G1020-800,4820,935,0.19398340248962656,3885,80.60165975103735,True,False,272.7228714274745,0.29716112496676383,1.0473097585346893,0.8143550251508748,121.49747468305833,0.6479444683123615,1.3128742404507798,0.7959521723995834
G1020-801,4633,529,0.11418087632203755,4104,88.58191236779625,True,False,253.9655121145938,0.3370688667913746,1.0621574610273885,0.9026568353779988,85.59797974644665,0.1975612447872646,1.020105726909478,0.9072740861415097
G1020-802,4522,1089,0.24082264484741264,3433,75.91773551525873,True,False,256.35028842544403,0.2631925075853707,1.0365451233527165,0.8647146188434048,125.1543289325507,0.3813019786422922,1.0817236365034064,0.8736671207681722
G1020-803,3749,502,0.13390237396639104,3247,86.60976260336089,True,False,247.33809511662426,0.6411558371364012,1.303083201059336,0.7700931865920057,90.35533905932738,0.6232344350037449,1.2787150447774736,0.7726911557024415
G1020-804,2788,685,0.2456958393113343,2103,75.43041606886656,True,False,201.75230867899737,0.5895563666582481,1.2380416968971333,0.8607273581926388,99.25483399593904,0.5913415130622223,1.2400467044638819,0.8737699421782561
G1020-805,5017,716,0.1427147697827387,4301,85.72852302172613,True,False,268.3086578651014,0.49394474464781346,1.150095125850404,0.8757589640892592,100.08326112068522,0.5605691949537435,1.2075725596821094,0.8982557177256509
G1020-807,4622,1054,0.22803980960623108,3568,77.19601903937689,True,False,256.69343417595167,0.5236193892181511,1.1737746239096154,0.8814755787947426,127.29646455628165,0.6557748300731635,1.3245795637810593,0.8173683007288579
G1020-808,4677,788,0.16848407098567458,3889,83.15159290143255,True,False,257.9655121145938,0.5697804177848653,1.2168455530381423,0.883189581949465,103.84062043356595,0.34107277342086983,1.063788033993271,0.9183358378296541
G1020-809,5437,1990,0.36601066764759976,3447,63.398933235240015,True,False,277.7645019878171,0.3645163683509726,1.0738866432455174,0.8855553515068486,169.4386001800126,0.3642935470675039,1.073786099450092,0.8710402638448423
G1020-81,4040,758,0.18762376237623762,3282,81.23762376237624,True,False,242.69343417595164,0.42046577859092577,1.1021610758074232,0.8619363074595257,102.91168824543142,0.4688195899013461,1.1321259546688014,0.8993933333990101
G1020-810,3120,430,0.13782051282051283,2690,86.21794871794873,True,False,211.33809511662426,0.34376875892731373,1.064901108300688,0.8778268911785724,76.698484809835,0.5271766518229527,1.176808794044219,0.9185541225074207
G1020-811,5140,1213,0.23599221789883268,3927,76.40077821011673,True,False,273.17871555019025,0.5396098906900161,1.187768111195517,0.8655243004181384,133.88225099390854,0.5412130769510296,1.1892225674897434,0.8504027454582475
G1020-812,4036,1486,0.3681863230921705,2550,63.18136769078295,True,False,258.92997820866105,0.49684947275792124,1.1522904687112452,0.7564780865667022,150.91168824543144,0.5342229915427469,1.1829509382049757,0.8199415948189791
G1020-814,6059,1065,0.17577157946855917,4994,82.42284205314408,True,False,303.4213562373095,0.5855790288656573,1.2336307645980489,0.8270247868705769,124.8111831820431,0.37854234691457694,1.0803990009210267,0.8591173135726046
G1020-816,5337,1086,0.2034851039910062,4251,79.65148960089938,True,False,275.86500705120545,0.5707383468242813,1.2178310141175368,0.8812798447416849,123.1543289325507,0.6512238091345883,1.3177214449379668,0.8997882655412826
G1020-817,4901,832,0.16976127320954906,4069,83.0238726790451,True,False,282.27922061357856,0.6610226722128272,1.3326831108267039,0.772923918974729,112.32590180780451,0.5708993973928146,1.217997091505635,0.8286542503544747
G1020-818,5596,1479,0.26429592566118654,4117,73.57040743388134,True,False,288.1076477383248,0.3903286963859768,1.0861589364064608,0.8471844905478826,144.46803743153546,0.5092029128882308,1.161917236644765,0.8905011649996192
G1020-821,4734,1006,0.21250528094634558,3728,78.74947190536544,True,False,262.45079348883235,0.4854692376966362,1.1438326688227647,0.8636590681287291,118.5685424949238,0.43427372808619513,1.1101478048841062,0.8992260550589583
G1020-822,5597,610,0.1089869572985528,4987,89.10130427014472,True,False,284.0782104868019,0.45695843428465943,1.1242421987683346,0.8715440130025175,93.18376618407356,0.47044880153604973,1.133237842265591,0.8827936092969574
G1020-823,4253,1038,0.24406301434281683,3215,75.59369856571831,True,False,247.06601717798213,0.27399453361207043,1.0397915227418688,0.8755465039415259,122.15432893255071,0.18348555284895063,1.0172708101836423,0.8741571076734067
G1020-825,4980,1028,0.20642570281124498,3952,79.35742971887551,True,False,267.9360748630709,0.47237469453823244,1.1345614403023907,0.8717196283731768,121.39696961966999,0.24268753871619259,1.0308167734841602,0.876571380570802
G1020-826,5071,1580,0.31157562610924866,3491,68.84243738907513,True,False,270.69343417595167,0.2182567298534289,1.0247041965718462,0.86965706785446,151.63961030678928,0.4751439760928209,1.1364823671225424,0.86345882309437
G1020-827,4949,744,0.15033340068700748,4205,84.96665993129925,True,False,264.45079348883235,0.4034295093389581,1.092883362141874,0.8892780420603552,102.32590180780451,0.4694505840559122,1.1325557431226347,0.8929181235881725
G1020-828,2879,274,0.09517193469954846,2605,90.48280653004515,True,False,203.3380951166243,0.594182490220721,1.2432703938066767,0.875012037058111,60.62741699796952,0.5000328140569299,1.1547258003099223,0.9367469665501807
G1020-829,4380,770,0.17579908675799086,3610,82.42009132420091,True,False,249.4802307403552,0.5844646581388789,1.2324086508822474,0.8843245879981372,102.66904755831214,0.5334981439227194,1.1823108760168146,0.9179552771387262
G1020-83,4280,1103,0.25771028037383176,3177,74.22897196261682,True,False,243.7228714274745,0.3666593610406429,1.0748582194069032,0.9054428858054137,128.12489168102786,0.5190259389590993,1.1699211095914797,0.8443419244007125
G1020-830,4599,250,0.05435964340073929,4349,94.56403565992608,True,False,255.86500705120545,0.4460352515874219,1.1172992190135669,0.8827779662245983,58.2842712474619,0.2948949717567683,1.0465399751035962,0.9247985312609008
G1020-831,4629,1043,0.22531864333549362,3586,77.46813566645064,True,False,258.69343417595167,0.31008627969327324,1.0518472113609514,0.8692130389671261,120.66904755831214,0.22698612205655386,1.0268015822865082,0.9001241270274177
G1020-832,4861,1712,0.3521909072207365,3149,64.78090927792636,True,False,263.62236636408613,0.41964598337596787,1.1017003152939986,0.878963775382433,158.88225099390857,0.41003791598742595,1.0964089043611258,0.8522418486664383
G1020-834,4331,839,0.19371969522050334,3492,80.62803047794966,True,False,249.37972567696687,0.5211485614639,1.1716928675520648,0.8751364281336794,110.42640687119285,0.6500475089321639,1.3159737637761406,0.8646213250646878
G1020-835,3648,404,0.11074561403508772,3244,88.92543859649122,True,False,230.79393923933998,0.4674229653146138,1.1311784598643262,0.8606288372550425,73.94112549695427,0.38136729926511237,1.0817551665432834,0.9285795506154202
G1020-836,3690,463,0.12547425474254742,3227,87.45257452574525,True,False,228.45079348883235,0.22778767048416726,1.0269989517645652,0.8884866127755477,78.76955262170047,0.39005549816637847,1.0860223666430149,0.9377219830565733
G1020-837,3093,531,0.1716779825412221,2562,82.83220174587778,True,False,207.4386001800126,0.15074200969621854,1.011558945841156,0.9032555480827612,86.76955262170047,0.5395265400502076,1.1876927567375977,0.8862773869506906
G1020-838,3505,629,0.17945791726105564,2876,82.05420827389443,True,False,227.82337649086284,0.5995063440250217,1.249422135848424,0.8485966600745919,93.42640687119285,0.41885223625252954,1.1012556003635532,0.9055683109177567
G1020-839,3600,1201,0.33361111111111114,2399,66.63888888888889,True,False,227.4802307403552,0.5072953227302471,1.1603993629732816,0.8742286693566595,129.74011537017762,0.26803481213779573,1.0379805087353144,0.8966115144426998
G1020-84,4819,1463,0.3035899564224943,3356,69.64100435775057,True,False,258.5218613006978,0.39664836918173435,1.0893594752026867,0.9060918876878531,145.29646455628165,0.4800723606945913,1.1399533342096757,0.8708514841822362
G1020-840,4884,771,0.15786240786240785,4113,84.2137592137592,True,False,265.27922061357856,0.32533156990032264,1.0575296051366154,0.8721256375153322,103.7401153701776,0.5080859078019548,1.1610270200678952,0.9002658759791418
G1020-841,5398,1534,0.2841793256761764,3864,71.58206743238237,True,False,279.4213562373095,0.3857193268744133,1.083874345936275,0.8688074807571099,146.12489168102783,0.3578184478691216,1.070903245666461,0.9027901648633079
G1020-843,4662,1244,0.26683826683826684,3418,73.31617331617332,True,False,256.45079348883235,0.4376561038680542,1.1121708318670838,0.890787345607091,130.71067811865476,0.42340576578383554,1.1038256762426122,0.9149726423489761
G1020-845,3855,449,0.11647211413748379,3406,88.35278858625162,True,False,235.9655121145938,0.5582732639038821,1.2053171810087062,0.8700359159263553,77.59797974644667,0.5510221781740587,1.1983358490455687,0.9370340569570196
G1020-846,3429,689,0.20093321668124817,2740,79.90667833187518,True,False,221.72287142747453,0.3973758837827782,1.0897330542317734,0.8765089611479321,97.25483399593904,0.5078887863135852,1.1608703356081362,0.9153911137252194
G1020-847,4050,1220,0.3012345679012346,2830,69.87654320987654,True,False,258.8944443027283,0.8048520699018156,1.6849895798506624,0.759310534970384,135.29646455628165,0.6250522026573275,1.2810938264258245,0.8375231078798404
G1020-848,4235,643,0.15182998819362456,3592,84.81700118063755,True,False,253.3086578651014,0.6244218882245659,1.2802666911071303,0.8293984339424211,97.59797974644665,0.41941669380651236,1.1015717087473227,0.8482799087649008
G1020-849,4047,1200,0.2965159377316531,2847,70.3484062268347,True,False,241.37972567696687,0.43433042473347444,1.1101814956952223,0.8728537651636215,129.39696961967,0.6183329668387672,1.2724002182280323,0.9006227203382533
G1020-85,5164,839,0.16247095274980636,4325,83.75290472501936,True,False,271.86500705120545,0.5847905644171709,1.2327654508726265,0.8779898093725135,106.66904755831214,0.4497997789696235,1.1196585610995242,0.9266057486114503
G1020-851,3480,467,0.13419540229885057,3013,86.58045977011494,True,False,234.40916292848976,0.5538300726736622,1.2010140594285117,0.7958659784271077,88.63351365237939,0.5134518561893735,1.1653403516252347,0.7470175625151115
G1020-852,3470,715,0.20605187319884727,2755,79.39481268011528,True,False,222.16652224137044,0.399220710097469,1.0906851775377653,0.8834502651070348,101.01219330881975,0.36656155547340963,1.074813695323655,0.8805789579225559
G1020-854,5797,1635,0.2820424357426255,4162,71.79575642573745,True,False,288.8355697996826,0.49239431523535176,1.1489337005664324,0.8731961539934259,154.12489168102786,0.5922810086453844,1.2411082765712131,0.8649321736682205
G1020-855,4576,772,0.1687062937062937,3804,83.12937062937063,True,False,257.45079348883235,0.5786740128851248,1.226152947753943,0.8675757620815882,102.76955262170047,0.6379424679210006,1.2985595932351803,0.9185403363215459
G1020-857,3658,557,0.15226899945325315,3101,84.77310005467469,True,False,228.3086578651014,0.3561934154290237,1.0701914505384282,0.8818785982994782,88.66904755831214,0.21651574170098614,1.0242972244919464,0.8902684282694426
G1020-858,3501,327,0.0934018851756641,3174,90.6598114824336,True,False,242.3380951166243,0.3492969643469506,1.0672221047522619,0.7491324248645689,70.04163056034261,0.354500681143041,1.0694549426018718,0.8376163016695866
G1020-859,4481,854,0.19058245927248382,3627,80.94175407275162,True,False,250.55129855222066,0.31745000150012426,1.0545464009557755,0.896998035823986,108.91168824543142,0.39774336701492863,1.0899221636728988,0.9047295065429697
G1020-86,4045,1354,0.33473423980222494,2691,66.52657601977751,True,False,239.65180361560903,0.33828838845734,1.062651274108076,0.8850483286919105,137.63961030678928,0.39771564669627035,1.0899078890727973,0.8981350799283112
G1020-860,3688,631,0.1710954446854664,3057,82.89045553145337,True,False,227.82337649086284,0.4845185216765897,1.1431432521527476,0.8929028480328374,94.94112549695429,0.461186864996769,1.1270106838215481,0.8796916538690996
G1020-861,3311,416,0.1256418000604047,2895,87.43581999395953,True,False,214.50966799187808,0.42276164543174544,1.1034593411221245,0.904222487269817,75.94112549695427,0.5631490614457465,1.2101331731912783,0.9064610257686943
G1020-863,5170,1011,0.1955512572533849,4159,80.4448742746615,True,False,272.1076477383248,0.4674721747195173,1.1312117559801926,0.8774429947323628,121.9827560572969,0.5876552088868093,1.2359236629967254,0.853815700456349
G1020-864,6038,2124,0.3517721099701888,3914,64.82278900298112,True,False,321.9005409571382,0.46348155063583685,1.1285324300772115,0.732250302329719,180.12489168102786,0.49814899109620553,1.153280890955071,0.8226534267972625
G1020-865,5321,984,0.18492764517947755,4337,81.50723548205224,True,False,276.1076477383248,0.35377905608799287,1.0691424904330762,0.8770942235819771,118.32590180780451,0.10152731590619776,1.0051940873024334,0.8831720498638219
G1020-866,3339,693,0.20754716981132076,2646,79.24528301886792,True,False,218.89444430272832,0.46700462782311186,1.13089566407314,0.8757029345570213,99.59797974644665,0.46540815862512985,1.129820717624641,0.8778939177366651
G1020-867,4515,792,0.17541528239202658,3723,82.45847176079735,True,False,252.69343417595167,0.36700110634035144,1.0750139290758776,0.8885455647464475,106.42640687119285,0.7167847820114961,1.4341143443481565,0.8786911368396615
G1020-868,3374,785,0.23266152934202727,2589,76.73384706579728,True,False,222.2670273047588,0.6401532916570556,1.301664356949517,0.8582323092564297,105.32590180780451,0.49032947869356175,1.1473980208317638,0.8892198486764359
G1020-869,3372,638,0.18920521945432978,2734,81.07947805456702,True,False,216.40916292848976,0.42729815978169283,1.1060591625189,0.9047865574982569,94.76955262170047,0.4085809946060363,1.0956237792433603,0.892673992026336
G1020-87,5452,2821,0.5174247982391783,2631,48.25752017608217,True,False,283.69343417595167,0.6675626450900884,1.3430865869874402,0.8512696345651815,206.8528137423857,0.6955918071481999,1.3919100700459475,0.8284953677252951
G1020-870,5192,1146,0.22072419106317412,4046,77.92758089368259,True,False,273.1787155501902,0.3173160671934763,1.0544965536339912,0.8742805773873495,128.63961030678928,0.344914308109465,1.0653777834493565,0.8702520401690896
G1020-871,3843,1183,0.30783242258652094,2660,69.2167577413479,True,False,234.3086578651014,0.37759406241581495,1.0799471566130365,0.8796371762663348,134.88225099390854,0.29617800809673595,1.0469748738747846,0.8171184156670666
G1020-872,5002,1190,0.23790483806477408,3812,76.20951619352259,True,False,269.27922061357856,0.11870049886761051,1.0071202352521693,0.866857813604128,131.39696961967,0.5397337378988659,1.187880125213408,0.8661360735227933
G1020-874,4033,1105,0.27398958591619144,2928,72.60104140838087,True,False,243.1370849898476,0.40961295505058404,1.0961794326139906,0.8573056282505218,125.98275605729688,0.16413863535166867,1.0137491959756992,0.8748829081168867
G1020-876,3881,799,0.20587477454264363,3082,79.41252254573563,True,False,235.23759005323592,0.532173154427181,1.1811457887881034,0.8813330647015061,104.66904755831213,0.5175507390729306,1.168698716279674,0.9164738945385941
G1020-879,5579,1458,0.2613371571966302,4121,73.86628428033698,True,False,298.2081528017131,0.57108257493183,1.2181861261138205,0.7883647549815681,157.81118318204307,0.5715983288437102,1.2187191705710843,0.7356848896850248
G1020-88,4302,422,0.09809390980939098,3880,90.1906090190609,True,False,246.3086578651014,0.4173257152082267,1.1004042035205022,0.8910886552390879,75.35533905932738,0.47822192454553875,1.1386421779732059,0.9338868462623091
G1020-881,4717,756,0.16027135891456434,3961,83.97286410854356,True,False,259.6223663640862,0.3482464414630055,1.0667770233504255,0.8794102681090517,101.01219330881975,0.269823048159719,1.038518738426542,0.9310736953698633
G1020-882,3977,707,0.17777219009303494,3270,82.2227809906965,True,False,237.40916292848976,0.49848287810904607,1.1535361926986922,0.8866873272907225,98.66904755831213,0.4287973959984099,1.106928541614578,0.9125725597241733
G1020-883,4200,286,0.0680952380952381,3914,93.19047619047619,True,False,245.89444430272835,0.3823002140524467,1.0822063725633133,0.8728944284601468,64.2842712474619,0.35246855425081886,1.068577388270321,0.8696939467218643
G1020-884,5572,1057,0.18969849246231155,4515,81.03015075376885,True,False,283.5218613006978,0.2856742690368171,1.0434853994802518,0.8710595952189073,124.22539674441617,0.5144790523416277,1.166176749711142,0.860724304519858
G1020-887,2607,734,0.28154967395473723,1873,71.84503260452627,True,False,201.4386001800126,0.7597128816790347,1.5378495462280217,0.8073567964194491,103.25483399593904,0.47960370106711453,1.139620350407363,0.865137502174623
G1020-888,6514,1494,0.22935216456862142,5020,77.06478354313786,True,False,306.5929291125633,0.510302985840242,1.1627978805656518,0.8708299339109463,144.05382386916236,0.3550527675246402,1.0696946026244731,0.9047131014142509
G1020-89,4019,662,0.16471759144065687,3357,83.52824085593431,True,False,240.8233764908628,0.31151245860654736,1.0523634276881457,0.8708243972786086,96.18376618407356,0.3756814368301626,1.0790409766954794,0.8992165609493661
G1020-890,4874,545,0.11181780878128847,4329,88.81821912187115,True,False,265.37972567696687,0.5579121486033864,1.204964432168641,0.8696808500458812,87.94112549695427,0.2649970995087737,1.037076297871495,0.8855688406679222
G1020-891,3735,994,0.2661311914323963,2741,73.38688085676037,True,False,234.79393923933998,0.5784317184642193,1.225894612821895,0.8513863945328487,119.81118318204308,0.3909767219739678,1.086483468569241,0.8701648464942445
G1020-892,3843,667,0.17356232110330472,3176,82.64376788966953,True,False,234.89444430272832,0.3541983071229252,1.0693239086183877,0.8752553185339812,96.42640687119285,0.43361792363206536,1.1097586487460585,0.9014543317225848
G1020-893,7068,1670,0.2362761743067346,5398,76.37238256932655,True,False,316.8355697996826,0.47420782172816034,1.1358306501090063,0.8847866082390132,152.81118318204307,0.3225549832617616,1.0564674129440679,0.8987027247376324
G1020-894,3976,749,0.18838028169014084,3227,81.16197183098592,True,False,238.9655121145938,0.42763497217246943,1.1062540303028252,0.8749551362982372,103.91168824543142,0.535186833670755,1.183805002185696,0.8716916383515992
G1020-895,4748,752,0.15838247683235046,3996,84.16175231676495,True,False,263.9655121145938,0.6105855059761477,1.262705437949871,0.8563004986087167,103.59797974644665,0.6499453502046435,1.3158224587922334,0.8804914272545586
G1020-897,3108,244,0.07850707850707851,2864,92.14929214929215,True,False,211.58073580374355,0.33678255619236463,1.062041885095824,0.8724461447962689,58.870057685088796,0.5475223919573338,1.195041488762389,0.8847300280513215
G1020-899,4295,806,0.18766006984866124,3489,81.23399301513388,True,False,246.20815280171308,0.5403663216048493,1.1884531639938096,0.8903651904108217,105.49747468305833,0.49584780624927016,1.1515305517866707,0.9100406205718892
G1020-9,4646,1570,0.3379250968575118,3076,66.20749031424882,True,False,262.35028842544403,0.4451797690037663,1.1167678915272297,0.8482541195951409,150.71067811865476,0.5312651066954999,1.1803509794788432,0.8686032871041619
G1020-901,4344,658,0.1514732965009208,3686,84.85267034990792,True,False,252.45079348883235,0.4713809712620761,1.1338772355249234,0.8565371428389231,95.84062043356596,0.47920183945324724,1.1393353177026482,0.9001948512735227
G1020-902,5270,707,0.13415559772296015,4563,86.58444022770398,True,False,274.0071426749364,0.3051066302519993,1.0500691947757532,0.8820571228774788,102.32590180780451,0.4820837040924083,1.141389428788963,0.8485122491624165
G1020-903,3485,514,0.14748923959827834,2971,85.25107604017217,True,False,223.7228714274745,0.1945463524485499,1.0194788501659722,0.8749674096690195,84.35533905932738,0.5064515738405961,1.1597316954514598,0.907711488747142
G1020-904,5317,1224,0.23020500282113973,4093,76.97949971788603,True,False,275.62236636408613,0.583597707968701,1.2314619914521983,0.8795238288366216,134.5685424949238,0.765807661851241,1.5550414160967871,0.8493842127049368
G1020-905,5412,1518,0.2804878048780488,3894,71.95121951219512,True,False,279.5929291125633,0.38384269111172,1.0829560593560605,0.8699920500700163,147.63961030678928,0.49985974822920193,1.1545926027939535,0.8751366158371792
G1020-906,3740,486,0.12994652406417112,3254,87.00534759358288,True,False,239.71677477306463,0.3921751821618389,1.0870858478899963,0.8178706329315175,86.66295090390226,0.46642747839980475,1.130506274540566,0.8131659549664659
G1020-908,6209,2703,0.43533580286680623,3506,56.46641971331937,True,False,299.7645019878171,0.4644983082104326,1.1292111017552828,0.8683026346193722,196.2670273047588,0.506047271927288,1.1594125683928067,0.8817819822180749
G1020-909,6067,1540,0.2538322070215922,4527,74.61677929784078,True,False,293.7645019878171,0.41888748373556184,1.1012753192904174,0.8834566183137512,148.71067811865476,0.4058943795048247,1.0941876840525266,0.8750770152951953
G1020-91,3669,776,0.21150177159989098,2893,78.8498228400109,True,False,227.58073580374355,0.5768720107911561,1.224238126535696,0.8901979325549357,104.66904755831213,0.6025981236567781,1.253062486130931,0.8900922930687724
G1020-910,2954,561,0.1899119837508463,2393,81.00880162491538,True,False,203.6812408671319,0.5334252093516335,1.1822465781915257,0.8947841669840444,87.59797974644667,0.27345547454823066,1.0396256841004623,0.9187229065581056
G1020-911,5088,1448,0.28459119496855345,3640,71.54088050314465,True,False,271.27922061357856,0.19939911552610812,1.0204931763491711,0.8688081946972508,144.46803743153546,0.35901124641817517,1.0714286859165125,0.8718361642457394
G1020-912,5591,2009,0.35932749060990876,3582,64.06725093900913,True,False,282.8355697996826,0.34155998497368795,1.0639882794276414,0.8782765842856852,167.6812408671319,0.5469781797971495,1.1945335326132063,0.8978852607422699
G1020-913,5536,1598,0.2886560693641618,3938,71.13439306358381,True,False,279.62236636408613,0.35949155899856194,1.0716409816700465,0.8897379851105383,153.29646455628165,0.3502435129419994,1.0676247623851132,0.8545202544609716
G1020-914,4015,830,0.20672478206724781,3185,79.32752179327521,True,False,238.06601717798213,0.4450029757910864,1.116658309433297,0.8902266700198918,108.42640687119285,0.11209881198570541,1.0063429142997131,0.8871924236844655
G1020-915,5769,881,0.1527127751776738,4888,84.72872248223263,True,False,288.1076477383248,0.5180264255257067,1.1690920853213305,0.8733751476002029,112.7401153701776,0.3713339931926645,1.0770066634102882,0.8710213946968335
G1020-916,7274,1938,0.266428375034369,5336,73.3571624965631,True,False,322.8061325481597,0.4714028544231677,1.1338922738314685,0.8772019882309867,168.36753236814712,0.5653418838933444,1.2123318093837034,0.8591063776787843
G1020-917,6196,1116,0.1801162040025823,5080,81.98837959974176,True,False,297.86500705120545,0.32904896025772684,1.0589710677555995,0.8775710780532268,128.3259018078045,0.47779164484996894,1.1383386679463516,0.851619130531506
G1020-920,3609,294,0.08146300914380715,3315,91.85369908561928,True,False,224.40916292848974,0.20974626589843243,1.022750208136231,0.9005660579871325,61.21320343559642,0.4203027625836701,1.1020693360280696,0.9859774419245273
G1020-921,3384,550,0.16252955082742318,2834,83.74704491725768,True,False,224.4802307403552,0.4531938823941584,1.1218157604971593,0.8438864589144459,87.25483399593904,0.29075178503280114,1.0451521231174281,0.9078070691842812
G1020-922,4275,691,0.1616374269005848,3584,83.83625730994152,True,False,247.0365799264593,0.3188563702782507,1.0550715189126176,0.8802853024520958,97.49747468305833,0.39807809213375855,1.090094653502655,0.9134844888445539
G1020-923,5602,1305,0.23295251695822922,4297,76.70474830417709,True,False,285.1787155501902,0.5196976299172742,1.1704801206626365,0.8656029966995946,137.98275605729688,0.7253066162985647,1.4525890184341435,0.8613323229794586
G1020-925,4889,685,0.14011045203518102,4204,85.98895479648189,True,False,296.45079348883235,0.8886007384055863,2.180162003452222,0.6990764417336017,103.94112549695427,0.8390107362134377,1.8378472402736448,0.7967564817520958
G1020-927,3982,770,0.19337016574585636,3212,80.66298342541437,True,False,261.3797256769669,0.26430478246735445,1.036871991345048,0.7324320230405102,114.18376618407356,0.3342349447376368,1.0610194529837835,0.7421502912948833
G1020-928,4774,1012,0.2119815668202765,3762,78.80184331797236,True,False,282.10155108391484,0.5371259715933516,1.1855335887430716,0.7538437362441597,129.25483399593904,0.7842456424692121,1.6117322265484233,0.7611965093637729
G1020-93,4955,1861,0.37558022199798186,3094,62.44197780020182,True,False,283.37972567696687,0.3651294337662374,1.0741637405489446,0.7753824585463398,173.81727983645297,0.25754877462025033,1.0349124621283128,0.7740523596633128
G1020-930,4739,778,0.16416965604557923,3961,83.58303439544208,True,False,260.69343417595167,0.2778940480615269,1.0410033185698708,0.8762668583805723,106.08326112068522,0.43647973470253043,1.1114642003387938,0.8687518392716262
G1020-931,3419,824,0.24100614214682656,2595,75.89938578531734,True,False,216.75230867899737,0.38898473412008605,1.0854885161324774,0.9144953487388526,110.42640687119285,0.46305839004228694,1.1282507741534253,0.8491632560826016
G1020-932,6057,1142,0.1885421825986462,4915,81.14578174013538,True,False,296.5929291125633,0.4255437655354243,1.105048269714491,0.8652584545688108,127.7401153701776,0.4983703397435282,1.153450103854128,0.8794706686325167
G1020-933,4400,2231,0.5070454545454546,2169,49.29545454545455,True,False,261.45079348883235,0.4285012254409024,1.1067563938255787,0.8088772335596899,191.36753236814712,0.5815079348097513,1.2291947548817967,0.765548871636931
G1020-934,3708,649,0.17502696871628912,3059,82.49730312837109,True,False,229.9655121145938,0.1368598112482222,1.0094989551302707,0.8810979074430746,94.66904755831214,0.4652928511571343,1.1297433388923768,0.909994034299097
G1020-936,5227,1123,0.21484599196479817,4104,78.51540080352018,True,False,275.5218613006978,0.30949943388485457,1.0516357055135184,0.865267191417988,125.63961030678927,0.44943583635311807,1.1194289464349212,0.8939978182094354
G1020-938,4387,826,0.18828356507864144,3561,81.17164349213586,True,False,251.96551211459376,0.3870456441328358,1.0845274675745018,0.8683509769024393,106.42640687119285,0.23965527074083623,1.0300166961422403,0.9164127260474247
G1020-939,3811,719,0.1886643925478877,3092,81.13356074521123,True,False,234.65180361560903,0.4889753032371449,1.1463977055965373,0.8697631816444609,99.84062043356595,0.2975910614351932,1.0474566603472724,0.9064090062146561
G1020-940,4820,1095,0.22717842323651452,3725,77.28215767634855,True,False,264.5929291125633,0.3503001833951472,1.067648918805195,0.8651679727323509,124.8111831820431,0.2910333251529099,1.0452456356248927,0.883317801278875
G1020-941,3210,680,0.2118380062305296,2530,78.81619937694704,True,False,211.58073580374355,0.4320688360476583,1.1088433669441426,0.9010785472316678,97.01219330881976,0.5324013905743861,1.1813460290734021,0.9079587739990239
G1020-942,5317,904,0.17002068835809667,4413,82.99793116419033,True,False,281.2497833620557,0.5248479493703071,1.1748175511377477,0.8446798441967207,118.66904755831213,0.7827235921549284,1.6067625758833737,0.8066838847538674
G1020-943,3478,303,0.08711903392754457,3175,91.28809660724554,True,False,241.75230867899737,0.1880729218383544,1.0181691602200689,0.7478219034008725,66.698484809835,0.2286550614224257,1.027213446789307,0.8558951318554212
G1020-944,7497,3071,0.40963051887421636,4426,59.03694811257837,True,False,328.97770542341357,0.42711088681629344,1.1059509238981289,0.8704913112770659,207.92388155425118,0.6471235323437335,1.3116729587688567,0.8926494307732585
G1020-945,3373,671,0.19893270085976875,2702,80.10672991402312,True,False,220.40916292848976,0.5314906340415468,1.1805481059520255,0.872502971684151,97.42640687119285,0.7128826609007488,1.4259571763972656,0.8883395797934978
G1020-946,4364,733,0.16796516956920257,3631,83.20348304307974,True,False,250.06601717798213,0.4693187054957405,1.1324658285438096,0.8769710393982757,103.49747468305833,0.6755962035729111,1.3563518126944243,0.8599126389037018
G1020-947,4397,749,0.17034341596543098,3648,82.9656584034569,True,False,250.23759005323595,0.25177145039201576,1.0332855148853832,0.8823913292760136,101.01219330881975,0.27975698842622876,1.0415898005900155,0.9224526426349571
G1020-948,3648,497,0.13623903508771928,3151,86.37609649122807,True,False,248.86500705120545,0.3655428283625972,1.0743509735610495,0.7401794515928953,86.45584412271572,0.568169677872978,1.2151976104002207,0.8355598088576613
G1020-950,4640,808,0.17413793103448275,3832,82.58620689655173,True,False,256.79393923934,0.30078544036919613,1.0485567368905755,0.8842158705516918,108.08326112068524,0.4395470072333299,1.1133135073620077,0.8691692337102938
G1020-952,3424,700,0.2044392523364486,2724,79.55607476635514,True,False,220.40916292848974,0.4335132285220213,1.1096966146597642,0.8856952786974605,98.76955262170047,0.4343391497163696,1.1101866809988834,0.9016992963686009
G1020-954,5472,817,0.14930555555555555,4655,85.06944444444444,True,False,280.9360748630709,0.33459336196012807,1.0611626491765453,0.87124627058128,108.32590180780451,0.30707864584914746,1.0507687964403887,0.8749178844304333
G1020-955,3244,764,0.23551171393341552,2480,76.44882860665845,True,False,214.65180361560903,0.36942752791686717,1.0761256159132047,0.8847521477453875,103.01219330881975,0.25802086321141077,1.0350473822157589,0.9047445054245866
G1020-956,3603,996,0.27643630308076605,2607,72.35636969192339,True,False,226.65180361560903,0.5047656453619476,1.1584043618084985,0.8813649334543416,119.9827560572969,0.5157529210288758,1.1672188383179702,0.869423821115897
G1020-958,3591,649,0.18072960178223335,2942,81.92703982177666,True,False,223.23759005323592,0.3231455681306505,1.0566923134622104,0.9055045110002421,95.01219330881975,0.269167929479153,1.0383210457996968,0.9034328405131727
G1020-96,3594,691,0.1922648859209794,2903,80.77351140790205,True,False,224.89444430272832,0.33499382320609883,1.061322893207822,0.8929568700632222,97.25483399593904,0.4195878952686113,1.1016677232658239,0.9180482722556266
G1020-960,4876,874,0.1792452830188679,4002,82.0754716981132,True,False,266.27922061357856,0.5353550441904824,1.1839544018212065,0.8641696441985536,112.91168824543142,0.6633630245295243,1.3363664694901007,0.8614766185267204
G1020-961,3560,725,0.20365168539325842,2835,79.63483146067416,True,False,224.3086578651014,0.2849721187934211,1.0432578456346764,0.889135168274705,100.66904755831214,0.4685190241434134,1.1319216056025083,0.898992256943929
G1020-962,4445,1446,0.3253093363329584,2999,67.46906636670417,True,False,253.03657992645927,0.3759155208820589,1.0791515136222802,0.8723987033009457,142.22539674441617,0.5620961297936519,1.2090847124943227,0.8983050664801415
G1020-963,4511,906,0.20084238528042564,3605,79.91576147195744,True,False,255.1370849898476,0.5600402058120713,1.2070509696529566,0.8708342720439172,111.63961030678928,0.23831446661371253,1.0296667129865662,0.913485037083297
G1020-964,4536,590,0.1300705467372134,3946,86.99294532627866,True,False,253.6223663640862,0.35850457949081893,1.0712051857003477,0.8861511578671591,92.42640687119285,0.5743430440029307,1.2215758764116178,0.8679000948326302
G1020-965,4461,1258,0.28199955167002916,3203,71.80004483299709,True,False,263.1370849898476,0.5768686630757625,1.2242345831163375,0.8096139239262096,142.0538238691624,0.5785792498273407,1.2260518788107981,0.7834019489052563
G1020-966,3500,373,0.10657142857142857,3127,89.34285714285714,True,False,243.99494936611666,0.36125665423941633,1.0724246744769366,0.7387818801062898,76.5269119345812,0.548824054532183,1.1962611230847306,0.8003691091251588
G1020-967,4335,906,0.20899653979238755,3429,79.10034602076125,True,False,244.89444430272835,0.28473967095976294,1.0431826697152224,0.9083246501485847,115.1543289325507,0.24393870605392481,1.0311503812485958,0.8585735876132233
G1020-968,4376,1214,0.2774223034734918,3162,72.25776965265082,True,False,250.69343417595167,0.3957124533458779,1.088880451605025,0.8749863098410405,130.22539674441617,0.35252321941803993,1.0686009006728667,0.8995745749808508
G1020-970,6244,2112,0.3382447149263293,4132,66.17552850736708,True,False,300.83556979968256,0.3440500710334051,1.0650179591308808,0.8669906011720905,173.95331880577402,0.39704627178049867,1.0895636659070131,0.8770782471640296
G1020-971,4901,915,0.1866965925321363,3986,81.33034074678636,True,False,266.2081528017131,0.37370910541251073,1.078113694726944,0.8690642053132022,124.46803743153546,0.7434494058382561,1.4952327925856523,0.7421903007164097
G1020-972,4869,1064,0.21852536455124255,3805,78.14746354487573,True,False,265.86500705120545,0.5950205423832922,1.2442291230238172,0.8656199944582916,121.1543289325507,0.5318452732006514,1.180858454320595,0.910906118391504
G1020-973,4159,1079,0.2594373647511421,3080,74.0562635248858,True,False,244.79393923933998,0.5598771504939389,1.2068904304411845,0.8721626057855073,123.1543289325507,0.5256956879199737,1.1755402508940471,0.8939885253398194
G1020-974,4155,1212,0.29169675090252706,2943,70.83032490974729,True,False,241.3086578651014,0.3825808378432427,1.0823424231895673,0.8966750462025883,131.39696961967,0.49060734346938767,1.1476039432967107,0.8821486732013659
G1020-975,3186,756,0.23728813559322035,2430,76.27118644067797,True,False,215.23759005323592,0.5543724244469407,1.2015350105351772,0.8642102122417257,101.42640687119285,0.48842701562470825,1.1459942196623902,0.9234844321377126
G1020-977,4123,939,0.2277467863206403,3184,77.22532136793598,True,False,238.7228714274745,0.49952749301961735,1.154337145819366,0.9091491552557089,116.32590180780451,0.2967256800049284,1.047161253895315,0.872012278613469
G1020-978,3993,815,0.20410718757826196,3178,79.5892812421738,True,False,238.7228714274745,0.4378137978795966,1.1122658040793274,0.8804832832733558,108.49747468305833,0.33827694224094257,1.0626466277663327,0.8700179498036674
G1020-979,3738,561,0.15008025682182985,3177,84.99197431781701,True,False,229.8233764908628,0.5666618650005482,1.2136652268302666,0.8893255289075536,92.18376618407356,0.7329050105945307,1.4698727914076488,0.8295906155773254
G1020-98,4994,930,0.18622346816179416,4064,81.37765318382058,True,False,270.1076477383248,0.49227665417921407,1.1488458531538788,0.8601706906520343,114.08326112068522,0.5518731816637407,1.199144219785633,0.8979433907501255
G1020-980,4622,1266,0.27390739939420167,3356,72.60926006057984,True,False,269.9360748630709,0.6349117465740594,1.2943565118108025,0.7971094321018208,147.46803743153546,0.6093214073415131,1.2611559655268259,0.731556323541245
G1020-981,5398,1847,0.34216376435716933,3551,65.78362356428306,True,False,283.35028842544403,0.5605685780681017,1.2075719507441742,0.8448807714065306,166.19595949289334,0.6505901695798215,1.316778761606891,0.8403028513043745
G1020-982,3684,1201,0.3260043431053203,2483,67.39956568946796,True,False,232.3086578651014,0.5182115400799254,1.1692453710201882,0.8578249903944695,135.0538238691624,0.6217747329749533,1.2768193801457925,0.827444933498673
G1020-983,5088,1775,0.34886006289308175,3313,65.11399371069182,True,False,267.79393923934,0.3322879732220052,1.0602452778815747,0.891570066631568,160.95331880577402,0.40654886028917864,1.094536135937306,0.8610103046477027
G1020-984,4584,912,0.19895287958115182,3672,80.10471204188482,True,False,259.6223663640862,0.4860936005119018,1.144286844657237,0.8546145153724597,114.32590180780451,0.5336947784100101,1.18248432159938,0.8768300612460082
G1020-986,4003,454,0.11341493879590307,3549,88.6585061204097,True,False,237.7228714274745,0.45142949913794234,1.120690788543742,0.8901301660573092,79.01219330881976,0.545619731684678,1.193270602568873,0.9138553984165751
G1020-987,2876,1512,0.5257301808066759,1364,47.426981919332405,True,False,212.61017305526644,0.7681975218805244,1.561980378308269,0.7995224515749884,150.22539674441617,0.766807344523294,1.5579300995102605,0.841927966624383
G1020-988,4628,814,0.17588591184096802,3814,82.4114088159032,True,False,253.7228714274745,0.2967951116166478,1.0471849141056242,0.9034080972326025,107.49747468305833,0.35611277207907704,1.0701562484617533,0.8851925394191307
G1020-989,4491,1315,0.2928078378980183,3176,70.71921621019818,True,False,251.7228714274745,0.5541625404316568,1.2013332674475456,0.8906510101374991,137.1543289325507,0.6837352063031384,1.3703694835510496,0.8784490503984677
G1020-99,3892,1373,0.3527749229188078,2519,64.72250770811921,True,False,236.06601717798213,0.44750682854663787,1.1182173645934361,0.8776386686726892,141.39696961967002,0.5461418154764787,1.193755131026266,0.8629789402027477
G1020-991,3405,432,0.12687224669603525,2973,87.31277533039648,True,False,232.06601717798213,0.6597915255719096,1.3307628388563586,0.7945182598692982,80.698484809835,0.44625717647398705,1.1174373439948284,0.833609873365623
G1020-992,4540,710,0.15638766519823788,3830,84.36123348017621,True,False,253.48023074035524,0.5302506716464427,1.1794665446010295,0.8879275461559759,99.59797974644667,0.6651174973732125,1.3391564871969222,0.8994295549683002
G1020-993,3820,785,0.2054973821989529,3035,79.45026178010471,True,False,235.9655121145938,0.4203637436054032,1.1021036471945527,0.8621367571565959,105.42640687119285,0.42716853070382615,1.1059842320392415,0.8875252353381332
G1020-994,4084,708,0.1733594515181195,3376,82.66405484818804,True,False,240.65180361560903,0.5129709128551151,1.1649499332462043,0.886170636688236,98.66904755831214,0.6000963460106403,1.2501129298481506,0.9138633271353814
G1020-995,5827,1528,0.2622275613523254,4299,73.77724386476746,True,False,291.35028842544403,0.512484768595179,1.164556062661086,0.8626288473613196,150.12489168102783,0.6504893255968565,1.3166290042476565,0.8519768694505243
G1020-996,4981,1598,0.32081911262798635,3383,67.91808873720136,True,False,269.5218613006979,0.5219812734569609,1.1723921186973616,0.8616649180315799,153.95331880577405,0.5933896951802872,1.2423667151678763,0.8472440507517045
G1020-997,4612,1526,0.33087597571552474,3086,66.91240242844752,True,False,277.6162697096763,0.5501158527805476,1.197478090449486,0.7519852704431849,155.1543289325507,0.6029401050227398,1.253468258557333,0.7965932152647165
G1020-998,4216,1279,0.3033681214421252,2937,69.66318785578748,True,False,248.10764773832472,0.5668509148096224,1.213856816559104,0.8606571155047193,134.5685424949238,0.5953630760982106,1.2446220094492946,0.8875509869686391
G1020-999,3727,1222,0.3278776495841159,2505,67.21223504158841,True,False,231.1370849898476,0.193318844648858,1.0192267061901905,0.8766575817188689,129.9827560572969,0.4152688854340142,1.0992650457534694,0.9088863635754061
ORIGA-1,5977,2883,0.4823490045173164,3094,51.76509954826837,True,False,306.7645019878171,0.5739302501163492,1.2211440794792623,0.7981470529405809,211.50966799187808,0.6323565368491261,1.2908597649754983,0.8098303697032629
ORIGA-10,3790,813,0.21451187335092348,2977,78.54881266490766,True,False,236.40916292848974,0.38991288532495766,1.0859511339743964,0.8521586632135386,107.84062043356595,0.28768329311185464,1.0441404104757672,0.8784876369740281
ORIGA-100,5083,1888,0.3714341924060594,3195,62.856580759394056,True,False,279.27922061357856,0.4205829200823781,1.1022270351151826,0.8189412104879275,168.29646455628165,0.1592196106084829,1.0129216493351527,0.8376486029320805
ORIGA-101,4455,1464,0.32861952861952864,2991,67.13804713804714,True,False,260.62236636408613,0.18455891301068927,1.0174788079634272,0.8242030265530935,146.63961030678928,0.5431170572695062,1.1909625132943824,0.8555558104050406
ORIGA-102,5487,2195,0.4000364497904137,3292,59.996355020958624,True,False,283.9360748630709,0.30036123330406295,1.048409772255058,0.8552708602494866,184.68124086713186,0.49487684621732536,1.1507968231252101,0.8087211866830468
ORIGA-103,5861,2427,0.41409315816413583,3434,58.59068418358642,True,False,290.35028842544403,0.19583946996522028,1.0197464018170956,0.8736491562855693,189.6812408671319,0.422347898990089,1.1032245143336443,0.8476779302457277
ORIGA-104,3539,888,0.25091833851370443,2651,74.90816614862955,True,False,231.65180361560903,0.3005722805674641,1.0484828549821401,0.8287414384182614,112.66904755831214,0.44342050259102445,1.1156808094671014,0.8790500110081738
ORIGA-105,3317,1541,0.4645764244799518,1776,53.54235755200483,True,False,220.30865786510142,0.42510096258966934,1.1047942176784569,0.8588003367698338,155.88225099390854,0.6402325937377906,1.3017763390331525,0.7969281462263532
ORIGA-106,4883,1370,0.2805652262953103,3513,71.94347737046898,True,False,264.5512985522207,0.36736539745137214,1.0751801456887493,0.8767520562021083,141.98275605729688,0.09634086476095527,1.0046733383013184,0.8540026670144758
ORIGA-107,5162,1381,0.2675319643549012,3781,73.24680356450988,True,False,275.5868324581535,0.4047340961236334,1.0935721319780447,0.8541043582594172,145.22539674441617,0.2685244677971008,1.0381274481483231,0.8228456913310623
ORIGA-108,3706,939,0.2533729087965461,2767,74.66270912034538,True,False,234.99494936611666,0.5053774913278751,1.1588850304822682,0.8433313059919789,117.08326112068524,0.5482709406965788,1.195742055403015,0.8607674497376255
ORIGA-109,3614,1093,0.3024349750968456,2521,69.75650249031544,True,False,233.40916292848976,0.586763024286192,1.2349357890906627,0.8336086452997066,123.7401153701776,0.40062182575162614,1.0914129258683254,0.8970341827604926
ORIGA-11,3730,1419,0.3804289544235925,2311,61.957104557640754,True,False,235.7228714274745,0.07957780282888213,1.0031814314641598,0.8435585862943763,145.46803743153546,0.2797549392608939,1.0415891527823176,0.8426691606043841
ORIGA-110,5034,2174,0.4318633293603496,2860,56.813667063965035,True,False,271.9360748630709,0.24775771333339694,1.032181323852146,0.8554397481759202,181.6101730552664,0.053971881665869595,1.0014596717589976,0.8283026661184377
ORIGA-111,4783,1565,0.32720050177712734,3218,67.27994982228726,True,False,266.4213562373095,0.23196137704419229,1.0280397884346257,0.8467830873313031,149.63961030678928,0.35305123708409103,1.0688282776621407,0.8782761083333389
ORIGA-112,2745,1051,0.38287795992714024,1694,61.712204007285976,True,False,197.50966799187808,0.4496471601999833,1.1195622327171528,0.8842508681642393,125.7401153701776,0.6092686235968028,1.2610914594102087,0.8353430642483191
ORIGA-113,2962,942,0.31802835921674544,2020,68.19716407832546,True,False,205.40916292848974,0.4474078347218666,1.1181554344125009,0.8821761101477381,113.49747468305833,0.35761612327073716,1.07081436951281,0.9189425677879525
ORIGA-114,4504,1318,0.2926287744227353,3186,70.73712255772647,True,False,257.5512985522207,0.17167302390273723,1.015069741273332,0.8532587647159751,141.12489168102786,0.551439283464076,1.1987316983856882,0.8316067984986586
ORIGA-115,4454,1260,0.2828917826672654,3194,71.71082173327346,True,False,258.3797256769669,0.30189155654596184,1.0489412135525824,0.8383844432520505,131.74011537017762,0.23816467746116585,1.029627758306915,0.9123139807746563
ORIGA-116,5024,2798,0.5569267515923567,2226,44.30732484076433,True,False,276.27922061357856,0.10080929137230535,1.0051203162946365,0.8271095786773525,201.92388155425118,0.3808758517215801,1.081518146602957,0.862347288471235
ORIGA-117,4257,2373,0.5574348132487668,1884,44.256518675123324,True,False,250.55129855222071,0.09694160318251557,1.0047322173363877,0.8521581429374485,190.16652224137044,0.30983320595635494,1.0517559359457946,0.8245926774037652
ORIGA-118,5176,1993,0.3850463678516229,3183,61.49536321483772,True,False,277.27922061357856,0.347417157203802,1.0664270138072014,0.8459982845298858,169.36753236814712,0.39625478321905255,1.0891578137980045,0.8730856347438363
ORIGA-119,3610,1352,0.3745152354570637,2258,62.548476454293635,True,False,234.75230867899734,0.3167196759449848,1.0542749312755078,0.8231847605867326,140.08326112068525,0.36129259502971134,1.0724406897815169,0.8657929968327833
ORIGA-12,3694,1005,0.27206280454791554,2689,72.79371954520845,True,False,236.79393923933998,0.4418926142636978,1.1147427499221094,0.8278765674981712,122.39696961966999,0.31945586295478423,1.05529630608696,0.8430136271357872
ORIGA-120,3447,1224,0.35509138381201044,2223,64.49086161879896,True,False,226.82337649086284,0.09546749623944865,1.0045884095705677,0.8419291093183384,133.39696961967,0.2659809472157983,1.0373677650315827,0.8643693410817125
ORIGA-121,4991,2320,0.4648367060709277,2671,53.51632939290724,True,False,279.6223663640862,0.46110032945988216,1.1269535646687303,0.8021463662728855,186.12489168102786,0.4842482050827268,1.142947704571441,0.8415674564270438
ORIGA-122,5176,1437,0.2776275115919629,3739,72.23724884080372,True,False,277.7645019878171,0.37839105595404865,1.0803267988524814,0.8430447856169668,143.22539674441617,0.29418352375424955,1.0462998683788132,0.8802916132687296
ORIGA-123,3494,604,0.1728677733257012,2890,82.71322266742987,True,False,227.58073580374355,0.46974507463448084,1.1327566948856982,0.8477382328555315,93.01219330881975,0.43498759919881064,1.1105725533062605,0.8773381843825551
ORIGA-124,4314,3303,0.7656467315716272,1011,23.435326842837274,True,False,254.69343417595167,0.37719614705220716,1.0797580614546192,0.8357078973201936,223.48023074035524,0.2635243520332831,1.0366424669951786,0.8310749947604482
ORIGA-125,4549,1513,0.3326005715541877,3036,66.73994284458122,True,False,258.9655121145938,0.5253829070939086,1.175273313212557,0.8523970535548476,146.95331880577402,0.41886543576857255,1.101262984410474,0.8804201928077235
ORIGA-126,4182,1347,0.32209469153515063,2835,67.79053084648493,True,False,248.06601717798213,0.5693474677630852,1.2164014856827505,0.8540028985439471,136.1543289325507,0.35306329677851744,1.0688334765258583,0.9130920294705747
ORIGA-127,3910,837,0.21406649616368287,3073,78.59335038363172,True,False,243.40916292848976,0.6205570956411949,1.27524789019212,0.8293021202496974,107.49747468305833,0.3426571561704416,1.0644406827707986,0.9102041222282706
ORIGA-128,5242,2015,0.3843952689813048,3227,61.56047310186952,True,False,279.86500705120545,0.5484029257390172,1.1958658073793855,0.8410265014915346,175.78174593052023,0.26943344680820097,1.038401098415416,0.8194781286754125
ORIGA-129,4873,1541,0.316232300430946,3332,68.37676995690539,True,False,272.86500705120545,0.42064641943476966,1.102262802569224,0.8224520494076837,149.0538238691624,0.44780113171073144,1.1184016213449055,0.8716181370745593
ORIGA-13,3319,820,0.24706236818318772,2499,75.29376318168123,True,False,225.16652224137044,0.5047848456014508,1.1584194276612876,0.822639343629591,107.08326112068522,0.32129228545722294,1.055988424350978,0.8986292258319436
ORIGA-130,4967,1215,0.24461445540567747,3752,75.53855445943225,True,False,277.2497833620557,0.3504098921189523,1.0676956991551636,0.8120104027603907,135.63961030678928,0.46013869893395104,1.1263201292288305,0.8298757520103456
ORIGA-131,4465,873,0.19552071668533036,3592,80.44792833146697,True,False,260.96551211459376,0.45784843057279534,1.1248210975085995,0.8238821493625121,114.9116882454314,0.6670340095476438,1.3422327516219723,0.8307984876792877
ORIGA-132,4501,785,0.17440568762497222,3716,82.55943123750278,True,False,256.62236636408613,0.4405450161255057,1.1139200198050907,0.858874811468837,105.84062043356595,0.5960403313727424,1.2454005854816486,0.8805920630495903
ORIGA-133,4063,1411,0.3472803347280335,2652,65.27196652719665,True,False,246.7228714274745,0.2563354941960318,1.0345670879025515,0.8387602967487845,146.8111831820431,0.45240615953537144,1.1213125470893044,0.822656626460449
ORIGA-134,4152,1747,0.4207610789980732,2405,57.923892100192674,True,False,250.79393923933998,0.5044407682512577,1.1581496163822629,0.8295319825347233,161.19595949289334,0.4502354272182552,1.1199338460272943,0.8448789029169422
ORIGA-135,3767,962,0.2553756304751792,2805,74.46243695248208,True,False,235.40916292848976,0.3094581100314324,1.051620831833552,0.854198408831151,115.49747468305833,0.4709218994519542,1.1335620558929214,0.9062331796436088
ORIGA-136,3818,898,0.2352016762702986,2920,76.47983237297015,True,False,237.7228714274745,0.3829698488772611,1.0825312717033455,0.8489924991273561,115.5685424949238,0.5507448880635674,1.198073072283333,0.8449031482517245
ORIGA-137,3854,1778,0.461338868707836,2076,53.866113129216394,True,False,237.23759005323592,0.3561205012320615,1.0701596218613976,0.8605073159729102,166.8528137423857,0.3374786026828299,1.0623230970605355,0.8025545310075536
ORIGA-138,4168,1745,0.41866602687140114,2423,58.13339731285988,True,False,244.96551211459376,0.2595520239063677,1.035487044929548,0.872826016244481,164.19595949289334,0.1543277943834504,1.0121255657162593,0.8133554172573413
ORIGA-139,5381,1398,0.2598030105928266,3983,74.01969894071733,True,False,282.6223663640862,0.25831477988187657,1.0351315333519504,0.8465640060492041,147.46803743153546,0.6693177952947005,1.3459380664680114,0.8078323383180573
ORIGA-14,3486,1302,0.37349397590361444,2184,62.65060240963856,True,False,231.82337649086284,0.6302114509215737,1.2879568137117308,0.8151223339978776,140.88225099390854,0.3427026378835189,1.0644594803247724,0.8243436256589541
ORIGA-140,4974,1232,0.24768797748291113,3742,75.23120225170888,True,False,271.27922061357856,0.470417770121065,1.1332165975649893,0.8493419733537982,135.7401153701776,0.38092648965186987,1.0815425474208529,0.8402415311790324
ORIGA-141,3166,679,0.21446620341124448,2487,78.55337965887556,True,False,216.58073580374355,0.3580956593363723,1.071025135353656,0.848166518992573,96.66904755831214,0.4415074788498623,1.1145071760146938,0.9130714405436355
ORIGA-142,2975,770,0.25882352941176473,2205,74.11764705882354,True,False,211.99494936611669,0.4560767063009295,1.1236706668397316,0.8318515027703474,104.42640687119285,0.3447763278532167,1.0653202504509,0.8873192823652506
ORIGA-143,6024,2231,0.3703519256308101,3793,62.96480743691899,True,False,299.1787155501902,0.474260494070987,1.1358672548394526,0.8457333188998281,183.6101730552664,0.2846138039325836,1.0431419954566865,0.8316028220409263
ORIGA-144,5058,1590,0.3143534994068802,3468,68.56465005931199,True,False,273.34419177103416,0.3133981773283198,1.0530507926806603,0.8506854187986426,151.95331880577402,0.5241017633869071,1.1741834897061505,0.8653396597174957
ORIGA-145,4821,1280,0.2655050819332089,3541,73.4494918066791,True,False,274.3208511739212,0.523415034936622,1.1736016530881022,0.8050620525465841,135.0538238691624,0.19265064781552346,1.0190901999436455,0.8818730348695266
ORIGA-146,4973,1637,0.3291775588176151,3336,67.08224411823849,True,False,274.45079348883235,0.39293449145144704,1.0874689725567654,0.8296584518379952,153.0538238691624,0.4077636201906695,1.0951852605340002,0.8781529702666788
ORIGA-147,5101,1005,0.1970201921191923,4096,80.29798078808076,True,False,276.37972567696687,0.4058977739225686,1.0941894889672328,0.8391755554314065,121.9827560572969,0.6111718408820908,1.263427175153408,0.8487485449640265
ORIGA-148,4382,609,0.1389776357827476,3773,86.10223642172524,True,False,255.6223663640862,0.5639717374245913,1.210955626692172,0.8427223953070264,91.94112549695429,0.6797789867247118,1.3634807606438117,0.9053312780045519
ORIGA-149,4703,1226,0.26068466935998297,3477,73.9315330640017,True,False,263.7228714274745,0.5031831088819959,1.1571665739425014,0.8497462395366083,135.53910524340094,0.4395281403377874,1.1133020643016056,0.8386313736028412
ORIGA-15,4598,1844,0.4010439321444106,2754,59.89560678555894,True,False,262.45079348883235,0.5256013207889505,1.1754596789123875,0.8388475697625467,170.4386001800126,0.32653816380907735,1.057995037080177,0.7976913146187796
ORIGA-150,4352,1231,0.2828584558823529,3121,71.71415441176471,True,False,257.06601717798213,0.5266076687346121,1.1763205145907851,0.827578906765489,133.08326112068522,0.44657653025428956,1.1176363188387093,0.8734158082072387
ORIGA-151,3219,1539,0.47809878844361603,1680,52.190121155638394,True,False,218.06601717798213,0.23989592054135292,1.0300797574772023,0.8506577392903742,150.95331880577402,0.3598571795963297,1.0718028591672102,0.8487174908175664
ORIGA-152,3319,1318,0.39710756251883095,2001,60.2892437481169,True,False,220.7523086789974,0.30787261992094084,1.0510521405334303,0.8558676435184482,138.3259018078045,0.432705344055746,1.1092187785621361,0.8656020050999877
ORIGA-153,5393,1682,0.3118857778601891,3711,68.81142221398109,True,False,287.35028842544403,0.45150221243242583,1.1207369971637762,0.8207615624095463,159.1959594928933,0.2945090145760884,1.0464096258587345,0.8340109905983926
ORIGA-154,3859,1298,0.3363565690593418,2561,66.36434309406583,True,False,243.37972567696687,0.4939018215400249,1.150062875556348,0.8186831427869861,135.8111831820431,0.43616213270809306,1.111273976822977,0.8843282338499407
ORIGA-155,3655,1035,0.28317373461012313,2620,71.68262653898769,True,False,235.65180361560903,0.5149730938684609,1.1665802632594642,0.8270955975044698,120.08326112068522,0.4289199284941364,1.1069998213649783,0.9019558228126768
ORIGA-156,3090,844,0.27313915857605175,2246,72.68608414239482,True,False,212.55129855222071,0.270378377955085,1.0386867832422175,0.8594899805704515,108.42640687119285,0.37469760680667097,1.0785775247407459,0.9021571151682999
ORIGA-157,4051,612,0.15107380893606517,3439,84.89261910639348,True,False,245.5512985522207,0.3471186531854541,1.0663013149144658,0.844282207285514,93.18376618407356,0.5797806482317316,1.2273363049991954,0.8856880145733409
ORIGA-158,4580,3407,0.743886462882096,1173,25.61135371179039,True,False,263.73506473629425,0.3767870610979955,1.0795639690682726,0.8274458688878646,228.1370849898476,0.42558307495012354,1.1050708442031907,0.8226028719919236
ORIGA-159,4757,3207,0.6741643893210006,1550,32.583561067899936,True,False,272.35028842544403,0.4162256218005172,1.0997937857680602,0.8059114691226315,218.65180361560903,0.10914175241303128,1.0060097050296908,0.8429517094969812
ORIGA-16,3722,1158,0.3111230521225148,2564,68.88769478774852,True,False,234.1370849898476,0.2860450621615406,1.0436058528288024,0.853190121987257,129.05382386916236,0.509938026378122,1.1625052860657554,0.8737288356386189
ORIGA-160,4558,2905,0.637340939008337,1653,36.2659060991663,True,False,260.1370849898476,0.534294318625989,1.1830140253640908,0.8464077789552766,211.40916292848976,0.4889532081089901,1.1463814287483651,0.8167861923807624
ORIGA-161,4840,2241,0.46301652892561984,2599,53.69834710743802,True,False,271.45079348883235,0.31790185892516937,1.054714779527151,0.8254162121303131,182.95331880577402,0.5402851834775967,1.1883795794632037,0.8413392236496052
ORIGA-162,5513,2637,0.47832396154543805,2876,52.16760384545619,True,False,290.1787155501902,0.5284630831245308,1.177916955784244,0.822747835628894,200.82337649086284,0.16697409178019043,1.0142386082260095,0.8216587120173666
ORIGA-163,3445,317,0.09201741654571843,3128,90.79825834542817,True,False,231.50966799187808,0.5885888414761576,1.2369615861470555,0.8077199802207065,69.62741699796952,0.8063174596575479,1.6906656296395866,0.8216910522087587
ORIGA-164,3696,1125,0.30438311688311687,2571,69.56168831168831,True,False,238.16652224137044,0.5250404293585949,1.174981421666135,0.8188048312054859,128.1543289325507,0.35756458359703747,1.0707917409868777,0.860787248465433
ORIGA-165,5151,2358,0.45777518928363425,2793,54.22248107163657,True,False,280.6223663640862,0.3538772624100716,1.0691849586947904,0.8219716688971105,188.6101730552664,0.5594383324314329,1.2064589336353024,0.8329586406586477
ORIGA-166,4951,2784,0.5623106443142799,2167,43.768935568572005,True,False,278.69343417595167,0.3771073575609949,1.079715908149688,0.801030985944041,203.3380951166243,0.21577284452098572,1.0241247039797228,0.8461387673392778
ORIGA-167,6317,2710,0.4290011081209435,3607,57.09988918790565,True,False,308.4213562373095,0.39911896247369283,1.0906324850441325,0.8345105966864805,202.75230867899737,0.4233410414816336,1.103788823426899,0.82841420783636
ORIGA-168,6269,3080,0.49130642845748923,3189,50.86935715425107,True,False,305.2497833620557,0.09323515146012648,1.004374940325635,0.8454684484893205,213.82337649086284,0.3697072713428542,1.0762544766033868,0.846545321867002
ORIGA-169,4404,1704,0.3869209809264305,2700,61.30790190735694,True,False,253.7228714274745,0.46061996865949084,1.126636847453309,0.8596822083432112,161.61017305526642,0.4820326925237441,1.1413528651997582,0.8198644657940874
ORIGA-17,5335,2079,0.38969072164948454,3256,61.03092783505155,True,False,283.072113832392,0.31814405621980785,1.0548051629277737,0.8366621298317264,177.19595949289334,0.6354638393061364,1.2951176418331891,0.8320639841619912
ORIGA-170,4355,1687,0.38737083811710676,2668,61.26291618828932,True,False,254.41525958289964,0.40967828312573695,1.096214683827616,0.8454962986550293,159.36753236814712,0.11629095367322925,1.006831157881726,0.8346900767024932
ORIGA-171,4211,2171,0.5155545001187366,2040,48.44454998812633,True,False,259.2081528017131,0.41382127497555793,1.0984687788710306,0.7875856437271976,177.78174593052023,0.6244494430973543,1.2803027993057943,0.8631680439627715
ORIGA-172,3953,1609,0.4070326334429547,2344,59.29673665570453,True,False,238.8944443027283,0.11102324893779593,1.0062206478740041,0.8704114159582165,156.53910524340094,0.4932524415419982,1.1495756358975402,0.8251258893874159
ORIGA-173,3300,1492,0.45212121212121215,1808,54.78787878787878,True,False,224.40916292848974,0.314955647919713,1.0536226606070007,0.8234602358984587,147.78174593052023,0.23252361404725133,1.0281816879119705,0.8584936771850684
ORIGA-174,4686,1760,0.3755868544600939,2926,62.441314553990615,True,False,267.4213562373095,0.37432692867284384,1.0784033793739518,0.8234172752865894,166.19595949289334,0.42975465834009785,1.1074863108099435,0.8007217207881426
ORIGA-175,5207,1886,0.36220472440944884,3321,63.77952755905512,True,False,272.1076477383248,0.39837009168513277,1.0902453115622963,0.8837225674219367,168.8528137423857,0.5873686190201592,1.2356059134476665,0.8312562971428553
ORIGA-176,5619,2067,0.3678590496529632,3552,63.21409503470369,True,False,293.55129855222066,0.32008735900844076,1.0555337058761447,0.81940929181907,177.36753236814712,0.43088928859695985,1.1081501353756606,0.8256616113329786
ORIGA-177,6624,3113,0.46995772946859904,3511,53.0042270531401,True,False,317.0782104868019,0.42474069962248345,1.1045878459881984,0.8279371896240938,216.30865786510142,0.425839514306683,1.1052181965548544,0.8360671876401381
ORIGA-178,4494,1755,0.39052069425901204,2739,60.9479305740988,True,False,258.76450198781714,0.49467124793178446,1.1506418220848758,0.8433998808332415,160.46803743153546,0.2660979741233313,1.0374025227979942,0.8564655574598422
ORIGA-179,4424,1284,0.29023508137432186,3140,70.97649186256781,True,False,256.1370849898476,0.3678895052770987,1.0754197074048488,0.8473836048025167,141.88225099390854,0.33937931564644025,1.0630951145623282,0.8015280911742367
ORIGA-18,4267,1596,0.37403327865010544,2671,62.59667213498945,True,False,248.45079348883235,0.18741049790124523,1.018037918285202,0.8686638144243695,151.78174593052023,0.3450455567178852,1.065432539602444,0.8705699308271504
ORIGA-180,3955,2042,0.5163084702907712,1913,48.36915297092288,True,False,238.1370849898476,0.26132214182529745,1.0359992704193464,0.8763998317473515,173.53910524340094,0.4970232311477273,1.1524226004514102,0.8520614049686017
ORIGA-181,3897,2128,0.5460610726199641,1769,45.39389273800359,True,False,247.03657992645927,0.17757730398847618,1.0161498168716308,0.8024495493931738,174.2670273047588,0.4782927939402372,1.1386922172257585,0.8805439586464116
ORIGA-182,4379,1821,0.4158483672071249,2558,58.415163279287505,True,False,258.27922061357856,0.2542053643195212,1.0339654937177407,0.824908682600005,164.12489168102786,0.3728468947801122,1.0777106104637695,0.8495147128545564
ORIGA-183,3548,1444,0.4069898534385569,2104,59.301014656144304,True,False,231.16652224137047,0.3822428905708749,1.08217859986463,0.8343410208977243,142.8111831820431,0.44256131597717363,1.1151526151683284,0.8897185035286244
ORIGA-184,3803,1226,0.32237707073363137,2577,67.76229292663687,True,False,235.79393923933998,0.34723910972926,1.0663520203489958,0.8595495425382693,131.63961030678928,0.28117861810361866,1.0420406604376058,0.8890519896905806
ORIGA-185,4251,1274,0.2996941896024465,2977,70.03058103975535,True,False,254.37972567696687,0.5030409964178183,1.1570558039391488,0.8255359295976421,141.4386001800126,0.4300663355795897,1.1076683669440721,0.8002826343702556
ORIGA-186,3310,893,0.26978851963746225,2417,73.02114803625378,True,False,222.7228714274745,0.3300607340931405,1.0593672610343476,0.8385099562778968,116.8111831820431,0.23165252800114486,1.0279620110741192,0.8224177538851576
ORIGA-187,3472,901,0.2595046082949309,2571,74.04953917050692,True,False,227.82337649086284,0.4322705119295885,1.1089622140690316,0.840607019623105,113.91168824543144,0.23733395380366865,1.0294122419643053,0.8725655814290523
ORIGA-188,4732,1830,0.3867286559594252,2902,61.32713440405748,True,False,264.2081528017131,0.42003910728640087,1.1019210836649227,0.8518481224733958,164.4386001800126,0.49611025426869076,1.1517293651034015,0.8504590589886918
ORIGA-189,4267,893,0.20928052495898758,3374,79.07194750410125,True,False,254.86500705120545,0.28928409682041767,1.0446665055091993,0.825490510135206,115.91168824543142,0.562513536596834,1.209499786104269,0.8352314908320191
ORIGA-19,3243,640,0.1973481344434166,2603,80.26518655565835,True,False,221.82337649086284,0.37277588956055896,1.0776774770718935,0.8282132790555023,97.42640687119285,0.502177841101141,1.1563843683905606,0.847298555987837
ORIGA-190,3373,988,0.2929143195967981,2385,70.70856804032019,True,False,229.86500705120545,0.33665827654149144,1.0619917590252113,0.8021959779206329,116.5685424949238,0.4671624219707383,1.1310022781297357,0.91370094888577
ORIGA-191,5004,1599,0.3195443645083933,3405,68.04556354916068,True,False,270.86500705120545,0.30829258214724553,1.0512024005069365,0.8570799989594028,154.46803743153546,0.3829432384075955,1.0825183441717532,0.8421337451469779
ORIGA-192,4581,574,0.1253001528050644,4007,87.46998471949357,True,False,265.37972567696687,0.2905850610277211,1.0450968008429693,0.8174000767460364,90.66904755831214,0.2759327736744358,1.0403911719079129,0.8774121602376148
ORIGA-193,4622,1345,0.2909995672868888,3277,70.90004327131112,True,False,265.69343417595167,0.2809977037300573,1.0419831252341298,0.8227694557002101,145.05382386916236,0.40035094289800705,1.0912719150679986,0.803292633391845
ORIGA-194,4636,1767,0.38114754098360654,2869,61.885245901639344,True,False,259.03657992645924,0.21725650021114462,1.024469926037493,0.8682226200453158,162.4386001800126,0.5499606706200163,1.197331549939731,0.8415267719032259
ORIGA-195,3646,1553,0.42594624245748763,2093,57.40537575425123,True,False,236.65180361560903,0.4085447493778621,1.0956043040174266,0.818100938466335,151.95331880577405,0.4065281703053421,1.0945251066970656,0.8452028248687237
ORIGA-196,3687,1478,0.4008679142934635,2209,59.91320857065365,True,False,235.48023074035524,0.5529231611529678,1.200145581616658,0.8355531796683455,147.53910524340094,0.37698286716547064,1.0796568306621341,0.853237643153071
ORIGA-197,5995,2963,0.49424520433694746,3032,50.57547956630526,True,False,306.492424049175,0.4381725179195869,1.112482063665687,0.8019726608047975,210.2670273047588,0.23947020117680617,1.0299682503102212,0.8421688346843423
ORIGA-198,5176,2027,0.39161514683153015,3149,60.83848531684699,True,False,279.7228714274745,0.48461995677938713,1.1432166845881016,0.8312816162549895,172.12489168102786,0.47521723744879635,1.1365334706711439,0.8597580538335902
ORIGA-199,5061,1355,0.26773364947638806,3706,73.22663505236119,True,False,277.45079348883235,0.5467677983895088,1.1943374758011078,0.8261792038147752,137.22539674441617,0.43870079915612303,1.1128010983388503,0.9042326179292045
ORIGA-2,5394,2721,0.5044493882091212,2673,49.55506117908788,True,False,286.86500705120545,0.6080288705765583,1.2595808201602732,0.8236935347254688,208.3380951166243,0.5708386152328911,1.217934398684188,0.7877728839684996
ORIGA-20,3973,856,0.21545431663730177,3117,78.45456833626983,True,False,246.7228714274745,0.42012230942143347,1.1019678513996238,0.8201808168798721,111.42640687119285,0.4844948821976414,1.1431261429446042,0.8663779214262775
ORIGA-200,5681,650,0.11441647597254005,5031,88.558352402746,True,False,291.5929291125633,0.5620523645815206,1.209041234501202,0.839615942519332,95.08326112068524,0.29958294309814504,1.048140836552152,0.9034728028865522
ORIGA-201,4957,425,0.08573734113375026,4532,91.42626588662498,True,False,278.03657992645924,0.47965585923845383,1.1396573784070074,0.805795629519737,76.8700576850888,0.42485545077471976,1.104653548068889,0.9038250630190806
ORIGA-202,3744,203,0.05422008547008547,3541,94.57799145299145,True,False,232.65180361560905,0.4976131429682387,1.1528718737913892,0.869226296892659,52.62741699796952,0.7506891355971547,1.5136479583790672,0.9210469993108078
ORIGA-203,4705,464,0.09861849096705633,4241,90.13815090329437,True,False,266.27922061357856,0.4308064157542639,1.1081015502402078,0.8338634487190718,90.01219330881975,0.8911712158336015,2.204259325284085,0.7196563406796778
ORIGA-204,3550,946,0.26647887323943664,2604,73.35211267605634,True,False,230.82337649086284,0.4360263706691186,1.111192735961335,0.8372952700684705,115.91168824543144,0.24717315423366734,1.0320222823110115,0.8848029007022283
ORIGA-205,3740,868,0.2320855614973262,2872,76.79144385026738,True,False,239.7228714274745,0.19240297939520393,1.0190397375932878,0.8178290331361739,112.08326112068522,0.3480870392268305,1.0667096541319918,0.8682565579560528
ORIGA-206,6501,2004,0.30826026765113057,4497,69.17397323488694,True,False,313.66399692442883,0.3208182692182775,1.055809264797742,0.8303490355819001,169.95331880577402,0.3276503669429858,1.0584261324042996,0.8718630684570946
ORIGA-207,5940,2605,0.4385521885521885,3335,56.14478114478114,True,False,298.0782104868019,0.48272385848266863,1.1418489008928163,0.8401094084998953,199.78174593052023,0.11933953402435615,1.0071979384661458,0.8201739726108028
ORIGA-208,4557,1570,0.3445249067368883,2987,65.54750932631117,True,False,259.6223663640862,0.45802641128490035,1.124937107826802,0.8495807911327005,155.36753236814712,0.4822884041411097,1.141536226034497,0.8173140792596155
ORIGA-209,4032,1340,0.3323412698412698,2692,66.76587301587301,True,False,254.9655121145938,0.559160075383447,1.206185733777756,0.7794127542007624,139.29646455628165,0.37651750169235537,1.0794362478182793,0.8678296313149815
ORIGA-21,4967,2003,0.4032615260720757,2964,59.67384739279243,True,False,273.9360748630709,0.6121265759839877,1.264606527867377,0.8317744327338876,172.12489168102783,0.18427907907980978,1.017424451982002,0.849578382747253
ORIGA-210,4121,1154,0.2800291191458384,2967,71.99708808541617,True,False,246.9655121145938,0.1344767709324441,1.009166515495052,0.849062888908073,128.7401153701776,0.5964805428334283,1.2459079146653933,0.8749593669203486
ORIGA-211,4385,1365,0.3112884834663626,3020,68.87115165336374,True,False,252.37972567696687,0.40331872407622327,1.0928250341944719,0.8651084096882512,140.88225099390854,0.3069086442547122,1.0507082531045073,0.8642312204489035
ORIGA-212,3992,1050,0.26302605210420843,2942,73.69739478957916,True,False,244.96551211459376,0.5721129164566587,1.219252188101107,0.8359696393589174,124.9116882454314,0.6708582156265046,1.3484619339427466,0.8456545830299124
ORIGA-213,4579,1906,0.4162480891024241,2673,58.37519108975759,True,False,259.7228714274745,0.15536634287123138,1.0122923443015637,0.8530217724564886,164.75230867899737,0.4552502037942801,1.1231367226456475,0.8824086203888195
ORIGA-214,2649,986,0.3722159305398263,1663,62.77840694601736,True,False,193.095454429505,0.25397991412937204,1.0339021766298344,0.8927867199178183,118.1543289325507,0.11508840383585789,1.0066891946820917,0.8875391171526579
ORIGA-215,2542,729,0.2867820613690008,1813,71.32179386309993,True,False,194.06601717798213,0.3142545914134637,1.0533647823940286,0.848176868921047,103.42640687119285,0.4723388960392257,1.134536745539326,0.8563957789035661
ORIGA-216,4542,1510,0.33245266402465873,3032,66.75473359753413,True,False,259.03657992645924,0.1810929582100456,1.0168119862694638,0.8506184513041036,145.98275605729688,0.47912204833687205,1.1392787772591801,0.8903970124694556
ORIGA-217,4097,1222,0.2982670246521845,2875,70.17329753478154,True,False,247.79393923933998,0.24336013115894778,1.0309958581692196,0.8384833986978952,134.63961030678928,0.4200052596198775,1.101902062321146,0.847101358036181
ORIGA-218,3337,946,0.28348816302067725,2391,71.65118369793227,True,False,218.30865786510142,0.43372707736262694,1.1098233516931546,0.8798814287752847,118.08326112068522,0.42518902080265963,1.1048447048315186,0.8525587641001235
ORIGA-219,3642,973,0.2671609006040637,2669,73.28390993959363,True,False,236.06601717798213,0.49191534235774964,1.148576349630628,0.8212641395955638,115.25483399593904,0.23591420025688378,1.0290459663180078,0.9204589082680139
ORIGA-22,5040,2244,0.4452380952380952,2796,55.47619047619048,True,False,277.7645019878171,0.5495601770547265,1.1969537979764329,0.8208936861494421,185.8528137423857,0.5514066347233778,1.1987006884835472,0.8163839078430106
ORIGA-220,4747,1330,0.2801769538655993,3417,71.98230461344006,True,False,261.651803615609,0.22342368304390472,1.025934152632413,0.8713279196887448,141.29646455628165,0.5328491051231539,1.181739371866139,0.83714158180925
ORIGA-221,4541,1610,0.35454745650737723,2931,64.54525434926228,True,False,269.27922061357856,0.3118285387822997,1.052478259250552,0.7869654801232198,155.0538238691624,0.4477708673928842,1.1183826637289176,0.8415322767538898
ORIGA-222,3910,1274,0.32583120204603583,2636,67.41687979539643,True,False,240.23759005323595,0.35733804048729156,1.0706923327637512,0.8513432485160961,141.12489168102786,0.7038806349338479,1.4078196144306536,0.8038445078052284
ORIGA-223,3529,1148,0.32530461887220175,2381,67.46953811277983,True,False,229.89444430272832,0.2679447780176494,1.0379535266170066,0.8390823196957068,128.9827560572969,0.5017689506425483,1.1560671082158192,0.8671384563420875
ORIGA-224,4632,2120,0.45768566493955093,2512,54.2314335060449,True,False,263.208152801713,0.2600061875007803,1.0356180635327075,0.8401943178687188,176.8528137423857,0.5034372104567358,1.1573647915691156,0.8517688965905272
ORIGA-225,5446,2861,0.5253396988615497,2585,47.46603011384502,True,False,288.1787155501902,0.20388771971837658,1.0214564290580845,0.8240692302009478,208.8528137423857,0.6106819891655672,1.262824069390958,0.824227424300968
ORIGA-226,6095,1883,0.30894175553732567,4212,69.10582444626743,True,False,306.4213562373095,0.5402956904955047,1.1883891069316108,0.815728269110481,169.36753236814712,0.280481012120352,1.0418190608973714,0.8248972655407143
ORIGA-227,6726,1632,0.24264049955396966,5094,75.73595004460303,True,False,314.5929291125633,0.4683070674245901,1.1317776454291644,0.8540215170783556,156.22539674441617,0.3012572729881087,1.0487205176265644,0.8402852610792676
ORIGA-228,6710,2807,0.41833084947839044,3903,58.16691505216095,True,False,323.0782104868019,0.5108052782474011,1.1632012816464345,0.807824549014082,202.99494936611666,0.15803632307762014,1.012726632470082,0.8560158606685594
ORIGA-229,6539,4495,0.687413977672427,2044,31.258602232757305,True,False,315.32085117392114,0.5100919464015825,1.1626286340295968,0.8264485479111366,257.27922061357856,0.14867031200359995,1.0112380729987567,0.8533557854624909
ORIGA-23,4943,1911,0.38660732348776045,3032,61.33926765122395,True,False,278.7939392393399,0.26114654295058093,1.0359482671195666,0.7991601465708391,170.19595949289334,0.30597146250115576,1.0503752798874297,0.8290334614869912
ORIGA-230,4512,1480,0.3280141843971631,3032,67.19858156028369,True,False,262.37972567696687,0.5573030739427575,1.2043706860029617,0.823603925045776,148.26702730475878,0.47527126367465244,1.136571166196273,0.8460234851593162
ORIGA-231,4444,1432,0.32223222322232226,3012,67.77677767776777,True,False,260.27922061357856,0.38918062143291926,1.0855860111477753,0.8243372385753379,144.71067811865476,0.29813977209664644,1.0476445437889412,0.8593136780767897
ORIGA-232,6372,4374,0.6864406779661016,1998,31.35593220338983,True,False,313.1787155501902,0.4797812215119963,1.1397464065204093,0.8163965372122628,256.5512985522207,0.3026458293836068,1.0492044454658302,0.8351033162625462
ORIGA-233,6079,4222,0.694522125349564,1857,30.54778746504359,True,False,299.27922061357856,0.4945844487317878,1.1505764220884873,0.8528818630284931,249.1370849898476,0.3819514337625338,1.082037489182838,0.854774062953421
ORIGA-234,4150,1101,0.2653012048192771,3049,73.46987951807229,True,False,247.30865786510142,0.3672433449452544,1.07512442932728,0.8526667338133219,125.08326112068522,0.18252613268918805,1.0170860258283487,0.8842983039446844
ORIGA-235,3978,1080,0.27149321266968324,2898,72.85067873303167,True,False,244.9655121145938,0.47963278336098814,1.139640995495471,0.8330378821066564,125.84062043356595,0.551761680218237,1.199038140023729,0.8570218960493928
ORIGA-236,4412,1380,0.31278331822302813,3032,68.7216681776972,True,False,258.86500705120545,0.4573428931999136,1.1244920224937387,0.8273679117698926,142.74011537017762,0.525170486295091,1.1750922203184506,0.8511318913370778
ORIGA-237,3770,1228,0.3257294429708223,2542,67.42705570291777,True,False,235.16652224137047,0.4745543141567795,1.1360715851777266,0.8566436913491168,135.46803743153546,0.31914509548621,1.0551797093507507,0.8408810253555492
ORIGA-238,5864,1932,0.3294679399727149,3932,67.05320600272852,True,False,303.35028842544403,0.5773373124136117,1.2247311290408214,0.8007832883908513,171.36753236814712,0.4985327577551975,1.1535743616799092,0.8267227711078711
ORIGA-239,6559,1942,0.2960817197743558,4617,70.39182802256441,True,False,319.97770542341357,0.4773430105888761,1.1380227598953174,0.8050225678448645,169.95331880577402,0.3146145170081914,1.0534970828050936,0.8448892609499391
ORIGA-24,5120,2056,0.4015625,3064,59.84374999999999,True,False,279.45079348883235,0.20771169761598915,1.0222961886520396,0.8238898086735175,174.4386001800126,0.26497085989413766,1.0370685424692985,0.849078391475485
ORIGA-240,4802,1884,0.3923365264473136,2918,60.766347355268636,True,False,267.86500705120545,0.4131350658218972,1.0980928988108503,0.8410078596927081,165.88225099390854,0.5494099982469788,1.1968123099417651,0.8603812203351239
ORIGA-241,5485,3332,0.6074749316317228,2153,39.25250683682771,True,False,283.9655121145938,0.11175516400929333,1.006303716543074,0.8547818665281749,224.23759005323592,0.09902281104142947,1.0049391112852417,0.8327181336979899
ORIGA-242,5063,1820,0.3594706695634999,3243,64.05293304365,True,False,278.03657992645924,0.20181660537860913,1.0210089653576309,0.8230266839335139,160.95331880577402,0.31009326828292505,1.05184973331127,0.8828387349063769
ORIGA-243,3283,931,0.2835820895522388,2352,71.64179104477611,True,False,217.75230867899737,0.4128962515132841,1.0979623218246335,0.8700720351478075,115.39696961966999,0.5612057828565264,1.208201795140879,0.878558604697856
ORIGA-244,3059,742,0.2425629290617849,2317,75.74370709382151,True,False,215.16652224137044,0.539781943682234,1.187923740614565,0.8303093725192279,101.49747468305831,0.4125404207613176,1.0977679898603543,0.9051140272405718
ORIGA-245,4727,1782,0.3769832874973556,2945,62.301671250264434,True,False,270.45079348883235,0.40344060651425134,1.0928892061526494,0.8121176446192219,159.88225099390854,0.2680543893943,1.0379863772767177,0.8760261200945547
ORIGA-246,4666,1950,0.41791684526360906,2716,58.2083154736391,True,False,272.45079348883235,0.3924193495406444,1.0872089224229342,0.7899115140396809,171.68124086713186,0.12486273999433557,1.0078877038326095,0.8313784981094672
ORIGA-247,3930,1292,0.3287531806615776,2638,67.12468193384224,True,False,243.1370849898476,0.20752568753246198,1.022254930775395,0.8354106419599681,137.74011537017762,0.4889165680644101,1.1463544402258325,0.8557590345971384
ORIGA-248,5098,2404,0.47155747351902705,2694,52.84425264809729,True,False,273.0365799264593,0.2918751199292615,1.045525924801373,0.8593459302466339,188.19595949289334,0.0899651789716613,1.0040715992811888,0.8529503216281766
ORIGA-249,4883,1790,0.36657792340774115,3093,63.34220765922589,True,False,272.35028842544403,0.4683094115110901,1.1317792368670163,0.8272578733920137,160.36753236814712,0.3698120873563394,1.0763027959828655,0.8746413426504669
ORIGA-25,3814,1193,0.3127949659150498,2621,68.72050340849502,True,False,238.23759005323592,0.6815449405587796,1.3665379096260926,0.8444422967350851,135.46803743153546,0.7559404636480105,1.5275562647978123,0.8169145466198454
ORIGA-250,5494,1425,0.2593738623953404,4069,74.06261376046596,True,False,294.4213562373095,0.5776989679662763,1.2251150017023584,0.796452539313386,144.22539674441617,0.2713403899515956,1.0389789032959904,0.860877275096198
ORIGA-251,5304,1928,0.363499245852187,3376,63.65007541478129,True,False,282.69343417595167,0.5449846614222432,1.1926826331120919,0.8340305061289094,171.12489168102786,0.37927283217350805,1.0807482279216885,0.8273523810591359
ORIGA-252,4838,1413,0.29206283588259613,3425,70.79371641174039,True,False,267.5512985522207,0.515240312633156,1.1667988531531457,0.8493009341091536,144.88225099390857,0.16928145869271258,1.0146435910464122,0.8459051249081904
ORIGA-253,4258,993,0.23320807891028653,3265,76.67919210897135,True,False,251.55129855222071,0.2526684845193906,1.0335352081650147,0.845594975962326,116.8111831820431,0.31352989693984407,1.0530990114309544,0.9145138069518047
ORIGA-254,4549,1487,0.32688502967685207,3062,67.31149703231479,True,False,261.27922061357856,0.45053846329864194,1.120125610776862,0.8373674152315445,147.63961030678928,0.0782483245276686,1.003075530518304,0.8572649194663277
ORIGA-255,3496,1017,0.2909038901601831,2479,70.9096109839817,True,False,227.82337649086287,0.617108235120229,1.2708445849104122,0.8464176672241862,123.74011537017762,0.6340178720033433,1.2931284296250922,0.8346603512053254
ORIGA-256,3672,1100,0.2995642701525055,2572,70.04357298474946,True,False,232.48023074035524,0.575325810500858,1.2226069841711138,0.8537691943340996,127.08326112068522,0.33701891749126334,1.0621372880404036,0.8559055597775337
ORIGA-257,4816,2162,0.4489202657807309,2654,55.107973421926914,True,False,266.2081528017131,0.3381455995375744,1.0625933276745991,0.8539916777776742,181.19595949289334,0.2921594901456635,1.0456208444789221,0.827501015663799
ORIGA-258,4324,1637,0.3785846438482886,2687,62.141535615171136,True,False,258.5512985522207,0.41610347503216505,1.099726171119452,0.8128344515379606,155.88225099390854,0.38112155923258373,1.0816365910498673,0.8465745459912656
ORIGA-259,4680,1427,0.30491452991452994,3253,69.50854700854701,True,False,268.2081528017131,0.16208271904976632,1.0134000114768804,0.8175451884691944,149.88225099390854,0.5508662765532057,1.1981880697538363,0.7982398837827954
ORIGA-26,4210,1972,0.4684085510688836,2238,53.159144893111645,True,False,245.9655121145938,0.10168060834829233,1.005209906753705,0.8744672027313534,169.19595949289334,0.5008201978088695,1.1553329639973542,0.8656389696517343
ORIGA-260,4589,1027,0.2237960339943343,3562,77.62039660056658,True,False,267.03657992645924,0.39618356859614795,1.0891213589493751,0.808698071473132,125.98275605729688,0.6498357924930671,1.315660279733743,0.81312646754393
ORIGA-261,4918,1567,0.31862545750305005,3351,68.137454249695,True,False,270.27922061357856,0.07713239060199989,1.002988042276686,0.8460052782219775,152.88225099390857,0.5957019210017197,1.2450112540072835,0.8424899394140208
ORIGA-262,5458,1417,0.25961890802491755,4041,74.03810919750823,True,False,282.9360748630709,0.059598646287300834,1.0017807446282054,0.8567749231873439,145.63961030678928,0.5470193031915837,1.1945718760670192,0.8394999949426376
ORIGA-263,5419,1958,0.36132127698837424,3461,63.86787230116258,True,False,284.6223663640862,0.4655931444707325,1.1299449283244791,0.8406030566540181,169.19595949289334,0.1415745838308644,1.0101748937783335,0.8594934597252006
ORIGA-264,4797,1714,0.35730664998957684,3083,64.26933500104232,True,False,269.37972567696687,0.4777941732562866,1.1383404499231793,0.8307106338317622,162.36753236814715,0.21238209921990364,1.023345898411587,0.8170004595232352
ORIGA-265,4773,1635,0.34255185417976114,3138,65.74481458202388,True,False,270.27922061357856,0.5495839653061069,1.1969762177662322,0.8210620563142534,155.29646455628165,0.604057522065678,1.2547984759918402,0.8519311212830719
ORIGA-266,4883,1689,0.3458939176735613,3194,65.41060823264387,True,False,266.7228714274745,0.5103015970939581,1.1627967663673335,0.8625337001020092,159.36753236814712,0.3377583211294742,1.0624363336034341,0.8356796322172559
ORIGA-267,4223,967,0.22898413450153918,3256,77.10158654984608,True,False,258.1370849898476,0.38624210510848134,1.0841313703483715,0.7963979665794949,120.22539674441617,0.3694570346200225,1.0761392010625437,0.8407055225050056
ORIGA-268,3934,997,0.2534316217590239,2937,74.65683782409761,True,False,250.2436867076458,0.511915868809712,1.1640961244709445,0.7894378777419779,122.25483399593904,0.3197176236076193,1.055394634056327,0.8382488026800478
ORIGA-269,6117,3745,0.6122282164459703,2372,38.777178355402974,True,False,300.69343417595167,0.32242977664418176,1.05641980431231,0.8501595824698701,236.8944443027283,0.14377227827991448,1.0104982704068386,0.8385943551493945
ORIGA-27,4158,1892,0.455026455026455,2266,54.4973544973545,True,False,247.8944443027283,0.3119959068148368,1.052539126261923,0.8502776463160747,168.53910524340094,0.5147601771717638,1.1664062624899616,0.8370080370376205
ORIGA-270,5326,2621,0.492114156965828,2705,50.788584303417196,True,False,277.03657992645924,0.2890312289326562,1.0445831547770432,0.8720407743537647,193.78174593052023,0.38064698765117744,1.081407925286751,0.8771041300688326
ORIGA-271,3885,1261,0.3245817245817246,2624,67.54182754182753,True,False,243.89444430272832,0.46154019884321223,1.127244108899821,0.8207238838384626,131.8111831820431,0.16169926516201127,1.0133354108078354,0.9120537508802696
ORIGA-272,4207,1054,0.25053482291419066,3153,74.94651770858094,True,False,251.7228714274745,0.5578298011895945,1.204884067905949,0.8343283900352837,124.39696961966999,0.3758571651341099,1.0791239478084558,0.855915464617449
ORIGA-273,3449,1510,0.43780806030733543,1939,56.219193969266456,True,False,224.23759005323592,0.19674387296455853,1.0199347063145987,0.8619582362318028,152.78174593052023,0.6497071671465053,1.3154699860986248,0.8129126353498114
ORIGA-274,5252,1916,0.3648134044173648,3336,63.51865955826352,True,False,279.69343417595167,0.49145223428562046,1.1482314821736601,0.8436650119663675,167.71067811865476,0.3843550033773976,1.083206071230582,0.8560200536350012
ORIGA-275,4870,1604,0.32936344969199177,3266,67.06365503080082,True,False,272.2081528017131,0.42158013781525566,1.1027897674231923,0.8259173099293223,151.39696961967002,0.4359546225213117,1.1111498188248565,0.8793866397900509
ORIGA-276,5278,1728,0.32739674118984463,3550,67.26032588101553,True,False,281.1076477383248,0.44778864011390535,1.1183937963170159,0.8393322833754219,154.71067811865476,0.37976782531229897,1.0809854476419323,0.9072208500357801
ORIGA-277,5664,2881,0.5086511299435028,2783,49.134887005649716,True,False,294.9360748630709,0.5338145941863005,1.182590076411706,0.81823361306035,207.23759005323592,0.33380635720206403,1.0608484995130036,0.8429776412563504
ORIGA-278,5669,2985,0.5265478920444523,2684,47.34521079555477,True,False,289.69343417595167,0.5402637682140311,1.1883601619874453,0.8488657610997705,207.92388155425118,0.5071095615393619,1.1602521737104028,0.8676517586643364
ORIGA-279,4192,1147,0.27361641221374045,3045,72.63835877862596,True,False,254.4802307403552,0.3518848513876805,1.0683266517998067,0.8134353431377183,129.91168824543144,0.1963388272053939,1.0198502521265804,0.8540372800020646
ORIGA-28,4951,1459,0.29468794182993335,3492,70.53120581700666,True,False,276.208152801713,0.35490119457134084,1.069628751800551,0.8155109625781952,148.22539674441617,0.46715807971812884,1.130999343389161,0.8344876485901616
ORIGA-280,4240,1097,0.25872641509433963,3143,74.12735849056604,True,False,251.79393923933998,0.49721808691314306,1.152570884415615,0.8403983209215315,125.25483399593904,0.45648001079200795,1.123931841750164,0.8786734423339939
ORIGA-281,4829,1028,0.21288051356388485,3801,78.71194864361152,True,False,276.0365799264593,0.49764946751142564,1.1528995729538907,0.7964046620070383,123.7401153701776,0.28282552005767037,1.0425665598800495,0.8436881426146261
ORIGA-282,5060,2312,0.45691699604743086,2748,54.308300395256914,True,False,278.37972567696687,0.5287049065649714,1.1781259200279144,0.8205124511477453,180.8528137423857,0.407801127606194,1.0952053524017713,0.8882744160407033
ORIGA-283,4335,1164,0.2685121107266436,3171,73.14878892733564,True,False,254.45079348883235,0.17623398713831745,1.015900567787423,0.8413783771861463,132.71067811865476,0.5435874991238736,1.1913945473563718,0.8305219360877126
ORIGA-284,4975,3929,0.7897487437185929,1046,21.025125628140703,True,False,267.0660171779821,0.34283062667531167,1.064512396721421,0.8765277897073461,243.27922061357856,0.4585599578321724,1.1252853666102707,0.8342224272172502
ORIGA-285,3820,1303,0.34109947643979055,2517,65.89005235602095,True,False,238.23759005323595,0.1425636325054732,1.0103197711145164,0.8457707324404887,139.63961030678928,0.5276131678178656,1.1771841657773703,0.8397248847261612
ORIGA-286,4060,1846,0.454679802955665,2214,54.5320197044335,True,False,245.27922061357856,0.4531956210757252,1.1218168729207214,0.8480361828912714,161.0538238691624,0.4701159269406185,1.1330100853312022,0.8943334599111903
ORIGA-287,3754,1172,0.3122003196590304,2582,68.77996803409697,True,False,234.82337649086284,0.4245525912419412,1.1044802061248546,0.8555028791458755,134.29646455628165,0.3160332104079368,1.0540205253062511,0.8165980081363788
ORIGA-288,3782,1370,0.36224219989423584,2412,63.77578001057641,True,False,240.55129855222071,0.34419454319025355,1.0650780217841875,0.8213267679463848,144.12489168102783,0.562355522784062,1.2093425690222175,0.8288051545021423
ORIGA-289,5355,2009,0.37516339869281046,3346,62.48366013071895,True,False,281.6579002700189,0.5448311534632339,1.1925407433081332,0.8482531176323135,172.29646455628165,0.3720770922949485,1.0773518943601172,0.8504270561821509
ORIGA-29,4001,1711,0.42764308922769306,2290,57.23569107723069,True,False,253.55129855222071,0.40507347718067854,1.093751890219685,0.7820719995831377,159.8111831820431,0.43749155058458394,1.1120717910127853,0.8418709810502965
ORIGA-290,6938,3607,0.5198904583453445,3331,48.010954165465556,True,False,325.5218613006979,0.509365481723818,1.162047132681839,0.8227802139445222,230.1370849898476,0.4639793256861359,1.128864349315635,0.8558207078177547
ORIGA-291,4086,1705,0.41727851199216837,2381,58.272148800783164,True,False,251.55129855222071,0.22639858824240516,1.0266574245807178,0.8114375462146698,160.78174593052023,0.06817111533216523,1.0023317810037597,0.8288210387144509
ORIGA-292,3204,1332,0.4157303370786517,1872,58.42696629213483,True,False,220.50966799187808,0.31057404248361603,1.05202340886293,0.828031961720493,138.81118318204307,0.23768527736244094,1.0295032781521751,0.8686907094596358
ORIGA-293,4519,1472,0.32573578225271077,3047,67.42642177472892,True,False,255.55129855222071,0.3811930924403136,1.081671095639346,0.8695529266515966,149.05382386916236,0.2899863872396537,1.044898482974697,0.8325904592951017
ORIGA-294,4790,2420,0.5052192066805845,2370,49.478079331941544,True,False,267.79393923934,0.4953608832468006,1.1511622418867276,0.8393515367856152,190.095454429505,0.3882879497957417,1.0851423299869274,0.8415535682245794
ORIGA-295,5417,1580,0.2916743585010153,3837,70.83256414989847,True,False,282.62236636408613,0.518285773955016,1.1693068733488314,0.8522276938800485,151.29646455628165,0.20947870416915648,1.0226902136061926,0.8673799752163889
ORIGA-296,4445,991,0.22294713160854893,3454,77.7052868391451,True,False,258.27922061357856,0.15162358534431739,1.0116969284657225,0.8373416520111949,122.32590180780451,0.5376436823758515,1.1859974296189761,0.8322363221452515
ORIGA-297,4078,1613,0.3955370279548798,2465,60.446297204512014,True,False,242.23759005323592,0.10666463751052847,1.0057376787957486,0.8733212166005668,150.84671708797583,0.3545967500301879,1.069496607615785,0.8907842004415442
ORIGA-298,5004,1674,0.3345323741007194,3330,66.54676258992805,True,False,277.4507934888324,0.4010409693363751,1.0916314111718002,0.8168742809502336,159.61017305526642,0.45197067412797487,1.1210350158808153,0.825741630955262
ORIGA-299,4189,1827,0.4361422773931726,2362,56.38577226068274,True,False,252.89444430272835,0.4397269210439616,1.1134226702479713,0.8230792383644892,168.53910524340094,0.5622227139130082,1.2092105113479532,0.8082524755114865
ORIGA-3,5555,5094,0.917011701170117,461,8.298829882988299,True,False,290.1787155501902,0.24800429692679643,1.0322485468445153,0.829015822042174,275.1076477383248,0.29720925711252594,1.0473261908234937,0.8457918141057171
ORIGA-30,4463,2138,0.47904996639032044,2325,52.095003360967965,True,False,257.89444430272835,0.2665966773145975,1.037550851611673,0.8432430646753738,175.61017305526644,0.08194277290252881,1.0033743114653988,0.8712007149406837
ORIGA-300,4152,1669,0.4019749518304432,2483,59.80250481695568,True,False,249.06601717798213,0.47851858607324893,1.1388517373403957,0.8410818414549154,163.0538238691624,0.34518406936976226,1.065490358028523,0.7888677909271322
ORIGA-301,4159,1967,0.47295022842029333,2192,52.70497715797067,True,False,250.82337649086287,0.44304838041404065,1.115451825422152,0.8307354904396201,169.53910524340094,0.40735958082462015,1.0949690130481469,0.8599524741609116
ORIGA-302,3754,1130,0.30101225359616407,2624,69.89877464038359,True,False,233.30865786510142,0.43532028742938633,1.1107709057277773,0.8666473663912914,131.22539674441617,0.2544716885983776,1.0340403775780953,0.8246174456995892
ORIGA-303,3671,1327,0.3614818850449469,2344,63.851811495505316,True,False,231.48023074035524,0.370344171683457,1.0765483946035588,0.8609272124155538,140.3259018078045,0.6312848462911166,1.2894057590209003,0.846847291947628
ORIGA-304,4371,1761,0.40288263555250514,2610,59.711736444749484,True,False,252.20815280171308,0.3289799761458148,1.058944115210715,0.8635200539393796,164.57463914933368,0.25514634360348115,1.0342304980101675,0.8170401468364077
ORIGA-305,4785,2307,0.48213166144200625,2478,51.78683385579937,True,False,263.9360748630709,0.3504702858427511,1.0677214602186524,0.8631659470725,185.0243866176395,0.47361964006540025,1.1354224084379476,0.8468363902954928
ORIGA-306,5341,3016,0.564688260625351,2325,43.53117393746489,True,False,286.5218613006978,0.27263489117865986,1.039374014644943,0.8175548786576619,214.82337649086284,0.44580833187637425,1.117158109230671,0.8212551851032759
ORIGA-307,3881,1217,0.31357897449111055,2664,68.64210255088895,True,False,250.06601717798213,0.4754257880018492,1.1366790262751096,0.7799093959451668,132.98275605729688,0.5967169903281304,1.246180823489588,0.8647882564339208
ORIGA-308,3951,1880,0.47582890407491774,2071,52.417109592508226,True,False,241.37972567696687,0.41448823755916087,1.0988350852412732,0.8521485609492138,168.29646455628165,0.5615815552641698,1.208574025243584,0.8340992444450802
ORIGA-309,3293,1197,0.36349832979046465,2096,63.65016702095354,True,False,224.45079348883235,0.3949908670555646,1.088512329273151,0.8214087116867851,128.22539674441617,0.21778979982906813,1.0245946798196932,0.9148626792721475
ORIGA-31,4182,1790,0.42802486848397897,2392,57.19751315160211,True,False,245.9655121145938,0.6201407592365126,1.2747125981941532,0.8686512688414536,165.61017305526642,0.6406559906458257,1.3023749403076927,0.8201416601935787
ORIGA-310,3652,1521,0.4164841182913472,2131,58.35158817086528,True,False,233.3086578651014,0.3362733505698489,1.0618366680752922,0.8430996755623328,150.46803743153546,0.632138485817886,1.2905633276765398,0.8442101417181147
ORIGA-311,3891,1390,0.35723464405037264,2501,64.27653559496274,True,False,243.30865786510142,0.6281982418231672,1.2852589586389984,0.8259542052010914,141.63961030678928,0.4056828650003822,1.0940752627660844,0.8706732824133823
ORIGA-312,3335,1159,0.3475262368815592,2176,65.24737631184408,True,False,218.99494936611666,0.5455090307577805,1.193168000038021,0.8738512351861055,133.08326112068522,0.5211804789099697,1.17171962589474,0.8223305619107958
ORIGA-313,4773,2150,0.45045045045045046,2623,54.95495495495496,True,False,266.03657992645924,0.4990966658991285,1.1540064060351023,0.847458785388864,180.8528137423857,0.4250960894369839,1.1047914242204413,0.8260337346399275
ORIGA-314,4133,1958,0.4737478828937818,2175,52.62521171062182,True,False,248.37972567696693,0.5523007286749719,1.1995514376248655,0.8418660249513993,167.78174593052023,0.44733251238560295,1.1181083290988085,0.8740436718270853
ORIGA-315,2639,917,0.34748010610079577,1722,65.25198938992042,True,False,195.095454429505,0.4038760651538827,1.0931187290632842,0.8712743979592755,115.7401153701776,0.5783308833955206,1.2257871821825697,0.8602236489077232
ORIGA-316,2453,1197,0.48797390949857317,1256,51.20260905014268,True,False,192.50966799187808,0.5932763705306189,1.2422377997877,0.8317682186095616,132.1543289325507,0.6237382680588339,1.2793723539589021,0.8612737817801743
ORIGA-317,4379,1361,0.3108015528659511,3018,68.91984471340488,True,False,255.03657992645924,0.5216474766350427,1.1721115359398002,0.8460184954726924,137.39696961967,0.42584408137557617,1.1052208221724675,0.9059697163774948
ORIGA-318,4525,1235,0.2729281767955801,3290,72.70718232044199,True,False,259.6223663640862,0.5592721846158839,1.2062957668034409,0.8436148957374303,131.9116882454314,0.3522581377264133,1.0684869331072633,0.8918878843831877
ORIGA-319,3800,1780,0.46842105263157896,2020,53.1578947368421,True,False,238.4802307403552,0.29628117955017363,1.0470099505639614,0.8396314435154578,163.71067811865476,0.34362815296959254,1.0648427539229561,0.8345951401181916
ORIGA-32,3767,815,0.21635253517387842,2952,78.36474648261216,True,False,234.82337649086284,0.44826213706107676,1.1186906735919098,0.8584654623714739,110.9116882454314,0.7590944266620984,1.5361442512786132,0.8325548226089851
ORIGA-320,3447,1695,0.4917319408181027,1752,50.826805918189734,True,False,226.89444430272832,0.07533983224840649,1.0028501843449928,0.8414017743355399,157.12489168102786,0.3870001850872735,1.0845050253873756,0.8627591699849321
ORIGA-321,3988,1372,0.3440320962888666,2616,65.59679037111334,True,False,240.9655121145938,0.3854367637730483,1.0837356444268225,0.863088311827576,145.63961030678928,0.5831410995804225,1.2309648413696412,0.812839797502681
ORIGA-322,3434,1106,0.3220733838089691,2328,67.79266161910309,True,False,228.99494936611666,0.5450273606591487,1.1927221167952136,0.8229213829349845,128.5685424949238,0.5774405165580148,1.224840611887267,0.8408055114286554
ORIGA-323,5976,2314,0.3872155287817938,3662,61.27844712182061,True,False,299.2497833620557,0.23048618399307358,1.0276693838432571,0.838595955462433,187.75230867899734,0.36094664259565384,1.0722866284194463,0.8249025510753308
ORIGA-324,6197,2411,0.3890592222042924,3786,61.09407777957075,True,False,305.24978336205567,0.4949767771988753,1.1508722072278386,0.8357581712056662,188.8528137423857,0.261883637446219,1.0361626395421017,0.8494936850309343
ORIGA-325,4352,1219,0.28010110294117646,3133,71.98988970588235,True,False,256.86500705120545,0.333189892337875,1.0606031353498995,0.8288746599884684,133.5685424949238,0.4346097602417485,1.1103475940921121,0.8586282944461441
ORIGA-326,3511,1421,0.4047279977214469,2090,59.52720022785532,True,False,226.4802307403552,0.4415197485871971,1.114514675515494,0.8601616897314297,141.7401153701776,0.4331819767259574,1.1095005080245457,0.8888293318143718
ORIGA-327,3369,2673,0.7934105075690115,696,20.658949243098842,True,False,229.58073580374358,0.4764841002788988,1.1374195132701839,0.8032301247073756,201.19595949289334,0.45551909429214105,1.1233102437729987,0.829794043908039
ORIGA-328,3463,1459,0.42131100202136873,2004,57.86889979786313,True,False,229.1370849898476,0.3846189121628179,1.08333505833239,0.828841690624049,147.88225099390854,0.5181884179559092,1.1692262182576592,0.8383648294232042
ORIGA-329,3567,1157,0.3243622091393328,2410,67.56377908606672,True,False,234.3086578651014,0.4014733407080278,1.091857168833597,0.8164626093525933,127.7401153701776,0.26876356805224483,1.0381993192553285,0.8910223849455532
ORIGA-33,3445,538,0.15616835994194483,2907,84.38316400580551,True,False,234.1370849898476,0.6098452351235513,1.2617969669687807,0.7896937050634337,91.76955262170048,0.6829446207057741,1.368981327036028,0.8027769804760653
ORIGA-330,4910,1786,0.36374745417515275,3124,63.62525458248472,True,False,271.9360748630709,0.36199529725615665,1.0727542802351842,0.8343681294286388,164.78174593052023,0.42579726047718425,1.1051939069612113,0.8265575903900583
ORIGA-331,5032,1665,0.33088235294117646,3367,66.91176470588235,True,False,272.2081528017131,0.42312598020771786,1.1036664384801858,0.8533913559680391,153.74011537017762,0.27528149971154486,1.0401890945732024,0.8852168999569227
ORIGA-332,3979,1433,0.36014073887911535,2546,63.985926112088464,True,False,244.48023074035524,0.43838746234623094,1.112611791403516,0.8365584871089837,149.71067811865476,0.5506112963409527,1.1979465816147552,0.8034345420057513
ORIGA-333,3728,1247,0.3344957081545064,2481,66.55042918454936,True,False,235.72287142747453,0.5440022315580026,1.1917761211405542,0.8431062760604383,138.9827560572969,0.8010245985172977,1.6704769326865232,0.8112495676255468
ORIGA-334,3190,1397,0.4379310344827586,1793,56.20689655172414,True,False,215.40916292848976,0.05417451860397983,1.001470677220059,0.8639173597883216,146.88225099390854,0.2726446205026963,1.0393769930878756,0.813706211164866
ORIGA-335,3538,1203,0.3400226116449972,2335,65.99773883550029,True,False,226.99494936611666,0.37205225929156654,1.0773403408635376,0.862850001282849,136.3259018078045,0.765451238329815,1.5540162806507611,0.8134272791355497
ORIGA-336,4523,2276,0.5032058368339598,2247,49.679416316604026,True,False,260.79393923934,0.5656236798257023,1.2126158439599024,0.835682799033178,186.68124086713186,0.5938190785292988,1.242855759350722,0.820693065432341
ORIGA-337,4416,1566,0.3546195652173913,2850,64.53804347826086,True,False,261.1076477383248,0.42779179381073995,1.1063448493417745,0.8139537794940892,154.95331880577402,0.1989789862762408,1.0204042517477079,0.8195960503652551
ORIGA-338,4537,2222,0.48975093674234077,2315,51.024906325765926,True,False,263.37972567696687,0.5365850337413347,1.185049995108426,0.8218905013523076,182.4386001800126,0.5317340360563584,1.1807610609236296,0.8389198219384959
ORIGA-339,4435,2412,0.5438556933483653,2023,45.614430665163475,True,False,258.3086578651014,0.5048027878253057,1.1584335074362109,0.8352674594926698,184.19595949289334,0.3967104775825014,1.0893913261763064,0.8933609580125336
ORIGA-34,5045,1845,0.3657086223984143,3200,63.42913776015857,True,False,276.69343417595167,0.5768626448101309,1.2242282131582325,0.828081967281449,167.88225099390854,0.2422188430571481,1.030692326431969,0.822615081009984
ORIGA-340,4228,2947,0.6970198675496688,1281,30.29801324503311,True,False,252.3086578651014,0.3334891291764353,1.0607221591119527,0.834604142260872,209.16652224137044,0.48735479644630286,1.1452077059443908,0.8464584576772819
ORIGA-341,4559,1106,0.24259706075893836,3453,75.74029392410615,True,False,263.76450198781714,0.35371190254630014,1.0691134603083488,0.8234680671911029,126.1543289325507,0.5156450688766024,1.167130401602221,0.873294400511376
ORIGA-342,4890,1735,0.35480572597137017,3155,64.51942740286299,True,False,268.2081528017131,0.5276906796486025,1.1772508903313221,0.8542299084646071,163.12489168102786,0.484251142741691,1.14294982855428,0.8193488916130583
ORIGA-343,2967,1237,0.41691944725311764,1730,58.30805527468824,True,False,202.99494936611666,0.3561763720566627,1.0701840098874846,0.9048090696842237,131.39696961967,0.5550644633178874,1.2022014697926733,0.9003448091997439
ORIGA-344,3443,1348,0.39151902410688355,2095,60.84809758931164,True,False,221.65180361560903,0.38897758527444265,1.0854849595076819,0.8806520442979763,139.3259018078045,0.665131726551114,1.3391792165917615,0.8726418373570362
ORIGA-345,5342,3646,0.6825159116435792,1696,31.748408835642085,True,False,286.86500705120545,0.28621346462907993,1.0436606243035083,0.8157528480725723,233.8944443027283,0.12524478762475488,1.0079366233694287,0.8375036647137498
ORIGA-346,3380,967,0.286094674556213,2413,71.39053254437869,True,False,223.3380951166243,0.5116656431353352,1.163894158685895,0.8515319527207031,114.91168824543142,0.341956345902815,1.0641514794379496,0.9202544531338727
ORIGA-347,3389,1464,0.4319858365299498,1925,56.801416347005016,True,False,225.65180361560903,0.3833659107638113,1.0827238420324987,0.8363803377758923,147.46803743153544,0.3721837836172321,1.0774015452517698,0.8459703457064638
ORIGA-348,4302,1616,0.37563923756392376,2686,62.436076243607616,True,False,257.9655121145938,0.2883078621209488,1.0443452297085543,0.8123757925051527,159.0243866176395,0.5803014716147314,1.2278952081122938,0.8030151931119464
ORIGA-349,4288,1799,0.4195429104477612,2489,58.04570895522389,True,False,253.79393923934,0.31693933598051766,1.0543564934329097,0.8365697322214641,161.53910524340094,0.37859134952416684,1.080422396210116,0.8663346430261301
ORIGA-35,4454,1280,0.28738212842388866,3174,71.26178715761114,True,False,258.27922061357856,0.627361514029649,1.2841451804871384,0.8390370569309026,140.2609306503489,0.5023009455340272,1.1564799875598961,0.8176103892128261
ORIGA-350,5420,2041,0.37656826568265683,3379,62.34317343173432,True,False,292.9360748630709,0.41781456062181666,1.1006762973900936,0.7937128921093073,177.09545442950497,0.2021710005417341,1.0210851667866252,0.817782928839124
ORIGA-351,5755,1264,0.21963509991311903,4491,78.03649000868809,True,False,300.9360748630709,0.3639394266103303,1.0736264939492683,0.7985584098599195,140.5685424949238,0.7865177250823777,1.6192556616758913,0.8038604360833282
ORIGA-352,2916,828,0.2839506172839506,2088,71.60493827160494,True,False,205.3380951166243,0.4114050259222805,1.0971497171915912,0.8690771390053653,109.5685424949238,0.5447932108580488,1.1925056863295656,0.8666992716506143
ORIGA-353,5220,1860,0.3563218390804598,3360,64.36781609195403,True,False,279.35028842544403,0.3679185464429476,1.0754329963530744,0.8405859347549819,166.78174593052023,0.3211991455843983,1.0559531930465869,0.8402833854058477
ORIGA-354,4950,1840,0.3717171717171717,3110,62.82828282828283,True,False,279.37972567696687,0.15651506239235774,1.0124782150065532,0.7969393840192233,161.53910524340094,0.4147399534593829,1.0989735803278091,0.886078789976698
ORIGA-355,3853,1452,0.3768492084090319,2401,62.31507915909681,True,False,244.45079348883235,0.5389202581154101,1.1871454190041988,0.8102629304643068,148.63961030678928,0.6306958344817863,1.288609758733172,0.8258617731496138
ORIGA-356,3720,1711,0.4599462365591398,2009,54.00537634408602,True,False,236.20815280171308,0.6145277181620936,1.2675954451468174,0.8378437555266824,159.46803743153544,0.5265658938632838,1.1762847097078628,0.8454979807583158
ORIGA-357,4198,1674,0.3987613149118628,2524,60.123868508813715,True,False,245.9655121145938,0.3961030724441692,1.0890801651695925,0.871974659635682,168.09545442950497,0.3125107874913998,1.052726644921553,0.7444805885485565
ORIGA-358,4965,2564,0.5164149043303122,2401,48.358509566968785,True,False,271.1076477383248,0.514496144147508,1.1661906961648143,0.8488785879723824,195.3380951166243,0.4223077103794296,1.1032017250370152,0.8444112063887611
ORIGA-359,4627,1579,0.3412578344499676,3048,65.87421655500324,True,False,272.69343417595167,0.49901728036483706,1.1539455250332442,0.7819158217473505,157.29646455628165,0.6505984899137612,1.316791120955581,0.8019625188621609
ORIGA-36,5183,1583,0.3054215705190044,3600,69.45784294809955,True,False,281.8355697996826,0.4794581459280307,1.1395170586414776,0.8199728369342183,146.71067811865476,0.1260556006453709,1.008040963406602,0.9242029064040085
ORIGA-360,3465,1148,0.33131313131313134,2317,66.86868686868686,True,False,226.65180361560903,0.10496680940425991,1.005554961472891,0.8476074089423519,127.15432893255071,0.2247426568664499,1.0262534582741756,0.8922559478838402
ORIGA-361,3464,1241,0.35825635103926096,2223,64.1743648960739,True,False,228.8944443027283,0.4033675802927589,1.0928507536491867,0.8308397072694383,134.0538238691624,0.1598610715870351,1.0130280236381835,0.8678071661964293
ORIGA-362,5681,3860,0.6794578419292379,1821,32.05421580707622,True,False,294.4213562373095,0.2969903015575316,1.0472514672368356,0.8235614990606746,241.06601717798213,0.27657503767598124,1.040591037076607,0.8346899479338358
ORIGA-363,4472,2531,0.5659660107334525,1941,43.40339892665474,True,False,259.1370849898476,0.48884437467256125,1.1463012751208865,0.8368594423338986,195.6812408671319,0.3759059855641608,1.0791470089367434,0.8306223674011203
ORIGA-364,4655,2043,0.4388829215896885,2612,56.11170784103115,True,False,271.5512985522207,0.5687107374427646,1.2157498996437723,0.7932786782982855,182.53910524340097,0.6535842726420311,1.3212592264907217,0.7704889166364077
ORIGA-365,3811,1325,0.3476777748622409,2486,65.23222251377592,True,False,245.1370849898476,0.4889708829875092,1.1463944492108828,0.796949454875934,144.36143571373725,0.5330598621798347,1.1819247846014893,0.7989569098243507
ORIGA-366,6358,3520,0.5536332179930796,2838,44.636678200692046,True,False,310.8711037056153,0.42584718841603947,1.1052226084434242,0.8267413837397042,232.40916292848976,0.45557186455298526,1.1233443190897234,0.8189285924418784
ORIGA-367,6156,3268,0.5308641975308642,2888,46.913580246913575,True,False,309.1787155501902,0.46248243420170143,1.127868169071012,0.8092622794387613,230.8944443027283,0.40795154047635795,1.0952859548289235,0.7703089528927456
ORIGA-368,3818,1596,0.4180199057097957,2222,58.19800942902042,True,False,243.7228714274745,0.5679097952800328,1.2149327880439433,0.8077058266366983,158.46803743153544,0.5174884732863219,1.168647281685585,0.7986553261572159
ORIGA-369,4133,1433,0.3467215097991774,2700,65.32784902008227,True,False,257.5218613006978,0.5538690208244362,1.2010514311575926,0.7831538080196984,151.12489168102783,0.6145966562885296,1.2676817453207787,0.7884679583834855
ORIGA-37,5106,884,0.17312965139052094,4222,82.6870348609479,True,False,279.1076477383248,0.5106586616108063,1.1630834464809707,0.8236585315523768,115.74011537017762,0.3181935655206602,1.0548236501880843,0.8292668545631704
ORIGA-370,4155,1728,0.41588447653429605,2427,58.411552346570396,True,False,251.7228714274745,0.4752717579913439,1.136571511131189,0.824015797622202,165.1959594928933,0.5819417349969972,1.2296636955593783,0.7957098984958303
ORIGA-371,4737,2005,0.42326366898881146,2732,57.673633101118845,True,False,269.79393923934,0.4211353561544295,1.102538504971776,0.8178033216692773,173.88225099390854,0.40078252178192525,1.0914966487361004,0.8333237001231937
ORIGA-372,4505,1836,0.4075471698113208,2669,59.24528301886792,True,False,258.1370849898476,0.10385238978155217,1.0054366763882607,0.849579171072845,166.39696961967,0.2690384678728998,1.038282048875484,0.8332814527330497
ORIGA-373,3966,1385,0.3492183560262229,2581,65.07816439737772,True,False,248.23759005323592,0.4333561867536649,1.1096036116409638,0.8087745583049252,144.88225099390854,0.4876272811678054,1.1454072666747175,0.8291426737422818
ORIGA-374,4549,1443,0.3172125741921301,3106,68.27874258078698,True,False,266.37972567696687,0.3335681377684147,1.0607536099111894,0.8056074358908722,150.46803743153546,0.5065913139084478,1.1598421168867594,0.8009173139376987
ORIGA-375,6883,2374,0.3449077437164027,4509,65.50922562835973,True,False,327.4213562373095,0.36508682566905726,1.0741444602654784,0.8068143749204372,194.33809511662426,0.3556101221011029,1.0699370917584912,0.789904695843272
ORIGA-376,6770,1917,0.28316100443131464,4853,71.68389955686854,True,False,325.3208511739212,0.37858637063088846,1.0804200189322366,0.8038494757432287,169.1959594928933,0.3001621779532872,1.0483409031894928,0.8414958949403526
ORIGA-377,4772,2545,0.5333193629505448,2227,46.66806370494552,True,False,272.1076477383248,0.44648448853036177,1.1175789463144035,0.8098951587742428,193.61017305526642,0.5672115523838025,1.2142227285816636,0.8531812535836343
ORIGA-378,4657,2139,0.4593085677474769,2518,54.069143225252304,True,False,264.06601717798213,0.4533810575377867,1.121935560289293,0.8392494621810063,178.19595949289334,0.5743004026875259,1.2215312364950761,0.8464960653965451
ORIGA-379,4006,1605,0.40064902646030953,2401,59.93509735396905,True,False,250.13708498984764,0.31105794422669764,1.0521985730067984,0.8045714915840116,150.22539674441617,0.33825596877765285,1.0626381146127362,0.8937132185397716
ORIGA-38,4410,1667,0.3780045351473923,2743,62.19954648526077,True,False,260.03657992645924,0.3319785001797569,1.0601227940001559,0.819557752134378,156.71067811865476,0.17660057879166058,1.0159683820111585,0.8529985326014914
ORIGA-380,3824,1416,0.3702928870292887,2408,62.97071129707113,True,False,245.3797256769669,0.27495612396046054,1.0400883598334574,0.7980872898955701,145.12489168102786,0.5215314236633859,1.172014073402331,0.8448688539934792
ORIGA-381,3862,1640,0.4246504401864319,2222,57.5349559813568,True,False,239.3086578651014,0.34731794722016385,1.0663852199448,0.8474328817087415,156.81118318204307,0.3050062413766286,1.0500337381390206,0.8381073487365565
ORIGA-382,3357,1363,0.4060172773309503,1994,59.398272266904975,True,False,222.75230867899737,0.39784592970117905,1.0899749919381554,0.8501915367538295,142.71067811865476,0.435511987382681,1.1108853165510353,0.8409937732786228
ORIGA-383,4870,3377,0.6934291581108829,1493,30.657084188911703,True,False,273.37972567696687,0.4329789923559321,1.1093804632556539,0.8188535166270411,226.33809511662426,0.6277952273591033,1.2847219544328092,0.8283723831478703
ORIGA-384,3825,1032,0.2698039215686274,2793,73.01960784313725,True,False,234.30865786510145,0.4074967699566988,1.0950424001798922,0.8755170958154381,121.49747468305833,0.2739158680764115,1.0397672964082971,0.8785268897501284
ORIGA-385,4126,2106,0.5104217159476491,2020,48.95782840523509,True,False,246.2436867076458,0.5005310734080879,1.1551097934658692,0.8550841931476093,178.12489168102786,0.33691051923299403,1.062093523551679,0.8341016961985771
ORIGA-386,3570,1707,0.4781512605042017,1863,52.18487394957984,True,False,232.3086578651014,0.4374065245845893,1.1120206407672077,0.8312799174018067,158.12489168102783,0.3105353581534784,1.0520094213424052,0.8579123171699218
ORIGA-387,4984,2987,0.5993178170144462,1997,40.06821829855537,True,False,276.7228714274745,0.3231663466285008,1.0567002362284714,0.8178954395832572,215.65180361560903,0.28609643219230313,1.0436225561649355,0.8071214646826329
ORIGA-388,5971,1979,0.3314352704739575,3992,66.85647295260425,True,False,306.6223663640862,0.31067082376909316,1.05205841321871,0.7980852295031019,176.29646455628165,0.4149434600672526,1.0990856502606625,0.8001445511481734
ORIGA-389,7092,3345,0.47165820642978,3747,52.834179357021995,True,False,333.14927829866735,0.2789235702433754,1.0413268209113067,0.8029728058836443,226.7228714274745,0.12072567303772294,1.0073679821358275,0.8177401463404788
ORIGA-39,3259,640,0.1963792574409328,2619,80.36207425590672,True,False,222.50966799187808,0.3162012467101991,1.054082731973147,0.8271731961866471,95.59797974644667,0.705010703892818,1.4100461149761954,0.8800197297186075
ORIGA-390,6950,3669,0.5279136690647482,3281,47.20863309352518,True,False,330.4213562373095,0.36760956548202683,1.0752916887699044,0.799941908255079,245.20815280171308,0.0823586263168139,1.003408822889277,0.7668099937068812
ORIGA-391,5982,2713,0.4535272484119024,3269,54.64727515880976,True,False,303.35028842544403,0.45748942997218106,1.1245873421528672,0.8168972767998078,202.50966799187808,0.323992576836357,1.0570158325684962,0.8313198191929912
ORIGA-392,4582,1627,0.3550851156700131,2955,64.4914884329987,True,False,265.5218613006979,0.45055555918052154,1.1201364360309476,0.8167034332383674,153.29646455628165,0.3472838557209528,1.06637086222111,0.8700278185281608
ORIGA-393,4697,2315,0.49286778794975517,2382,50.71322120502448,True,False,265.5512985522207,0.524568928060504,1.1745802307281321,0.8370156249941992,189.02438661763952,0.6475319653170021,1.3122700190305632,0.8141889135088981
ORIGA-394,4946,1891,0.38232915487262437,3055,61.76708451273757,True,False,275.35028842544403,0.13811979054649576,1.0096772203171502,0.8197716678518658,167.61017305526642,0.36729821914998784,1.0751494757661109,0.8458641989259637
ORIGA-395,4611,1960,0.4250704836261115,2651,57.492951637388856,True,False,265.45079348883235,0.3649974545272979,1.0741040302538007,0.8223125728065344,167.29646455628168,0.2634910897593136,1.0366327030319837,0.8800197297186075
ORIGA-396,4034,1479,0.3666336142786316,2555,63.33663857213684,True,False,247.79393923933998,0.39589306008973413,1.0889727530710644,0.8255899512685645,148.71067811865476,0.3066406296562808,1.0506128933322332,0.8404148737802558
ORIGA-397,4020,1378,0.3427860696517413,2642,65.72139303482587,True,False,244.06601717798213,0.45200185435474755,1.1210548710493884,0.8480496687867238,143.1543289325507,0.3188287299009914,1.0550611684550701,0.8449871619487814
ORIGA-398,4271,2340,0.5478810583001639,1931,45.211894169983616,True,False,253.6223663640862,0.45462699356437825,1.1227352533532524,0.8343808631504931,187.2670273047588,0.30832508658222485,1.0512140416288218,0.8385000414555545
ORIGA-399,4529,1761,0.3888275557518216,2768,61.11724442481784,True,False,266.4802307403552,0.38642392182328406,1.0842208852106443,0.8014606296222986,161.22539674441617,0.16763891982333232,1.0143546774605938,0.8513385734018285
ORIGA-4,4056,2151,0.5303254437869822,1905,46.967455621301774,True,False,242.3797256769669,0.47708150573403724,1.1378388780216588,0.8675913854414768,180.4386001800126,0.5047026126786811,1.1583549101104311,0.8302165296195151
ORIGA-40,3177,1059,0.3333333333333333,2118,66.66666666666666,True,False,216.75230867899737,0.24136763599332275,1.030467045675482,0.8497665173861758,125.5685424949238,0.6404167025170225,1.302036483148397,0.8440032471394433
ORIGA-400,5365,1714,0.31947809878844363,3651,68.05219012115565,True,False,282.62236636408613,0.39397933985970685,1.0879980484114458,0.8440468114577182,158.05382386916236,0.3478433366759936,1.0666067407865358,0.8622052576803994
ORIGA-401,5621,2299,0.4090019569471624,3322,59.099804305283755,True,False,295.0365799264593,0.2666644986247352,1.0375710500131696,0.8114685997712026,190.7523086789974,0.391507833572971,1.0867500689468252,0.7939793903713378
ORIGA-402,5116,2636,0.5152462861610634,2480,48.475371383893666,True,False,278.86500705120545,0.28504587547920285,1.0432817154933032,0.8267084144601369,196.61017305526642,0.3404271284211955,1.063523285957491,0.8569259586957608
ORIGA-403,5639,2652,0.47029615179996453,2987,52.970384820003545,True,False,291.1787155501902,0.23609906332656597,1.0290935117490532,0.835781409382404,196.78174593052023,0.39679904744756594,1.0894367608108855,0.8606246178636907
ORIGA-404,3352,702,0.2094272076372315,2650,79.05727923627684,True,False,222.3380951166243,0.17269322415301125,1.0152535142213375,0.8520912643589128,99.59797974644665,0.4912891485636463,1.1481101866652041,0.8892951374475311
ORIGA-405,3564,976,0.2738496071829405,2588,72.61503928170595,True,False,236.5512985522207,0.19885695133679396,1.0203784613215015,0.8003812137242394,119.32590180780451,0.4784172376432301,1.1387801179797172,0.861370970331391
ORIGA-406,5224,2667,0.5105283307810107,2557,48.947166921898926,True,False,277.24978336205567,0.3130938467652418,1.0529394888224297,0.8540250340286456,200.2670273047588,0.34905764727895106,1.0671205448854777,0.8356299110978983
ORIGA-407,5302,3379,0.6373066767257639,1923,36.26933232742361,True,False,280.45079348883235,0.35545846442992324,1.0698710558126603,0.8471030417544746,223.4802307403552,0.4626195189690029,1.1279591554479187,0.8501975196171827
ORIGA-408,3716,1040,0.2798708288482239,2676,72.01291711517761,True,False,236.16652224137044,0.39441191928573677,1.0882177299358196,0.8372379406437788,119.91168824543142,0.4435605460505845,1.1157670710514118,0.9089085071937514
ORIGA-409,3525,547,0.15517730496453902,2978,84.4822695035461,True,False,237.03657992645927,0.3685686190852888,1.0757308668941574,0.788384796725019,91.25483399593904,0.566621381450909,1.213624219473808,0.8254398499038419
ORIGA-41,4939,2276,0.4608220287507593,2663,53.91779712492407,True,False,270.9655121145938,0.4366285074834168,1.111553387076985,0.8453194337838135,179.95331880577402,0.39492661602799967,1.0884796018147878,0.8832067928048397
ORIGA-410,5555,1322,0.237983798379838,4233,76.2016201620162,True,False,286.5218613006978,0.2527655845498142,1.0335623005217998,0.8503121795437769,135.63961030678928,0.5151292045484179,1.1667079359880246,0.9029594602120798
ORIGA-411,4960,1206,0.24314516129032257,3754,75.68548387096774,True,False,268.0365799264593,0.25501048049587466,1.0341921623344772,0.86756776040828,132.29646455628165,0.48338812085388566,1.142326909461719,0.8658859544524609
ORIGA-412,2775,331,0.11927927927927928,2444,88.07207207207207,True,False,198.8528137423857,0.43096223200118666,1.1081929122888372,0.881879750027876,70.2842712474619,0.1458353948947043,1.0108066668414066,0.8420183681758913
ORIGA-413,2974,450,0.15131136516476126,2524,84.86886348352387,True,False,206.99494936611666,0.3372432954877149,1.0622279398870969,0.8722306234991847,81.11269837220809,0.3290411011957457,1.0589679967794343,0.8594976215248736
ORIGA-414,4385,902,0.20570125427594071,3483,79.42987457240594,True,False,252.3086578651014,0.4453486782698901,1.116872657715485,0.865595828716633,113.49747468305833,0.3800718031232675,1.0811313563771465,0.8799216519583154
ORIGA-415,4233,735,0.17363571934798017,3498,82.63642806520198,True,False,250.3086578651014,0.3073486634357106,1.0508650493217062,0.848997456889732,102.66904755831213,0.5050593260862055,1.158634931253116,0.8762300372687843
ORIGA-416,3952,1286,0.32540485829959515,2666,67.45951417004049,True,False,237.89444430272835,0.09246255387566503,1.004302267783106,0.8775223779067319,137.98275605729688,0.19782085289793547,1.0201602117409994,0.8487918523766925
ORIGA-417,4491,1918,0.42707637497216655,2573,57.29236250278335,True,False,258.37972567696687,0.11263406370702349,1.0064042159754567,0.845349019902326,173.19595949289334,0.11263702390381769,1.006404555846063,0.8034945857385475
ORIGA-418,4643,2107,0.45380142149472324,2536,54.61985785052767,True,False,257.8944443027283,0.3400911821387975,1.0633858069297208,0.8772524197373431,179.36753236814712,0.17276694459415295,1.0152668398579274,0.8229751709403796
ORIGA-419,5014,1985,0.3958915037893897,3029,60.410849621061026,True,False,276.69343417595167,0.40713140932020603,1.0948470437252877,0.8229936539046947,172.19595949289334,0.3491143479882197,1.0671445982619092,0.8412488077395667
ORIGA-42,3665,1590,0.43383356070941337,2075,56.61664392905866,True,False,233.1370849898476,0.34301191493361605,1.0645873968773865,0.8473466542678003,149.81118318204307,0.11247513304592086,1.0063859822054673,0.8902634021407682
ORIGA-420,3871,895,0.2312064066132782,2976,76.87935933867219,True,False,242.7228714274745,0.46964583574620544,1.1326889511407972,0.8256797488281353,115.11879502661796,0.36695594980520496,1.074993342170681,0.8486730851083922
ORIGA-421,3649,1138,0.311866264730063,2511,68.81337352699369,True,False,235.5512985522207,0.18243959012322034,1.0170694102956321,0.8264426504619049,129.46803743153546,0.23313104945794388,1.028335447098333,0.8531531461790093
ORIGA-422,4589,1499,0.32665068642405753,3090,67.33493135759426,True,False,264.79393923934,0.13867575919085828,1.009756429983583,0.8224544234475113,149.12489168102783,0.5524300959068772,1.199674797629731,0.8470542277714781
ORIGA-423,4242,1284,0.3026874115983027,2958,69.73125884016973,True,False,248.96551211459376,0.196794480944005,1.0199452720547644,0.860007317953808,137.05382386916236,0.42416886462308895,1.1042608743549194,0.8589988325823127
ORIGA-424,4890,2578,0.52719836400818,2312,47.280163599182,True,False,270.2081528017131,0.4619441180374505,1.1275113494527962,0.841631198582839,197.75230867899737,0.45485483214680344,1.1228819122678944,0.8284182393307634
ORIGA-425,4425,915,0.20677966101694914,3510,79.3220338983051,True,False,259.7228714274745,0.37291389683162474,1.0777418844349158,0.824333117082324,115.25483399593904,0.3563009468327516,1.0702384074760636,0.8655908541266524
ORIGA-426,3527,1415,0.40119081372271054,2112,59.88091862772895,True,False,228.23759005323595,0.19282209967968364,1.019125175620531,0.8508264405669015,141.39696961967,0.2968912735126579,1.0472176949876588,0.8893774219860804
ORIGA-427,4264,1853,0.43456848030018763,2411,56.543151969981245,True,False,254.86500705120545,0.4307986355581955,1.1080969898207618,0.8249101324622728,169.8528137423857,0.1543467319436663,1.0121285961162576,0.8071231276865534
ORIGA-428,4517,2302,0.5096302855877795,2215,49.03697144122205,True,False,255.55129855222071,0.4962532309063856,1.1518377624092253,0.8691680835771768,183.23759005323592,0.2538769154435204,1.0338732722855444,0.8615610180020729
ORIGA-429,4383,2353,0.5368469085101528,2030,46.31530914898471,True,False,257.2081528017131,0.47749304616649313,1.1381283458985145,0.8325529688328733,184.0243866176395,0.38871640541055974,1.0853550885857963,0.8731342683435005
ORIGA-43,4398,1987,0.4517962710322874,2411,54.82037289677126,True,False,250.6223663640862,0.46884830014277773,1.1321454868782608,0.87988403255499,167.12489168102786,0.399218629659644,1.090684099921192,0.893975163906488
ORIGA-430,3666,837,0.22831423895253683,2829,77.16857610474632,True,False,235.37972567696687,0.1708957532018878,1.0149305255228582,0.8315037648039001,112.91168824543142,0.2899144676490929,1.0448746938521223,0.8250067845616305
ORIGA-431,3617,1215,0.33591374066906277,2402,66.40862593309372,True,False,230.16652224137047,0.27300435635079795,1.0394872118279284,0.8579738700218219,133.5685424949238,0.2385729144018062,1.0297339938008656,0.8558108102970181
ORIGA-432,5383,2966,0.5509938695894483,2417,44.90061304105517,True,False,284.86500705120545,0.5072245555462847,1.160343277106343,0.8335967959303928,215.65180361560903,0.542143374621686,1.1900710000084849,0.801447025192062
ORIGA-433,5536,2535,0.45791184971098264,3001,54.20881502890174,True,False,289.27922061357856,0.44972655707079096,1.119612338454277,0.8313262003025537,200.99494936611666,0.3266420134462068,1.0580352053945934,0.7885287611806103
ORIGA-434,3301,739,0.22387155407452286,2562,77.61284459254772,True,False,217.92388155425118,0.17007341746535437,1.0147839878934715,0.8734654615871216,105.25483399593904,0.571504205509625,1.2186218036639949,0.8382435129195652
ORIGA-435,3354,668,0.19916517590936195,2686,80.0834824090638,True,False,219.23759005323592,0.17980085251212585,1.0165669601127545,0.8768854890629891,97.84062043356595,0.6284717661534791,1.2856240017280582,0.8768956798481997
ORIGA-436,2845,631,0.221792618629174,2214,77.8207381370826,True,False,204.6812408671319,0.2744360048457145,1.0399276415491134,0.8533674084002435,91.59797974644667,0.33439305029467126,1.0610825938448583,0.9450775200785805
ORIGA-437,3070,808,0.26319218241042347,2262,73.68078175895766,True,False,209.6812408671319,0.250620291276002,1.0329666491820069,0.8774635471078042,111.32590180780451,0.23133408187468874,1.0278819438339357,0.8192732614518036
ORIGA-438,3714,1499,0.4036079698438341,2215,59.63920301561658,True,False,234.1370849898476,0.33288086884454066,1.060480373002661,0.8513562904515508,148.63961030678928,0.21413383636175862,1.0237464850984126,0.8525942134650626
ORIGA-439,4022,1876,0.46643460964694183,2146,53.356539035305815,True,False,242.40916292848976,0.3262712781266234,1.0578918871157426,0.8601097415864101,167.78174593052023,0.2859104916617602,1.043562114280342,0.8374391871029683
ORIGA-44,4913,1479,0.30103806228373703,3434,69.8961937716263,True,False,268.3086578651014,0.3161121950437387,1.0540497597532161,0.8576049014491789,146.88225099390857,0.3868464721834621,1.0844291703577913,0.8614684941394678
ORIGA-440,4317,2912,0.6745425063701644,1405,32.54574936298356,True,False,251.1370849898476,0.3250378808456367,1.0574166708197548,0.8601421194289368,204.2670273047588,0.4594192279956059,1.1258477675922975,0.8770103068544822
ORIGA-441,3766,2579,0.6848114710568242,1187,31.51885289431758,True,False,233.4802307403552,0.4582510968693253,1.1250836767303423,0.8681403698183383,194.4386001800126,0.3919797420659533,1.0869874200204979,0.8572277757943253
ORIGA-442,4621,2622,0.5674096515905648,1999,43.259034840943514,True,False,264.69343417595167,0.2975940521798368,1.0474576831932043,0.8288186125842256,195.16652224137044,0.14627471815198165,1.010872941545292,0.8650314646224733
ORIGA-443,4743,2482,0.5232974910394266,2261,47.67025089605735,True,False,265.86500705120545,0.2242498508761071,1.026133901804982,0.8432194770416259,190.4386001800126,0.3302525027390996,1.0594425417158515,0.8600063939284279
ORIGA-444,3962,1552,0.3917213528520949,2410,60.827864714790515,True,False,247.48023074035518,0.510971721720345,1.1633351359907655,0.812911580992011,156.46803743153546,0.20952325010691536,1.0227001959567608,0.7966183578842762
ORIGA-445,3499,1132,0.3235210060017148,2367,67.64789939982853,True,False,230.9655121145938,0.48410836834696164,1.1428466285699115,0.8242510995719149,130.81118318204307,0.12103282139220724,1.0074059388766763,0.8313167731210572
ORIGA-446,4363,1531,0.35090534036213616,2832,64.90946596378639,True,False,252.79393923933998,0.32281014928063007,1.056564514575967,0.8579495722508121,148.22539674441617,0.3779215621171195,1.0801030134600929,0.8756686703163381
ORIGA-447,4431,1697,0.38298352516361994,2734,61.701647483638,True,False,257.8944443027283,0.45934222102007516,1.1257972883719192,0.8371969571088019,160.12489168102783,0.5044099494302674,1.1581254677047754,0.8317139933104047
ORIGA-448,4348,1710,0.3932842686292548,2638,60.67157313707452,True,False,250.20815280171308,0.21498151303257707,1.0239416832732877,0.8727633208203641,159.53910524340097,0.4236531672803303,1.1039666280368343,0.8442511684035167
ORIGA-449,4347,1516,0.34874626178974005,2831,65.125373821026,True,False,253.37972567696687,0.36024789734629126,1.0719761114816642,0.8508554421266799,150.12489168102783,0.4250288168144246,1.1047528666864415,0.8452859516276143
ORIGA-45,4438,2240,0.5047318611987381,2198,49.52681388012618,True,False,258.86500705120545,0.5049981867175882,1.1585869081843647,0.8322436066261975,180.8528137423857,0.394827211634267,1.0884289846384723,0.8606118909736918
ORIGA-450,4505,1301,0.2887902330743618,3204,71.12097669256381,True,False,260.1370849898476,0.12367982905619965,1.007737229644348,0.836565828037192,139.88225099390854,0.4617899930276371,1.127409327432132,0.8355297841461335
ORIGA-451,4498,1481,0.32925744775455756,3017,67.07425522454425,True,False,259.1370849898476,0.2076174146696964,1.0222752710248169,0.8417249042079329,151.12489168102786,0.47525193959075757,1.1365576823492853,0.8148786087689754
ORIGA-452,4622,1696,0.3669407183037646,2926,63.305928169623535,True,False,266.03657992645924,0.5256522688271533,1.175503175208462,0.8206483356520698,161.43860018001263,0.19394587113636064,1.0193552817365892,0.8177507395931736
ORIGA-453,4593,1416,0.3082952318745918,3177,69.17047681254083,True,False,266.45079348883235,0.5443486287350253,1.192095327670704,0.8129657955715156,148.78174593052023,0.13922474250919145,1.0098349750725792,0.8038477783584602
ORIGA-454,4519,1182,0.26156229254259794,3337,73.84377074574022,True,False,264.27922061357856,0.12410887730341398,1.0077916341317763,0.8130666928710196,130.81118318204307,0.33742098273413423,1.0622997873108007,0.8680357118631533
ORIGA-455,4162,795,0.19101393560788082,3367,80.89860643921192,True,False,249.89444430272832,0.39061489977270714,1.0863021652473548,0.8375268484875565,106.42640687119285,0.6077827849360569,1.259281975076731,0.8820195123579935
ORIGA-456,4531,1181,0.2606488633855661,3350,73.93511366144338,True,False,264.79393923934,0.10020891539833314,1.0050590469626004,0.8120594884812974,132.9827560572969,0.3336180783083853,1.0607734949329461,0.839207009735793
ORIGA-457,4234,1854,0.43788379782711384,2380,56.21162021728862,True,False,250.48023074035524,0.11753020064320906,1.006979060989462,0.848035061652356,169.99494936611666,0.35487602450815475,1.069617820573534,0.8062088419651369
ORIGA-458,4228,1864,0.44087038789025546,2364,55.91296121097445,True,False,255.1370849898476,0.3986236504431086,1.0903762763258158,0.8162020177791358,162.29646455628165,0.4649198282880145,1.1294932566456075,0.8892782150837585
ORIGA-459,4153,1100,0.2648687695641705,3053,73.51312304358295,True,False,250.79393923934,0.4486352644316487,1.1189250081673432,0.8297317734746399,128.66904755831214,0.13416640196707671,1.0091236719952854,0.8349382873951907
ORIGA-46,4943,1989,0.40238721424236296,2954,59.76127857576371,True,False,271.6223663640862,0.5120262164438127,1.1641852546604812,0.8419172688598338,174.4386001800126,0.49639541258146236,1.1519456183616754,0.8214090080956905
ORIGA-460,4065,938,0.23075030750307504,3127,76.9249692496925,True,False,249.20815280171308,0.4542098262618834,1.1224670633259655,0.8225189676790579,118.39696961967,0.4796186477882541,1.1396309605660158,0.8408751708860686
ORIGA-461,3998,1460,0.36518259129564784,2538,63.481740870435225,True,False,245.03657992645927,0.32472292218248916,1.0572957110347625,0.8367405368095794,144.88225099390857,0.526489256141204,1.176219040059058,0.874042096508109
ORIGA-462,4045,1023,0.25290482076637827,3022,74.70951792336218,True,False,248.9655121145938,0.17144370693566066,1.0150285970064188,0.8200682699488809,123.32590180780451,0.3885156540251304,1.0852553564916394,0.8452338822761809
ORIGA-463,2786,1560,0.5599425699928212,1226,44.00574300071787,True,False,203.40916292848976,0.4573499024516229,1.1244965806446106,0.8461550503563113,152.0538238691624,0.5202019660801186,1.1709008548128843,0.847890500815897
ORIGA-464,2252,816,0.3623445825932504,1436,63.765541740674955,True,False,178.95331880577402,0.19966868469870222,1.02055034444475,0.8836875493002012,108.87615433949867,0.4549502093797546,1.1229433451597841,0.8650365893153957
ORIGA-465,4957,2048,0.4131531168045189,2909,58.684688319548115,True,False,273.1076477383248,0.2261291313392165,1.0265914556717242,0.8351434119362299,174.50966799187808,0.3554367291214948,1.0698615949673023,0.8450858534951854
ORIGA-466,4453,1186,0.2663373006961599,3267,73.36626993038401,True,False,259.86500705120545,0.124991475282209,1.0079041703355924,0.8286420248097427,133.9827560572969,0.5082364148812787,1.1611467361638301,0.8302267817118328
ORIGA-467,3439,1218,0.3541727246292527,2221,64.58272753707473,True,False,221.40916292848976,0.45358096058885233,1.1220636035158709,0.8815579368115786,129.49747468305833,0.38472114883256026,1.0833850633412192,0.9127136667200444
ORIGA-468,3819,1566,0.4100549882168107,2253,58.994501178318934,True,False,239.1370849898476,0.5271640641884042,1.1767979795344554,0.8392003578100502,151.95331880577405,0.635544664825611,1.2952292383792126,0.8522779290047786
ORIGA-469,4632,887,0.19149395509499137,3745,80.85060449050087,True,False,265.86500705120545,0.4073546566282733,1.0949663796617226,0.8234856878888491,118.98275605729688,0.27901200193687725,1.0413546783118157,0.7873456544971918
ORIGA-47,4501,1499,0.3330371028660298,3002,66.69628971339702,True,False,254.3797256769669,0.25285920920080895,1.0335884350719915,0.8740854432178278,147.46803743153546,0.16456191075296422,1.0138216782153062,0.8661950465942545
ORIGA-470,4559,931,0.20421144987935952,3628,79.57885501206405,True,False,260.5512985522207,0.42921037315359334,1.107168915595053,0.843903857929557,119.74011537017762,0.43882717211887234,1.1128775140237006,0.8159812895461996
ORIGA-471,3674,943,0.2566684812193794,2731,74.33315187806205,True,False,234.06601717798213,0.3476839715916647,1.0665394974478433,0.8426986250751448,115.74011537017762,0.425544997705569,1.1050489772686802,0.8846138505125222
ORIGA-472,3794,1039,0.2738534528202425,2755,72.61465471797575,True,False,237.23759005323592,0.46422830687859723,1.129030615103842,0.8471107308773278,126.8111831820431,0.24626964235191015,1.0317773459415018,0.811914508839487
ORIGA-473,3747,1464,0.3907125700560448,2283,60.92874299439551,True,False,236.23759005323595,0.6345824690065361,1.2939035135062755,0.8437145719516778,147.0538238691624,0.4394440318055117,1.1132510614588944,0.8507428282305104
ORIGA-474,3732,1512,0.40514469453376206,2220,59.4855305466238,True,False,237.13708498984758,0.5726674677814408,1.219827922382205,0.8339740649801275,156.95331880577402,0.6371807686540889,1.2974975106374294,0.7712952352110489
ORIGA-475,3818,793,0.2077003666841278,3025,79.22996333158721,True,False,240.1370849898476,0.5201779183926957,1.1708807738531182,0.8320076493994529,106.08326112068522,0.15077461219722477,1.0115640333952736,0.8855015533964006
ORIGA-476,3710,750,0.20215633423180593,2960,79.78436657681941,True,False,238.3086578651014,0.4707277092147976,1.1334289043811103,0.8209262295967286,108.32590180780451,0.15931931757306692,1.0129381536001647,0.8031681925615973
ORIGA-477,4049,1546,0.38182267226475675,2503,61.81773277352433,True,False,241.3086578651014,0.3545992605988991,1.069497696664477,0.8737995817266621,150.16042558696057,0.3453627038541258,1.0655649724188478,0.8616053214834948
ORIGA-478,4233,1666,0.39357429718875503,2567,60.6425702811245,True,False,252.79393923933998,0.39356232362629795,1.087786624429365,0.8323860965706367,158.53910524340094,0.3961485605803573,1.0891034420491112,0.8329368103343844
ORIGA-479,4608,1457,0.3161892361111111,3151,68.38107638888889,True,False,268.27922061357856,0.34768567742296086,1.0665402169847633,0.8045411509750131,149.57463914933368,0.3264035320566594,1.0579429882769165,0.8183771374772492
ORIGA-48,4952,1466,0.29604200323101776,3486,70.39579967689822,True,False,274.69343417595167,0.37553279337091044,1.078970839066389,0.8246961028418567,146.12489168102786,0.45143371779381763,1.120693469100639,0.8627707833700186
ORIGA-480,4652,1744,0.3748925193465176,2908,62.510748065348245,True,False,259.96551211459376,0.1927847627536172,1.019117556040442,0.8650039614060538,164.61017305526642,0.5007278603694018,1.155261662128353,0.8088034621791844
ORIGA-481,4927,1826,0.3706109194235843,3101,62.93890805764156,True,False,274.2497833620557,0.2724724121111289,1.0393242943353962,0.8231895335089757,161.53910524340094,0.30892774552615115,1.051430170149839,0.8793368861399187
ORIGA-482,4223,1145,0.2711342647407057,3078,72.88657352592944,True,False,251.1370849898476,0.20709688293387832,1.0221599797829128,0.8414130577596479,127.5685424949238,0.33572746770354767,1.0616171462367112,0.8841545036491111
ORIGA-483,4271,1246,0.2917349566846172,3025,70.82650433153829,True,False,250.06601717798213,0.2904671612696484,1.0450577038578635,0.8582821515284225,133.5685424949238,0.5273830058092068,1.1769861598559845,0.8776463124527446
ORIGA-484,3500,861,0.246,2639,75.4,True,False,230.82337649086284,0.40797337968079206,1.0952976618536185,0.8255023789407455,111.25483399593904,0.32397420231218776,1.057008802185407,0.8741284098394638
ORIGA-485,3522,692,0.1964792731402612,2830,80.35207268597388,True,False,227.65180361560903,0.36832257376227506,1.0756180352172342,0.8539983365858774,100.42640687119285,0.3742500569431603,1.0783672970042637,0.8622240045130392
ORIGA-486,4590,3601,0.7845315904139434,989,21.546840958605664,True,False,266.0071426749364,0.47910097801314994,1.1392638496828154,0.8151470348607107,235.82337649086284,0.5230311803605786,1.1732771374610695,0.8136905624652512
ORIGA-487,4984,1740,0.3491171749598716,3244,65.08828250401284,True,False,271.27922061357856,0.6054295253904696,1.2564409571581183,0.8510495366295396,165.46803743153546,0.7911397579526912,1.6349609131983218,0.7986028955718487
ORIGA-488,3719,1460,0.39257865017477817,2259,60.74213498252218,True,False,233.23759005323592,0.3954953600428298,1.0887695899717427,0.8590905693535628,148.12489168102783,0.5021081527675697,1.156330260121047,0.8361931937675431
ORIGA-489,3461,1006,0.2906674371568911,2455,70.9332562843109,True,False,229.55129855222071,0.3062029194627052,1.0504573905965733,0.825376226358978,119.5685424949238,0.3277399509891733,1.05846094238529,0.8842477716228442
ORIGA-49,3943,1823,0.46233832107532336,2120,53.766167892467664,True,False,248.40916292848974,0.20225036218809458,1.0211022516520778,0.8029738800655146,163.71067811865476,0.3912937771412888,1.0866425525819938,0.8547567081098109
ORIGA-490,3714,1032,0.2778675282714055,2682,72.21324717285945,True,False,236.1370849898476,0.22989307239681467,1.0275212383296666,0.8369959718626674,123.32590180780451,0.22052357416236576,1.0252397153591333,0.8526699574868217
ORIGA-491,3276,823,0.2512210012210012,2453,74.87789987789988,True,False,220.30865786510142,0.2725860468607199,1.039359063902039,0.8481850778589014,108.42640687119285,0.6096503579081212,1.2615583196717841,0.8797100779425483
ORIGA-492,5430,2030,0.3738489871086556,3400,62.61510128913444,True,False,286.69343417595167,0.4339176669578837,1.1099363934913058,0.8301836956590352,181.19595949289334,0.5491175921547738,1.1965370799854946,0.7769782894530582
ORIGA-493,5049,1344,0.26619132501485443,3705,73.38086749851456,True,False,272.5512985522207,0.4198181859163311,1.1017969780776822,0.8541196701070386,141.1543289325507,0.15574300382014034,1.0123531284912848,0.8476581254311101
ORIGA-494,4204,1182,0.28116079923882015,3022,71.88392007611797,True,False,256.69343417595167,0.5540532705843169,1.201228306371525,0.8017575364026607,133.63961030678928,0.592313689088583,1.2411452829138494,0.831681305306428
ORIGA-495,4022,1136,0.28244654400795627,2886,71.75534559920438,True,False,249.96551211459376,0.6513008033823801,1.3178361920566946,0.8088942427970869,129.1543289325507,0.6100309882312376,1.26202463802717,0.8557960171216893
ORIGA-496,3737,1815,0.4856837035054857,1922,51.43162964945142,True,False,243.3380951166243,0.1463255342344609,1.01088062117971,0.7930722497872721,171.7462120245875,0.4014396758292858,1.091839577346612,0.7732361664541498
ORIGA-497,3961,2177,0.549608684675587,1784,45.0391315324413,True,False,244.48023074035524,0.4350013469282926,1.1105807447476848,0.8327741059157289,178.8528137423857,0.324780972976339,1.0573179934912833,0.855217815269826
ORIGA-498,5363,1495,0.2787618870035428,3868,72.12381129964572,True,False,278.69343417595167,0.18817557447552014,1.0181895441418964,0.8676891895814767,150.12489168102786,0.4719319475541134,1.1342562663472135,0.8335768454375219
ORIGA-499,5237,1279,0.24422379224746993,3958,75.57762077525301,True,False,284.8355697996826,0.23125768325807536,1.0278627540119634,0.8111552684176614,136.66904755831212,0.24952683965997755,1.032665392813439,0.8604785977422947
ORIGA-5,4802,2225,0.46334860474802164,2577,53.66513952519784,True,False,271.69343417595167,0.2686704632551424,1.0381713235200585,0.8174735944450676,182.3380951166243,0.5030027661493246,1.1570260160060792,0.8409788088553815
ORIGA-50,3726,1896,0.5088566827697263,1830,49.11433172302738,True,False,239.4802307403552,0.5873268271243963,1.2355596111136449,0.816419517950897,165.19595949289334,0.5447333864241732,1.192450422926581,0.8730705830718134
ORIGA-500,4655,1149,0.24683136412459722,3506,75.31686358754028,True,False,261.3086578651014,0.34591746520929456,1.0657970386600446,0.8566865542958998,130.3259018078045,0.21643433431437425,1.0242782863406963,0.8500968661534489
ORIGA-501,5275,1549,0.2936492890995261,3726,70.63507109004739,True,False,287.79393923934,0.4534366456287311,1.1219711558765046,0.800329896824396,152.39696961967,0.37014415104146736,1.0764560082554022,0.8381246605539043
ORIGA-502,4868,1293,0.26561216105176666,3575,73.43878389482333,True,False,269.9655121145938,0.4996400896815872,1.154423678608229,0.8393514784563825,139.88225099390857,0.2602650033415582,1.0356928523266782,0.8303920145280171
ORIGA-503,4668,1394,0.2986289631533848,3274,70.13710368466153,True,False,264.86500705120545,0.41728393746417886,1.1003809739402461,0.8361641468162629,142.22539674441617,0.38662623634678894,1.0843205674840746,0.8660008732180617
ORIGA-504,3145,1039,0.3303656597774245,2106,66.96343402225754,True,False,217.68733752154176,0.4618408487904592,1.127442984239859,0.8339964048366267,120.49747468305833,0.21406551063718718,1.0237307898738253,0.8992273778764387
ORIGA-505,3153,1393,0.4418014589280051,1760,55.8198541071995,True,False,216.3380951166243,0.341773897899729,1.0640763243721745,0.8465796642115593,143.39696961967,0.1938110896792089,1.0193276047502637,0.851296863540292
ORIGA-506,4825,3520,0.7295336787564767,1305,27.04663212435233,True,False,268.9360748630709,0.5321087385933445,1.1810893082693983,0.8383185142168492,234.40916292848974,0.5891595885503004,1.2375981911332314,0.8050138632366148
ORIGA-507,3872,2323,0.599948347107438,1549,40.0051652892562,True,False,235.96551211459376,0.5255784719533224,1.1754401749216825,0.873872650185953,184.95331880577405,0.6435031042054866,1.3064321498339457,0.8533649797871621
ORIGA-508,2896,1122,0.38743093922651933,1774,61.25690607734806,True,False,205.75230867899737,0.4277732013628971,1.1063340791162655,0.8596446952955259,129.39696961967,0.5471201865524948,1.194665967570073,0.8420822435162668
ORIGA-509,2759,990,0.35882566147154765,1769,64.11743385284522,True,False,202.50966799187808,0.4847154376142145,1.1432858334994263,0.845415179194052,115.7401153701776,0.3325557019006823,1.0603513664675448,0.9287038303365823
ORIGA-51,3789,1512,0.3990498812351544,2277,60.09501187648456,True,False,234.92388155425118,0.4702118467333134,1.1330756842290082,0.8627403960950726,150.53910524340094,0.4635638884568018,1.1285872886105526,0.8384226347918999
ORIGA-510,4117,2136,0.518824386689337,1981,48.11756133106631,True,False,242.62236636408616,0.41608522831279077,1.0997160733764544,0.8788789495497124,178.8528137423857,0.6543260280094524,1.322379501984169,0.8391112785559708
ORIGA-511,3901,2665,0.6831581645731863,1236,31.684183542681367,True,False,238.65180361560903,0.2078385471708417,1.0223243485231972,0.8607090561636157,202.0243866176395,0.5641121918558416,1.211096330949513,0.8205394835187452
ORIGA-512,4119,2553,0.619810633648944,1566,38.01893663510561,True,False,250.3797256769669,0.5578123073567436,1.2048669989706797,0.8256639776051561,195.50966799187808,0.6218889159701287,1.2769672018443456,0.8393134880043452
ORIGA-513,4108,2157,0.5250730282375852,1951,47.49269717624148,True,False,244.62236636408616,0.5120182045741323,1.1641787819625808,0.8626765104020936,180.8528137423857,0.6449882514394611,1.3085708358190724,0.8287231467992202
ORIGA-514,4541,2109,0.46443514644351463,2432,53.55648535564853,True,False,262.5512985522207,0.3994398582107894,1.0907987403244328,0.8278144913820786,174.1959594928933,0.13259070954736382,1.0089077726891882,0.8733941712704277
ORIGA-515,4990,3567,0.7148296593186373,1423,28.517034068136272,True,False,275.9360748630709,0.3794969059415809,1.080855555000593,0.8235565870400681,230.99494936611666,0.45502463730401016,1.1229913004645666,0.8400555488016509
ORIGA-516,4849,3504,0.7226232212827387,1345,27.73767787172613,True,False,268.2081528017131,0.38502494445640995,1.0835337722388128,0.8470676536083598,231.79393923933998,0.3923321311635845,1.0871649457041892,0.8195393465434139
ORIGA-517,4919,1725,0.3506810327302297,3194,64.93189672697703,True,False,271.69343417595167,0.3518653856336909,1.0683183002536594,0.8373912143013927,157.71067811865476,0.12235130373514133,1.0075700190791745,0.8715188105822379
ORIGA-518,5226,2745,0.5252583237657864,2481,47.47416762342135,True,False,284.7645019878171,0.31941699286958775,1.0552817141085193,0.8098555612219946,199.16652224137047,0.3579794625175475,1.0709740271365704,0.869600003573477
ORIGA-519,4562,2632,0.5769399386234108,1930,42.30600613765892,True,False,261.2081528017131,0.27324897467313275,1.0395622630158519,0.8402174347422691,191.61017305526642,0.4379201463624439,1.1123298861849686,0.9008627358788805
ORIGA-52,4035,2071,0.5132589838909541,1964,48.674101610904586,True,False,243.7228714274745,0.5096220698553181,1.1622523252825883,0.8536126271553374,171.95331880577405,0.6482976774263338,1.3133925802589748,0.8801746132853399
ORIGA-520,3551,2375,0.6688256829062236,1176,33.11743170937764,True,False,237.5512985522207,0.5422403470352982,1.1901596274736648,0.7907618681378048,192.8528137423857,0.5661312253267571,1.2131282831218912,0.8024565359224659
ORIGA-521,4357,1311,0.3008951113151251,3046,69.91048886848749,True,False,250.55129855222071,0.4717225622961883,1.1341121278806434,0.8721759522617955,136.22539674441617,0.4935051646901376,1.149765108108156,0.8877616758731434
ORIGA-522,4870,1255,0.25770020533880905,3615,74.2299794661191,True,False,264.45079348883235,0.45012079174024505,1.1198613626592588,0.8750826560585836,136.22539674441617,0.15267912933708194,1.0118632737773796,0.8498405058892409
ORIGA-523,4754,2815,0.5921329406815313,1939,40.78670593184687,True,False,267.27922061357856,0.4680480907575292,1.1316019123882626,0.8362548488635276,204.4386001800126,0.4629830095863497,1.1282006499890478,0.8463742967938682
ORIGA-524,4691,2768,0.5900660839906203,1923,40.99339160093797,True,False,267.37972567696687,0.5023556036852792,1.1565224574219524,0.8245525710581262,201.40916292848974,0.48209079688998313,1.1413945132819336,0.857467169364173
ORIGA-525,3805,933,0.245203679369251,2872,75.4796320630749,True,False,236.82337649086284,0.2211542981687138,1.0253898519883333,0.8525412229830623,114.91168824543142,0.26900143552052336,1.0382708981061843,0.8878980400971078
ORIGA-526,3488,997,0.2858371559633027,2491,71.41628440366972,True,False,227.99494936611666,0.28513302442363875,1.0433099295595927,0.8432102698852632,124.74011537017762,0.24121032241404133,1.0304255139700371,0.8051795563782125
ORIGA-527,3521,1721,0.48878159613746097,1800,51.1218403862539,True,False,233.55129855222071,0.255309229079457,1.0342764909643158,0.811168946465129,159.05382386916236,0.3370260999953422,1.0621401885782367,0.854874780356946
ORIGA-528,3579,1758,0.4911986588432523,1821,50.88013411567477,True,False,230.82337649086287,0.3352758258371285,1.0614358948284026,0.8441351469225508,162.98275605729688,0.3358570559849644,1.0616692143854267,0.8316592452200765
ORIGA-529,4883,2009,0.41142740118779436,2874,58.85725988122056,True,False,271.69343417595167,0.27530959255691073,1.0401977989414097,0.8312627158840619,172.19595949289334,0.4865203569486374,1.1445979248555347,0.8514200779590878
ORIGA-53,4808,2214,0.4604825291181364,2594,53.95174708818635,True,False,268.37972567696687,0.4966340281182855,1.1521267645540656,0.8388318532650494,187.26702730475878,0.4439237825209673,1.1159910315929975,0.7933500392233325
ORIGA-530,4817,1750,0.3632966576707494,3067,63.67033423292505,True,False,267.1076477383247,0.11975020148269465,1.0072481031587894,0.8484257964160455,160.19595949289334,0.31700329498215396,1.0543802562952056,0.8569289138758663
ORIGA-531,4530,1861,0.4108167770419426,2669,58.91832229580574,True,False,262.45079348883235,0.4905869442080175,1.1475888178932674,0.8264418205794555,166.78174593052023,0.606010490575688,1.2571395278495447,0.8407351506668186
ORIGA-532,3630,1774,0.4887052341597796,1856,51.129476584022036,True,False,237.51576464628795,0.2713585232429101,1.0389844219001325,0.8085960366923307,161.63961030678928,0.4365061619908996,1.111480039258439,0.8532334832549652
ORIGA-533,5170,2880,0.5570599613152805,2290,44.294003868471954,True,False,276.66399692442883,0.047475197441167016,1.0011288557861353,0.8487799527212415,207.40916292848974,0.4586897475746653,1.125370193799198,0.8412914481612078
ORIGA-534,5321,2663,0.5004698364968991,2658,49.953016350310094,True,False,281.8355697996826,0.20579566144393382,1.0218732108509907,0.8418050290038539,198.8528137423857,0.034771113623095734,1.0006050638820514,0.8462867655222464
ORIGA-535,3437,977,0.284259528658714,2460,71.5740471341286,True,False,227.89444430272832,0.1426592756886801,1.0103338378737954,0.831614245828379,118.84062043356595,0.20939796648593392,1.022672127160039,0.8693098624850406
ORIGA-536,3350,1034,0.3086567164179104,2316,69.13432835820895,True,False,225.99494936611666,0.38550528029316933,1.0837692628480022,0.8242466755168454,123.91168824543142,0.502170098203642,1.156378355809323,0.846263976932096
ORIGA-537,3336,703,0.2107314148681055,2633,78.92685851318944,True,False,220.16652224137047,0.5159660164408407,1.1673936860273024,0.8648351673575749,101.91168824543144,0.24502309098648514,1.031441170337577,0.8505839760803006
ORIGA-538,3216,797,0.2478233830845771,2419,75.21766169154229,True,False,219.2670273047588,0.5476375565716136,1.1951491288983218,0.8405803755942473,112.5685424949238,0.33650889905843484,1.0619315440412573,0.7903766462626858
ORIGA-539,3944,828,0.2099391480730223,3116,79.00608519269777,True,False,243.8944443027283,0.5015156022399997,1.15587079442833,0.8331879016367819,109.25483399593904,0.22423633090789843,1.026130626100081,0.8716836053257654
ORIGA-54,5312,1996,0.3757530120481928,3316,62.424698795180724,True,False,282.45079348883235,0.5353445384596026,1.1839450679091856,0.8367242041206925,171.0243866176395,0.1193976615167454,1.0072050280501068,0.8575398639711154
ORIGA-540,4148,724,0.17454194792671165,3424,82.54580520732884,True,False,247.48023074035524,0.5558946790578597,1.2030035638211074,0.8510745174040536,104.32590180780451,0.3865208509974331,1.0842686331876241,0.8359188817900184
ORIGA-541,3755,1418,0.37762982689747004,2337,62.237017310252995,True,False,234.16652224137044,0.5139631657326122,1.165756253248221,0.8605382784251291,143.46803743153546,0.49848483948246286,1.1535376934402477,0.8657166695416144
ORIGA-542,3413,1195,0.3501318488133607,2218,64.98681511866393,True,False,227.65180361560903,0.34025280833005095,1.0634519254884345,0.8275685186733673,133.91168824543144,0.48520684289094584,1.1436421321713681,0.8374151212758189
ORIGA-543,3871,1098,0.28364763626969774,2773,71.63523637303022,True,False,240.1370849898476,0.3472078883602693,1.066338875523975,0.8435572579427141,126.63961030678928,0.3539473873041195,1.0692152937583346,0.8603458600333264
ORIGA-544,3833,1230,0.32089746934516045,2603,67.91025306548394,True,False,238.1370849898476,0.08552230979172755,1.0036772166282768,0.84936550065426,133.81118318204307,0.47942718969370557,1.1394950985196404,0.8632372127583461
ORIGA-545,3879,1716,0.4423820572312452,2163,55.761794276875484,True,False,241.96551211459382,0.4387047813720622,1.1128035057443546,0.8325737322799017,158.95331880577405,0.2929554373053855,1.0458871523525135,0.8534693858205321
ORIGA-546,3980,1766,0.44371859296482413,2214,55.628140703517595,True,False,238.06601717798213,0.2894116380293232,1.0447085810845622,0.8824662880894568,160.5685424949238,0.390807811983583,1.086398798285611,0.8607551559038431
ORIGA-547,4935,1776,0.35987841945288757,3159,64.01215805471125,True,False,271.5929291125633,0.3772678879391356,1.0797921316958272,0.8407368885201385,159.71067811865476,0.2662039077374941,1.0374340019816886,0.8749533899501825
ORIGA-548,4010,1234,0.3077306733167082,2776,69.22693266832918,True,False,248.37972567696687,0.42522866896453765,1.1048674423188363,0.8168117009569593,136.81118318204307,0.48168306735484057,1.1411024627829778,0.8284796133862783
ORIGA-549,5443,2627,0.4826382509645416,2816,51.73617490354584,True,False,286.5218613006979,0.26873246914151866,1.0381899667750836,0.83316817160338,202.16652224137044,0.19059105022991893,1.0186727579834949,0.8077025543809806
ORIGA-55,4570,1889,0.41334792122538294,2681,58.66520787746171,True,False,259.3086578651014,0.4634137268539843,1.128487255018103,0.8540671725815581,165.29646455628165,0.16788804597835363,1.0143983003353774,0.868789757920793
ORIGA-550,5512,2405,0.4363207547169811,3107,56.367924528301884,True,False,293.93607486307087,0.4187947576550224,1.101223450245442,0.8017025999810041,189.95941546018392,0.5057070998388464,1.1591444620304068,0.8375356378790326
ORIGA-551,4308,1455,0.33774373259052926,2853,66.22562674094708,True,False,257.62236636408613,0.4734209137227724,1.13528469149164,0.8156773981666744,146.98275605729688,0.3093669712719258,1.0515880375421456,0.8463306793969974
ORIGA-552,4292,1086,0.2530288909599254,3206,74.69711090400746,True,False,254.79393923933998,0.451695907210075,1.1208601526173994,0.8307902494224357,125.88225099390856,0.342710784425344,1.0644628476523281,0.8612132218978418
ORIGA-553,4550,996,0.2189010989010989,3554,78.10989010989012,True,False,260.45079348883235,0.15893651058940572,1.0128748491418136,0.8428880387485319,120.39696961966999,0.5060538470047309,1.1594177541443744,0.8634517829683229
ORIGA-554,2959,1092,0.36904359580939505,1867,63.095640419060494,True,False,213.16652224137044,0.43180072602503666,1.1086855153073747,0.8183080612463619,127.32590180780451,0.1773596029010205,1.0161092819809867,0.8464454615455901
ORIGA-555,3439,875,0.2544344286129689,2564,74.55655713870311,True,False,226.40916292848974,0.4573071014166033,1.1244687488741631,0.8430513763153576,113.01219330881975,0.34271905675584297,1.0644662670885408,0.8609289457418344
ORIGA-556,5508,3121,0.5666303558460422,2387,43.33696441539579,True,False,287.208152801713,0.4388111096998999,1.1128677992446327,0.8390933283394365,214.65180361560903,0.18249459905362703,1.017079970596679,0.8512057500349427
ORIGA-557,3844,1261,0.3280437044745057,2583,67.19562955254943,True,False,237.65180361560903,0.33522882140675436,1.0614170505142546,0.855285311748791,136.7401153701776,0.13575760369475376,1.0093444279511088,0.847487042038099
ORIGA-558,4205,1575,0.3745541022592152,2630,62.544589774078474,True,False,253.86500705120545,0.396297944589717,1.0891799131250877,0.8199175475913412,150.4680374315355,0.33573374250139326,1.0616196667906255,0.8741820994122487
ORIGA-559,4612,1941,0.42085862966175197,2671,57.91413703382481,True,False,258.79393923934,0.36068889793464404,1.072171987247933,0.8653483304583384,167.19595949289334,0.3937312547290728,1.08787222935167,0.8725369823518231
ORIGA-56,4187,1608,0.3840458562216384,2579,61.59541437783616,True,False,248.79393923933998,0.5426300778893789,1.1905161799301582,0.8500280005581734,158.29646455628165,0.2408534251945081,1.0303314099978016,0.8064054938108511
ORIGA-560,4756,2388,0.5021026072329688,2368,49.78973927670311,True,False,265.86500705120545,0.3250995663897836,1.0574403797332124,0.8455306415369962,189.2670273047588,0.3629215280921182,1.0731689763433236,0.8377110892671173
ORIGA-561,4150,1272,0.30650602409638555,2878,69.34939759036145,True,False,252.06601717798213,0.40952158980760545,1.0961301468019338,0.820784907676827,134.66904755831212,0.2042675642942206,1.0215390544605423,0.8813763606341702
ORIGA-562,4182,1366,0.3266379722620756,2816,67.33620277379244,True,False,251.3086578651014,0.5009566755936058,1.1554383987811438,0.8321066464291716,139.91168824543144,0.5009562495597509,1.155438069562593,0.8769050462635282
ORIGA-563,3776,1125,0.2979343220338983,2651,70.20656779661016,True,False,239.89444430272832,0.4607895102428198,1.1267485634489163,0.8245205211023918,130.46803743153546,0.4214448498426442,1.1027132953880645,0.8305277107601685
ORIGA-564,3741,917,0.2451216252338947,2824,75.48783747661054,True,False,237.7523086789974,0.4878649473797443,1.1455815035811505,0.8316643521093169,116.9116882454314,0.6341932446545613,1.293368959799572,0.8430694182300855
ORIGA-565,4297,1194,0.2778682801954852,3103,72.21317198045148,True,False,251.06601717798213,0.37280162720387494,1.0776894860281783,0.8566419762757294,132.49747468305833,0.1962219253054324,1.0198259137208,0.8546710408907419
ORIGA-566,4825,1219,0.2526424870466321,3606,74.73575129533678,True,False,270.06601717798213,0.38278673909181116,1.0824423433736614,0.8313182263126225,130.91168824543144,0.44939934197621306,1.1194059398462208,0.8938336953365354
ORIGA-567,5119,1403,0.2740769681578433,3716,72.59230318421567,True,False,271.9655121145938,0.36042445100102166,1.072054488281152,0.8696957025550411,146.39696961967,0.6063035723453121,1.25749263567857,0.8226277601500989
ORIGA-568,5220,1458,0.2793103448275862,3762,72.06896551724138,True,False,277.79393923934003,0.1637227214060339,1.0136781712370815,0.8500311370607815,152.46803743153546,0.5980451752535063,1.247719179321019,0.7881516113843124
ORIGA-569,5507,1977,0.358997639368077,3530,64.1002360631923,True,False,284.6934341759516,0.26639469590010084,1.0374907353424363,0.8538273027101629,171.36753236814712,0.32096666116615186,1.0558653128909523,0.8459787362734271
ORIGA-57,5740,2074,0.3613240418118467,3666,63.867595818815325,True,False,291.4213562373095,0.436395501095198,1.111413726721636,0.8493349711100113,173.4386001800126,0.1649777948403586,1.0138930917719673,0.8664172627174862
ORIGA-570,5666,1246,0.21990822449699965,4420,78.00917755030004,True,False,296.6639969244288,0.49453372766678916,1.150538216109798,0.809015322209099,136.98275605729688,0.2722390873602847,1.0392529588071253,0.8344419064476208
ORIGA-571,6460,3802,0.5885448916408669,2658,41.14551083591331,True,False,314.0782104868019,0.3772908631894099,1.079803044852119,0.8229373361183144,237.48023074035524,0.4836725097051826,1.1425319427658538,0.8471631413903853
ORIGA-572,5289,2900,0.5483078086594819,2389,45.16921913405181,True,False,291.62236636408613,0.6062870222799769,1.2574726835181922,0.7815230142261065,210.40916292848976,0.5667300687294564,1.2137343290595268,0.8231492080648073
ORIGA-573,3895,988,0.25365853658536586,2907,74.63414634146342,True,False,238.37972567696687,0.4584636607281222,1.1252224572388143,0.8613480893701136,119.63961030678928,0.241504055035787,1.030503087092151,0.867394829630744
ORIGA-574,4616,1081,0.23418544194107452,3535,76.58145580589255,True,False,265.27922061357856,0.5395474261840574,1.187711636736087,0.8242694395517555,124.1543289325507,0.16677926282136968,1.0142046888556253,0.8812757589951933
ORIGA-575,3915,654,0.16704980842911876,3261,83.29501915708812,True,False,237.9655121145938,0.3621707710962939,1.072832725902068,0.8687875528062303,96.42640687119285,0.4865994048761717,1.1446556039553792,0.8838847570413352
ORIGA-576,4004,925,0.23101898101898102,3079,76.8981018981019,True,False,245.3086578651014,0.2769690015648657,1.0407139211969976,0.8361384212950205,119.15432893255071,0.5675047159264466,1.2145205953861196,0.8187134904333949
ORIGA-577,5120,2761,0.5392578125,2359,46.07421875,True,False,276.27922061357856,0.25294579566511216,1.03361261535037,0.8429142203081299,201.75230867899737,0.3506021303496457,1.067777720663867,0.852391763260357
ORIGA-578,5965,3402,0.5703269069572506,2563,42.967309304274934,True,False,299.1076477383248,0.17376833955685742,1.015448466686965,0.8378480768696027,228.40916292848976,0.3406599960276024,1.0636186931684921,0.8194399418390288
ORIGA-579,6134,2411,0.39305510270622757,3723,60.694489729377246,True,False,305.0071426749364,0.6442988407784386,1.3075761316579413,0.8285784161652509,186.2670273047588,0.44432707211256695,1.1162400607011402,0.8732429884792257
ORIGA-58,5782,2537,0.4387755102040816,3245,56.12244897959183,True,False,293.1787155501902,0.2944278076133388,1.0463822277804795,0.8453237592493322,190.92388155425118,0.23820427989167933,1.029638054638959,0.8746007006700417
ORIGA-580,5860,2607,0.4448805460750853,3253,55.51194539249147,True,False,301.2497833620557,0.6615453035501886,1.3335018851695488,0.8114354803775922,200.16652224137044,0.6251933532648262,1.281279386800505,0.8176510670777835
ORIGA-581,4956,2385,0.4812348668280872,2571,51.87651331719129,True,False,279.3086578651014,0.33518881372253473,1.0614010141030146,0.7983114638471615,193.26702730475878,0.07432857830458499,1.0027738677511822,0.8023848387671086
ORIGA-582,5465,2697,0.49350411710887465,2768,50.649588289112536,True,False,292.9360748630709,0.38848170842233204,1.0852385003267868,0.8003027592947166,206.92388155425118,0.22383878326782083,1.0260344079794006,0.7915340054797527
ORIGA-583,4129,1384,0.33519011867280213,2745,66.48098813271979,True,False,249.45079348883237,0.08814535780605842,1.0039075871558514,0.8338443058738436,146.46803743153546,0.4018688207373564,1.0920640000097313,0.8107001052983626
ORIGA-584,4543,2808,0.6180937706361436,1735,38.19062293638565,True,False,265.69343417595167,0.36008600565220855,1.071904292357676,0.8087065420264073,210.82337649086284,0.2907325723221042,1.0451457458999136,0.7939066473445089
ORIGA-585,4437,1995,0.4496281271129141,2442,55.03718728870859,True,False,261.62236636408613,0.3946674973054771,1.088347698825968,0.8146096559934034,171.71067811865476,0.512484777103585,1.1645560695477737,0.850272547512889
ORIGA-586,4750,2279,0.47978947368421054,2471,52.02105263157895,True,False,263.79393923934,0.42153945780469926,1.1027667686409321,0.8577759137624468,181.4386001800126,0.23690359527069754,1.0293009422862511,0.8699510487772361
ORIGA-587,5265,2727,0.517948717948718,2538,48.205128205128204,True,False,281.0365799264593,0.14384278821788374,1.0105087331469536,0.8376884668675024,200.3380951166243,0.45009912513950356,1.119847666644429,0.8538231423082188
ORIGA-588,5141,2645,0.5144913440964792,2496,48.550865590352075,True,False,277.1076477383247,0.26762345202659005,1.0378573202070547,0.8413185105484629,196.61017305526642,0.6334382243468898,1.292334847156308,0.8598517301784097
ORIGA-589,4132,2237,0.5413843175217812,1895,45.86156824782188,True,False,250.89444430272832,0.37549011125993736,1.0789507071070674,0.8248748980297684,189.1959594928933,0.698608702045053,1.3976163521497735,0.785329901473685
ORIGA-59,4150,1432,0.3450602409638554,2718,65.49397590361446,True,False,248.30865786510142,0.41185431430526903,1.097394045956883,0.8458127659181431,146.71067811865476,0.19386446078324635,1.0193385617830888,0.8360445748392547
ORIGA-590,5829,3466,0.5946131411905987,2363,40.53868588094013,True,False,298.07821048680194,0.45410435418752126,1.1223993264611392,0.8244103943006543,218.99494936611666,0.4329264396942892,1.1093493991765089,0.9081764261334457
ORIGA-591,6028,2937,0.48722627737226276,3091,51.277372262773724,True,False,304.8355697996826,0.4189469256829001,1.101308579778576,0.8151768259429443,211.79393923933998,0.30550922008756787,1.05021154001244,0.8227857367493263
ORIGA-592,4436,2136,0.48151487826871053,2300,51.848512173128945,True,False,258.79393923934,0.3732662003958967,1.0779064634492546,0.8323254973792691,180.6812408671319,0.5127269709695752,1.1647521966576935,0.8222142196767052
ORIGA-593,4880,2453,0.5026639344262295,2427,49.733606557377044,True,False,266.27922061357856,0.34981164567830314,1.06744085624162,0.8648785610518748,185.6812408671319,0.43004340092403787,1.1076549628500159,0.8940696502270801
ORIGA-594,3851,1601,0.41573617242274735,2250,58.42638275772527,True,False,237.4802307403552,0.241387615274768,1.030472322620079,0.8580813407402353,154.12489168102786,0.33945661559925355,1.063126639173544,0.8469458165399517
ORIGA-595,4713,1860,0.39465308720560155,2853,60.53469127943985,True,False,267.6223663640862,0.5055482007575425,1.15901935129449,0.8269180861240008,165.36753236814712,0.40098726940663,1.0916033991319039,0.8547169498535934
ORIGA-596,4625,1779,0.38464864864864867,2846,61.535135135135135,True,False,268.0071426749364,0.4343770166992163,1.1102091875969695,0.8091496747859701,163.6101730552664,0.48633533266929335,1.1444629884280415,0.8351513819503293
ORIGA-597,4335,1858,0.4286043829296424,2477,57.13956170703576,True,False,259.8944443027283,0.14865393327514922,1.0112355550949916,0.8065011188897018,165.95331880577402,0.5038838620811045,1.1577137020345616,0.8477810203573749
ORIGA-598,4868,1696,0.3483976992604766,3172,65.16023007395233,True,False,268.8944443027283,0.3552492532634775,1.0697800257627212,0.8460514518924876,157.63961030678928,0.33010188992021544,1.0593834121246073,0.8576399577409581
ORIGA-599,3900,2044,0.5241025641025641,1856,47.58974358974359,True,False,245.7228714274745,0.20878273831813823,1.022534567266327,0.8116771268651216,175.61017305526644,0.29351040103491566,1.0460733815583356,0.8328972223286986
ORIGA-6,4736,1864,0.3935810810810811,2872,60.641891891891895,True,False,270.00104602052653,0.4458063693358521,1.117156889373248,0.8163768188941073,173.12489168102786,0.5540619132922915,1.2012366065211848,0.7815139645848725
ORIGA-60,4022,1004,0.24962705121829937,3018,75.03729487817007,True,False,245.8233764908628,0.4489185252653936,1.119103132665987,0.8363837205511372,121.42640687119285,0.27266080435201306,1.0393819477500956,0.8556916396567857
ORIGA-600,4170,2154,0.516546762589928,2016,48.34532374100719,True,False,245.1370849898476,0.2952258294599834,1.0466518903625162,0.8720228881744018,177.6812408671319,0.38814773111297407,1.08507277957077,0.857378139102014
ORIGA-601,4925,2288,0.4645685279187817,2637,53.54314720812183,True,False,275.9360748630709,0.14449723784021448,1.0106061051584465,0.8128288960265201,186.09545442950497,0.3731633325531942,1.077858384759755,0.8302222222363886
ORIGA-602,4646,1360,0.29272492466637967,3286,70.72750753336203,True,False,259.62236636408613,0.027953723609419168,1.000390934457006,0.8661734377007962,144.0538238691624,0.13609292545059445,1.009391299611553,0.8235674818764263
ORIGA-603,5375,2599,0.48353488372093023,2776,51.646511627906975,True,False,281.76450198781714,0.4698285955391887,1.1328137295309448,0.8507770714126106,197.09545442950497,0.3122718919139915,1.052639588649253,0.8407423548406127
ORIGA-604,4669,2535,0.5429428143071321,2134,45.70571856928679,True,False,266.35028842544403,0.38488100475220943,1.0834632910426405,0.8270416764011255,191.095454429505,0.19838949310890913,1.0202798348014366,0.8723426663708705
ORIGA-605,4181,2301,0.5503468069839751,1880,44.965319301602484,True,False,253.0365799264593,0.3885369912251595,1.0852659529332889,0.8205846970756475,190.50966799187808,0.43342483940374205,1.1096442619785487,0.7966956435092668
ORIGA-606,4710,1401,0.29745222929936305,3309,70.2547770700637,True,False,263.86500705120545,0.6154515420320361,1.2687542069604445,0.8500944339502756,144.88225099390857,0.5765801646318226,1.223929412067362,0.838721217265658
ORIGA-607,3631,1668,0.4593775819333517,1963,54.06224180666484,True,False,228.23759005323592,0.2898582721644743,1.044856111090157,0.8759146032601134,154.81118318204307,0.5245783160990783,1.1745882112961061,0.8745834415672159
ORIGA-608,4299,1739,0.4045126773668295,2560,59.54873226331705,True,False,252.1370849898476,0.48151411612459416,1.1409815836094073,0.8497748118338891,161.61017305526642,0.2337551438271447,1.0284939130987247,0.8367044049389191
ORIGA-609,6236,2345,0.37604233483001925,3891,62.39576651699807,True,False,310.8416664540925,0.1603126288286093,1.013103182670466,0.8110311098247318,189.68124086713186,0.4769973996746988,1.1377797776717433,0.8190378024005901
ORIGA-61,4236,1416,0.3342776203966006,2820,66.57223796033995,True,False,251.3797256769669,0.17542106691171808,1.0157507400152506,0.8423747093392423,144.95331880577402,0.40429935912055437,1.0933422163895168,0.8468700826380362
ORIGA-610,6308,2875,0.4557704502219404,3433,54.42295497780596,True,False,307.69343417595167,0.09863249078579987,1.0048999647408097,0.8372691522699175,207.40916292848976,0.362929637951212,1.0731726141316766,0.8398308727303723
ORIGA-611,3369,1228,0.3644998515880083,2141,63.550014841199165,True,False,222.8944443027283,0.35082444847892713,1.0678726559324148,0.852142817053078,130.9116882454314,0.10147374986993139,1.005188565205439,0.9004329596991518
ORIGA-612,2907,988,0.33986928104575165,1919,66.01307189542483,True,False,206.23759005323592,0.5734082789060349,1.2205991778665206,0.858853807716401,120.08326112068522,0.6244736627636823,1.28033454085328,0.8609974424530673
ORIGA-613,4499,3129,0.6954878861969327,1370,30.451211380306738,True,False,259.45079348883235,0.4934566457777275,1.1497287175961397,0.8398773140559498,215.8233764908628,0.3563226227924099,1.0702478754244302,0.8441477395309891
ORIGA-614,4066,2379,0.5850959173635022,1687,41.49040826364978,True,False,243.3086578651014,0.43044784275516745,1.1078915140336942,0.8631019785010636,187.6812408671319,0.6150346032756538,1.2682306275153572,0.8487163599453044
ORIGA-615,4260,1734,0.4070422535211268,2526,59.29577464788732,True,False,252.7228714274745,0.2449475023400321,1.0314208506445752,0.8381666341723377,158.88225099390854,0.4206093054287015,1.1022418961829237,0.8631935546656567
ORIGA-616,4385,662,0.15096921322690993,3723,84.90307867730901,True,False,256.03657992645924,0.3378412708204599,1.0624699385727765,0.8405729826825264,100.84062043356593,0.8023212249328371,1.6753435607968448,0.8180819966480974
ORIGA-617,4724,1635,0.3461049957662998,3089,65.38950042337002,True,False,271.35028842544403,0.5237178512601269,1.1738580161838366,0.8062304150430674,151.53910524340094,0.5920600092142917,1.2408581639257663,0.8947015376399841
ORIGA-618,3560,1617,0.4542134831460674,1943,54.578651685393254,True,False,231.55129855222071,0.2485773102247775,1.0324050694059785,0.8343829484740155,153.71067811865476,0.4700389913280739,1.1329574874891153,0.8600264475356646
ORIGA-619,3620,1427,0.3941988950276243,2193,60.58011049723757,True,False,227.55129855222071,0.2893456151143805,1.0446867973143108,0.8785364768820508,145.88225099390854,0.3034934478795123,1.0495012752598263,0.8426144939757385
ORIGA-62,4310,1010,0.23433874709976799,3300,76.5661252900232,True,False,259.27922061357856,0.159217560474561,1.0129213100980579,0.8056598276208811,119.74011537017762,0.5170911223180961,1.1683193557834193,0.8852213774883583
ORIGA-620,5206,2291,0.4400691509796389,2915,55.99308490203612,True,False,275.7228714274745,0.22462618719797228,1.0262251748654967,0.8605348090924219,185.19595949289334,0.04804286015092713,1.0011560598316127,0.839405747847522
ORIGA-621,5268,3687,0.6998861047835991,1581,30.01138952164009,True,False,277.7228714274745,0.036813172010280185,1.000678294317887,0.858286608777593,234.79393923933998,0.2992036689721649,1.0480101072416101,0.8404448826352376
ORIGA-622,5492,2201,0.4007647487254188,3291,59.92352512745812,True,False,290.8944443027283,0.47722714053921406,1.1379412603405814,0.8155855804122958,185.75230867899737,0.6760009426726128,1.3570348390192304,0.8016069356251101
ORIGA-623,5832,2006,0.3439643347050754,3826,65.60356652949245,True,False,290.45079348883235,0.3358826817801785,1.061679514033561,0.8687248500801513,169.78174593052023,0.5434155329993936,1.1912365229835165,0.8744979628770193
ORIGA-624,5971,2851,0.47747445988946574,3120,52.25255401105342,True,False,293.90663761154804,0.305516711848999,1.0502141912313485,0.868636644291956,204.99494936611666,0.2084361103834258,1.022457266779259,0.8525517675144916
ORIGA-625,6023,2593,0.4305163539764237,3430,56.94836460235763,True,False,294.86500705120545,0.2425011436920757,1.0307672480704806,0.8705149927544207,192.95331880577405,0.402806197962873,1.092555521284258,0.8752011407969832
ORIGA-626,6182,2067,0.3343578130054998,4115,66.56421869945002,True,False,306.03657992645924,0.28191961808629673,1.0422768028375624,0.8294537690318444,173.22539674441617,0.4302713268103442,1.1077882268602204,0.8656198586812295
ORIGA-627,4221,1202,0.28476664297559817,3019,71.52333570244018,True,False,249.79393923934,0.40274467677314646,1.0925232066694401,0.8500831785759602,134.3259018078045,0.5417930270480855,1.1897510984204798,0.8371336545609162
ORIGA-628,4926,1925,0.39078359723913925,3001,60.92164027608607,True,False,268.3797256769669,0.20711221891938283,1.0221633718162586,0.859418824705414,173.36753236814712,0.3844549307014332,1.0832548955127688,0.8048316793125975
ORIGA-629,4897,1808,0.36920563610373697,3089,63.079436389626295,True,False,268.35028842544403,0.30585753409944677,1.0503348929898328,0.8545467665541575,163.36753236814712,0.5541116753912881,1.2012844021396045,0.8512885494820137
ORIGA-63,3467,1022,0.29477934813960194,2445,70.52206518603981,True,False,228.4802307403552,0.5244240324738451,1.1744570968662942,0.8345770700067914,122.7401153701776,0.5174911181907734,1.168649466242457,0.8524868833012522
ORIGA-630,5065,1647,0.32517275419545905,3418,67.4827245804541,True,False,275.96551211459376,0.4239039178970684,1.1041096270975628,0.8357563631975015,155.53910524340094,0.5391372899762418,1.1873411928290891,0.855508385190338
ORIGA-631,5473,1915,0.34989950666910286,3558,65.01004933308971,True,False,289.93607486307087,0.23144394671698373,1.0279095527070954,0.8181459819687729,165.5391052434009,0.37392983637129146,1.0782171092039952,0.8781676518433255
ORIGA-632,5476,2108,0.38495252008765524,3368,61.504747991234474,True,False,284.0782104868019,0.24500655079593012,1.0314367233753265,0.8527023432556345,180.95331880577405,0.3414930415900783,1.0639607418486892,0.8089978455152582
ORIGA-633,3521,901,0.2558932121556376,2620,74.41067878443623,True,False,229.96551211459382,0.40528025621595026,1.0938615311961772,0.8366628187991005,116.25483399593904,0.4649264291453187,1.1294976788109223,0.8377464849884575
ORIGA-634,4674,1216,0.2601626016260163,3458,73.98373983739837,True,False,263.03657992645924,0.13160175290529502,1.0087736397419023,0.8489190392990128,137.5685424949238,0.39704467474873145,1.0895628457232827,0.8074305303991591
ORIGA-635,4050,1530,0.37777777777777777,2520,62.22222222222222,True,False,246.96551211459382,0.3555010186626962,1.0698895810258846,0.8344345304726267,147.9827560572969,0.37898868541901426,1.0806122641024398,0.877968778000368
ORIGA-636,4291,1517,0.35353064553717084,2774,64.64693544628291,True,False,258.37972567696687,0.23502199899806678,1.028817114514135,0.8077026596305681,146.63961030678928,0.24088118864033375,1.0303387245318791,0.8865288008090483
ORIGA-637,5214,1631,0.3128116609129267,3583,68.71883390870732,True,False,283.0660171779821,0.45399981530178884,1.1223322165318956,0.8177215106216426,155.12489168102786,0.2449982946635292,1.0314345037820731,0.8517278390481519
ORIGA-638,4399,1365,0.3102977949533985,3034,68.97022050466015,True,False,256.51576464628795,0.47561097271765634,1.1368083743928714,0.8401091304801599,140.3259018078045,0.3182968589590932,1.0548622333678723,0.8710976288685095
ORIGA-639,4442,1154,0.259792886087348,3288,74.0207113912652,True,False,259.3797256769669,0.4322777959739509,1.108966508292291,0.829690973031467,127.9827560572969,0.47301940618324395,1.1350067766155956,0.8853454430120457
ORIGA-64,5657,1594,0.28177479229273467,4063,71.82252077072654,True,False,286.6934341759516,0.31785759070713715,1.0546982694247697,0.8648893492344685,149.39696961967,0.3397332731313905,1.0632395480012324,0.8974589737837065
ORIGA-640,4472,1550,0.3466010733452594,2922,65.33989266547407,True,False,260.5512985522207,0.38909691665020846,1.0855443412453727,0.8277995289890281,150.0538238691624,0.1653855216715293,1.0139632942932502,0.8650623842127888
ORIGA-641,5712,1992,0.3487394957983193,3720,65.12605042016807,True,False,290.9360748630709,0.4184128032009441,1.1010099910887137,0.8480137853016634,173.50966799187808,0.26525280972440046,1.0371519251226167,0.831480063531368
ORIGA-642,6121,2241,0.36611664760660023,3880,63.38833523933998,True,False,304.66399692442883,0.1633857768110193,1.0136207749602144,0.8286859446316523,177.0243866176395,0.2626490386482211,1.036386025518603,0.8986395410203688
ORIGA-643,6042,2709,0.4483614697120159,3333,55.163853028798414,True,False,300.9360748630709,0.3838356458654686,1.0829526247580967,0.8383822610553664,197.2670273047588,0.3075266200905937,1.05092854606905,0.8748022047526459
ORIGA-644,6300,2752,0.43682539682539684,3548,56.31746031746032,True,False,307.2497833620557,0.14510833816169974,1.010697452112003,0.8386239145934994,206.65180361560903,0.24068284419368743,1.030286490790488,0.809803954923019
ORIGA-645,5974,2988,0.5001673920321392,2986,49.98326079678607,True,False,301.0782104868019,0.3222055374051843,1.0563346017279127,0.8281641567868402,211.82337649086284,0.25855483379248323,1.0352003493976252,0.836840488342964
ORIGA-646,5885,2511,0.42667799490229397,3374,57.3322005097706,True,False,299.35028842544403,0.2681031475420603,1.0380009954718417,0.8252717317257806,197.16652224137047,0.1301941958469544,1.008584554344671,0.8116900541782566
ORIGA-647,4544,2357,0.518705985915493,2187,48.129401408450704,True,False,257.03657992645924,0.514637905235713,1.1663064065501114,0.8642876728986386,184.61017305526642,0.6024296615529801,1.2528628295345487,0.8690768623108428
ORIGA-648,4635,1431,0.3087378640776699,3204,69.12621359223301,True,False,270.5929291125633,0.5450200997348893,1.1927154021747701,0.7954753288981681,146.22539674441617,0.3054446844429151,1.0501887053657901,0.84101526966416
ORIGA-649,4617,1546,0.33484946935239335,3071,66.51505306476066,True,False,257.62236636408613,0.3883719645067207,1.0851840208969987,0.8741835068095487,152.95331880577402,0.6197326074743117,1.274188831220541,0.8304271584270181
ORIGA-65,4678,1404,0.30012825994014536,3274,69.98717400598547,True,False,266.45079348883235,0.13566149544973632,1.0093310163518092,0.8280108843203896,139.39696961967,0.15388927479838926,1.0120555051287397,0.9079675061990351
ORIGA-650,4945,2224,0.44974721941354906,2721,55.0252780586451,True,False,266.79393923934,0.5241971117943237,1.1742644032765523,0.8730200963335516,181.36753236814712,0.17249687179413042,1.0152180520598297,0.8496216266616342
ORIGA-66,5507,2271,0.41238423824223713,3236,58.761576175776284,True,False,287.4213562373095,0.12256050085091848,1.0075962237112506,0.8376968297000624,182.36753236814712,0.31994047832518496,1.0554784325300954,0.858088249591379
ORIGA-67,5658,2476,0.43761046306115237,3182,56.23895369388477,True,False,296.4213562373095,0.3281156438884931,1.0586070677665331,0.8091961860077272,189.2670273047588,0.2249308130165617,1.0262991858959687,0.8685815146672458
ORIGA-68,5746,2955,0.5142707970762269,2791,48.57292029237731,True,False,294.1076477383248,0.3186080095686189,1.054978558698039,0.834762344776727,214.40916292848976,0.24630701841576091,1.03178745711927,0.8077568816077608
ORIGA-69,6741,4248,0.630173564753004,2493,36.9826435246996,True,False,320.1787155501902,0.21802508613917593,1.0246498316687682,0.8263219229487723,251.17261889578032,0.315453047172071,1.0538060887775882,0.8461547258754138
ORIGA-7,4586,1663,0.36262538159616226,2923,63.73746184038378,True,False,259.37972567696687,0.37157042269281687,1.077116393604251,0.8565877537871025,157.22539674441617,0.5448477118435792,1.192556044118103,0.8453892375538589
ORIGA-70,4447,2074,0.4663818304474927,2373,53.36181695525073,True,False,259.37972567696687,0.4052688742422758,1.0938554937902338,0.8306248890299269,183.3380951166243,0.5416493475421758,1.1896200393071434,0.7753774860722539
ORIGA-71,3726,1230,0.33011272141706927,2496,66.98872785829307,True,False,236.7228714274745,0.526552610870787,1.1762733262494167,0.8355496743942294,130.5685424949238,0.2149947028038999,1.0239447275162386,0.9066462362950192
ORIGA-72,4282,1724,0.40261560018682857,2558,59.738439981317136,True,False,252.1370849898476,0.3355348991263604,1.0615398240639657,0.8464144555181934,159.1959594928933,0.31346388985337764,1.0530748447799287,0.8548364731222525
ORIGA-73,4354,1463,0.3360128617363344,2891,66.39871382636656,True,False,249.6223663640862,0.39977948034487426,1.0909749261918908,0.8780743622758498,148.46803743153546,0.30889636857979497,1.0514189038875357,0.8340426408104584
ORIGA-74,4413,1124,0.25470201676863813,3289,74.52979832313619,True,False,256.96551211459376,0.4674824058792553,1.131218679406913,0.839835275199001,129.74011537017762,0.5266228062221072,1.1763334903093516,0.8391268461561986
ORIGA-75,5876,3201,0.5447583390061266,2675,45.52416609938734,True,False,295.5218613006978,0.40099632895869225,1.0916081245438394,0.8454976877814115,215.75230867899734,0.3078887466531103,1.0510579056112141,0.8641410473095019
ORIGA-76,6438,4112,0.6387076731904318,2326,36.12923268095682,True,False,311.8355697996826,0.2892862136143857,1.0446672036422264,0.8319735752370265,248.96551211459382,0.24533444122453235,1.0315249460931442,0.8336516009962417
ORIGA-77,3420,806,0.23567251461988303,2614,76.4327485380117,True,False,225.82337649086287,0.1869110678183498,1.017939308886537,0.8427488659500524,108.7401153701776,0.35428626266842755,1.0693620077141406,0.856574865923185
ORIGA-78,3304,873,0.26422518159806296,2431,73.5774818401937,True,False,222.58073580374355,0.313883301978875,1.053228515708324,0.8380593102427892,109.66904755831214,0.3068595415206438,1.0506907741421996,0.9121283707328972
ORIGA-79,4302,1898,0.4411901441190144,2404,55.88098558809856,True,False,248.62236636408616,0.21412278518133915,1.0237439461234659,0.8745806787009808,165.05382386916236,0.20076775307891062,1.0207843256339284,0.8754974623193646
ORIGA-8,4774,1569,0.32865521575198997,3205,67.134478424801,True,False,266.5218613006979,0.31343574723668527,1.0530645431998746,0.8445524060812986,150.88225099390857,0.5758777647453683,1.2231880098552386,0.8660769859487542
ORIGA-80,4005,1602,0.4,2403,60.0,True,False,250.10764773832477,0.4699516215358012,1.1328977755285556,0.8045600072747786,155.88225099390854,0.4141801148767496,1.0986657405541005,0.8284742960769746
ORIGA-81,3821,1233,0.32269039518450665,2588,67.73096048154933,True,False,238.92388155425118,0.46256564187709664,1.127923390114871,0.8411390165597662,134.98275605729688,0.32923873859187597,1.059045255180112,0.8503865020022352
ORIGA-82,4518,1476,0.32669322709163345,3042,67.33067729083665,True,False,258.5512985522207,0.3899693960786444,1.0859793553342167,0.8493029722591364,146.29646455628165,0.2792413742283661,1.0414269858482268,0.8666197047690822
ORIGA-83,4157,1128,0.27134953091171515,3029,72.86504690882848,True,False,257.69343417595167,0.3004707121101501,1.0484476749250533,0.7866529617140805,128.08326112068522,0.15175588878364354,1.0117177106891135,0.8640407206687323
ORIGA-84,3937,1660,0.42164084328168655,2277,57.83591567183134,True,False,246.48023074035524,0.32836368483194117,1.0587036680152158,0.814349989425696,158.63961030678928,0.5871711910700564,1.2353872526031595,0.8288857689141951
ORIGA-85,4123,1492,0.3618724229929663,2631,63.81275770070337,True,False,250.30865786510145,0.41530452414185365,1.0992847059965636,0.8269351558602324,150.63961030678928,0.5768760360848691,1.2242423872118666,0.8262287827446722
ORIGA-86,4630,1949,0.42095032397408205,2681,57.904967602591796,True,False,266.5868324581534,0.4981717322896345,1.1532982688643074,0.8186786525601927,174.78174593052023,0.4707232679558556,1.1334258603091742,0.8017326246455154
ORIGA-87,4204,1631,0.3879638439581351,2573,61.20361560418649,True,False,256.40916292848976,0.6106224925825785,1.262750908869878,0.8035362790477625,158.71067811865476,0.5647312181118892,1.2117174614335557,0.8136760454061014
ORIGA-88,4001,972,0.24293926518370407,3029,75.70607348162959,True,False,245.45079348883235,0.6039002502432285,1.2546108481831477,0.8345445677667153,116.91168824543142,0.3767431903827848,1.0795431731545808,0.893635195768422
ORIGA-89,3663,753,0.20556920556920558,2910,79.44307944307944,True,False,235.1370849898476,0.636414605751886,1.2964331041117831,0.832538876973075,105.5685424949238,0.4845009222933057,1.1431305143459378,0.849054931851636
ORIGA-9,4102,1282,0.3125304729400293,2820,68.74695270599707,True,False,245.3086578651014,0.4666050367598988,1.1306259749983838,0.8566033476903531,137.22539674441617,0.26595758737168707,1.0373608292519245,0.8555175027197345
ORIGA-90,4807,1780,0.37029332223840233,3027,62.97066777615977,True,False,270.45079348883235,0.47119757733263207,1.1337512565014143,0.8258619669313729,162.36753236814712,0.1774603310637753,1.016128030294322,0.8484602205083775
ORIGA-91,4245,1032,0.2431095406360424,3213,75.68904593639576,True,False,253.96551211459382,0.5580485844420477,1.2050976437793384,0.8270620043556236,122.29646455628165,0.27443308991243764,1.0399267418936895,0.8670851666321716
ORIGA-92,3956,901,0.22775530839231548,3055,77.22446916076845,True,False,246.10764773832474,0.4428925250414764,1.115356019349682,0.8207595183048155,116.42640687119285,0.5691900789338832,1.2162402594371022,0.8352791982428346
ORIGA-93,4619,2786,0.6031608573284261,1833,39.68391426715739,True,False,262.3086578651014,0.3759540201511381,1.0791697032258105,0.8435922390317887,209.50966799187808,0.5913976302908983,1.2401099897229975,0.7975957641040452
ORIGA-94,4367,1539,0.3524158461186169,2828,64.75841538813832,True,False,253.7228714274745,0.4328178072672979,1.1092852063555374,0.8524596284820172,149.22539674441617,0.22620385173063476,1.0266097397022413,0.8684863547632523
ORIGA-95,5264,1441,0.2737462006079027,3823,72.62537993920972,True,False,286.2497833620557,0.4767758656487648,1.1376242021958292,0.8073008528699871,147.53910524340094,0.5562936417372941,1.203390011386206,0.8318778374719726
ORIGA-96,4690,1214,0.25884861407249465,3476,74.11513859275053,True,False,264.1787155501902,0.1951636808706416,1.0196063307307404,0.84447550751291,135.7401153701776,0.5945306835981992,1.2436682927742544,0.8279652750416765
ORIGA-97,5069,2199,0.43381337541921483,2870,56.61866245807852,True,False,277.6223663640862,0.2811065872759173,1.0420177472907761,0.8264626888609031,183.1959594928933,0.40441389356240187,1.0934027511861548,0.8233856840938188
ORIGA-98,4701,1677,0.3567326100829611,3024,64.32673899170389,True,False,266.27922061357856,0.43073907963315533,1.1080620852679819,0.8331545318657506,160.2670273047588,0.5221691845692766,1.1725502406160686,0.8204546174870555
ORIGA-99,4993,1629,0.32625675946324856,3364,67.37432405367515,True,False,278.35028842544403,0.43336705328225067,1.10961004516066,0.8098192177553695,159.22539674441617,0.35936418275968013,1.0715846420566522,0.8074325793944157
PAPILA-1,9748,2609,0.267644645055396,7139,73.23553549446041,True,False,396.01933598375615,0.29760113664595106,1.0474601061602682,0.7810747564055546,199.0243866176395,0.5664070439214886,1.2134072267124292,0.82769695003831
PAPILA-10,7842,4937,0.6295587860239735,2905,37.04412139760265,True,False,356.56349186104046,0.3487009776573048,1.0669693665755853,0.7751093105173826,293.86500705120545,0.6075590453963605,1.2590105564017922,0.7184180628265706
PAPILA-100,10114,1299,0.12843583152066443,8815,87.15641684793356,True,False,402.84776310850236,0.4285268279084586,1.1067712672763448,0.7831607260826208,146.39696961967,0.4799825555012858,1.1398894795992003,0.761648938300056
PAPILA-101,9064,1292,0.14254192409532215,7772,85.74580759046778,True,False,371.8061325481597,0.23587755368384047,1.029036546292492,0.8239420418968874,139.0538238691624,0.3432152160056573,1.0646715699195701,0.8396658791350416
PAPILA-102,9318,813,0.08725048293625241,8505,91.27495170637476,True,False,384.94826817189073,0.4199190440091206,1.101853623182563,0.7901832689573877,109.49747468305833,0.5007868977925407,1.155307247084277,0.852103213440844
PAPILA-103,8965,2375,0.2649191299498048,6590,73.50808700501952,True,False,373.73506473629425,0.3957430790798623,1.0888960986738856,0.8065521723627095,195.36753236814712,0.4346179776993074,1.110352483100549,0.7819314762959643
PAPILA-104,10002,960,0.09598080383923216,9042,90.40191961607678,True,False,396.1198410471445,0.5737760009506853,1.2209829265058747,0.801020299283219,122.91168824543142,0.5604322147346971,1.2074373833060814,0.7985364214113292
PAPILA-105,7162,186,0.025970399329796147,6976,97.40296006702039,True,False,337.66399692442883,0.3296062481926349,1.05918908666442,0.7893591851821157,52.970562748477136,0.4789030728962308,1.1391237015939313,0.8330165591042973
PAPILA-106,10219,2251,0.22027595655152168,7968,77.97240434484783,True,False,400.43354954612926,0.5127290446371928,1.1647538767291035,0.8008613769055278,184.95331880577405,0.32930030502483815,1.059069335036549,0.8269154410249254
PAPILA-107,11906,1650,0.1385855870989417,10256,86.14144129010583,True,False,430.30360723121805,0.3814312831559225,1.081786059257376,0.8080268061698792,159.36753236814712,0.3439335673568202,1.0649695498169767,0.8163832996793798
PAPILA-108,9221,959,0.10400173516972129,8262,89.59982648302787,True,False,381.747258045114,0.09626427144858309,1.0046658583546433,0.7951261438133805,121.01219330881975,0.5376567355973834,1.1860091374164656,0.8229438542413245
PAPILA-109,8689,1359,0.15640464955691102,7330,84.3595350443089,True,False,370.07821048680194,0.23628567869426367,1.0291415523245027,0.7972465167513143,141.63961030678928,0.530418671434492,1.1796127611020608,0.8512553890645945
PAPILA-11,8805,3507,0.3982964224872232,5298,60.17035775127768,True,False,372.9421715174808,0.5379514468137752,1.1862736401329523,0.7955293991583986,240.7228714274745,0.7116421513655897,1.4234021751455144,0.7605204903512196
PAPILA-110,9805,219,0.022335543090260073,9586,97.766445690974,True,False,398.7766952966369,0.48367705781371123,1.1425352236522204,0.7748148254965942,55.4558441227157,0.43714167605725784,1.11186142114788,0.8948687418472037
PAPILA-111,9962,2046,0.2053804456936358,7916,79.46195543063642,True,False,388.26197667087547,0.41337503084976146,1.098224228003686,0.8304369772086863,176.78174593052023,0.45084228628526873,1.1203181020437507,0.8226984060534864
PAPILA-112,11226,466,0.04151077854979512,10760,95.84892214502048,True,False,428.9898987322333,0.5182466570450651,1.1692744629115681,0.7665504971484037,85.42640687119285,0.4950601554640051,1.150935127584533,0.8024380262655629
PAPILA-113,6911,254,0.03675300245984662,6657,96.32469975401534,True,False,335.63455967290594,0.6070807692644842,1.2584312817443482,0.7709343755590686,64.5269119345812,0.6729556083325348,1.3519307254573012,0.7665876485395824
PAPILA-114,6800,1562,0.22970588235294118,5238,77.02941176470588,True,False,329.24978336205567,0.4790437076132677,1.1392232819190944,0.7882568998915508,159.63961030678928,0.6895292502321392,1.38072375641681,0.7702107495755058
PAPILA-115,8174,991,0.12123807193540494,7183,87.87619280645951,True,False,361.97770542341357,0.5814324777446713,1.229113275769665,0.7839364392459777,126.7401153701776,0.5274927970574483,1.177080588855413,0.7752741834718699
PAPILA-116,8999,3293,0.3659295477275253,5706,63.40704522724747,True,False,385.3624817342638,0.1996758453713645,1.0205518642076434,0.7614918428293198,223.61017305526644,0.5294420931301557,1.1787642149452378,0.8275961836354303
PAPILA-117,8565,1868,0.21809690601284296,6697,78.19030939871571,True,False,365.7645019878171,0.3182667409176887,1.054850981650515,0.8045149574409282,174.84671708797583,0.5633467043738692,1.2103305002133855,0.7678418360192226
PAPILA-118,7773,303,0.03898108838286376,7470,96.10189116171362,True,False,351.49242404917493,0.37434637888833394,1.0784125107453597,0.790617811381368,66.2842712474619,0.4993405722968522,1.1541935794982743,0.8666256138111775
PAPILA-119,8264,1234,0.14932236205227492,7030,85.06776379477252,True,False,355.56349186104046,0.46730178725437177,1.1310964957181848,0.8214210865163915,139.1543289325507,0.41214207936476277,1.0975507622670302,0.8008138601933512
PAPILA-12,10633,4050,0.380889683062165,6583,61.9110316937835,True,False,414.9188309203678,0.407532894490686,1.095061730986665,0.7761387856571292,255.03657992645927,0.40987994954837786,1.0963235605301693,0.7824560188774613
PAPILA-120,9206,1793,0.19476428416250272,7413,80.52357158374973,True,False,385.36248173426384,0.47997924438187706,1.1398871257117704,0.7790081014653536,168.9827560572969,0.4989016768837329,1.1538569029247205,0.7890515467415146
PAPILA-121,11226,2076,0.18492784607161947,9150,81.50721539283805,True,False,424.048773235279,0.37590756820828203,1.0791477565994345,0.7845186631766672,183.78174593052023,0.5292214925157528,1.1785730052785097,0.7723825743924547
PAPILA-122,10353,3267,0.31556070704143724,7086,68.44392929585628,True,False,412.9898987322333,0.24987758286207415,1.0327618537262622,0.7627763499191972,223.09545442950497,0.5237784238867179,1.1739093346995728,0.8248548935558645
PAPILA-123,9240,1599,0.17305194805194804,7641,82.6948051948052,True,False,382.4568901432423,0.26471641255033845,1.036993386646325,0.7938105317512136,162.60407640085654,0.5486384047428667,1.1960867669835908,0.7599682871340189
PAPILA-124,14482,2330,0.16088937991990057,12152,83.91106200800994,True,False,474.3746750430835,0.1816593386418871,1.0169200001537115,0.8087148458800238,195.36753236814712,0.6487680979978532,1.3140843235949209,0.7671159325345671
PAPILA-125,10884,2399,0.22041528849687614,8485,77.95847115031238,True,False,419.0904037956217,0.20987708409854905,1.022779572814955,0.7787229317101064,188.53910524340094,0.4988506162194263,1.1538177726438843,0.8480807949374873
PAPILA-126,7717,238,0.030841000388752107,7479,96.91589996112478,True,False,347.3919189857867,0.5091035016266315,1.161837846765832,0.8035611671431077,60.79898987322333,0.35350379048284625,1.0690235445627245,0.8090848950493655
PAPILA-127,6837,735,0.1075032909170689,6102,89.24967090829311,True,False,327.350288425444,0.3884382689795939,1.085216933156382,0.8017703433291588,113.49747468305833,0.6949810661214396,1.3907663523429992,0.7170093283695806
PAPILA-128,6747,263,0.03898028753520083,6484,96.10197124647992,True,False,323.24978336205567,0.4249887126007913,1.1047298856425876,0.8114169753771675,65.2842712474619,0.4294139264306041,1.1072875369065192,0.7754405207986669
PAPILA-129,4366,515,0.1179569399908383,3851,88.20430600091616,True,False,265.79393923934,0.5337784684612924,1.182558184728459,0.7766108395812633,88.35533905932738,0.37759299515649736,1.0799466490363017,0.828994210319142
PAPILA-13,7647,1969,0.25748659605073887,5678,74.25134039492612,True,False,345.8061325481598,0.34409923573198725,1.0650383948232092,0.8035919408272748,175.29646455628165,0.5609380855582893,1.2079369828352287,0.8052101965545748
PAPILA-130,7280,2235,0.3070054945054945,5045,69.29945054945054,True,False,343.6345596729059,0.6085648752719558,1.2602328979990427,0.774725005519059,188.8528137423857,0.5292505939969367,1.1785982196364155,0.7874817030460963
PAPILA-131,7298,477,0.06536037270485065,6821,93.46396272951493,True,False,344.0782104868019,0.34819052160033814,1.0667533846042494,0.7746390413434101,87.07716446627535,0.4434201359958579,1.1156805837200523,0.7905324216914188
PAPILA-132,9614,1289,0.13407530684418556,8325,86.59246931558144,True,False,385.9482681718907,0.44283253385411403,1.1153191576454535,0.8110652393693676,137.39696961967,0.33887988643808037,1.0628916769135979,0.8580418548204193
PAPILA-133,6982,683,0.09782297336006875,6299,90.21770266399312,True,False,331.49242404917493,0.4415419056667738,1.114528219262702,0.7984403816848739,107.25483399593904,0.7019229426121534,1.4039957026028738,0.7460996180069889
PAPILA-134,9162,823,0.08982754857018119,8339,91.01724514298188,True,False,377.2914139223983,0.5157234037734693,1.1671946308929302,0.808809618739537,118.25483399593904,0.4392568299719659,1.113137603723095,0.7395574114534377
PAPILA-135,7479,357,0.04773365423184918,7122,95.22663457681509,True,False,345.32085117392114,0.34007853320429726,1.0633806343088408,0.788148025350139,75.76955262170047,0.3720905557355122,1.077358158672031,0.7814273980121695
PAPILA-136,8584,1626,0.18942218080149115,6958,81.0577819198509,True,False,368.4629867976521,0.45791520865360197,1.1248646149042407,0.7945328110499659,158.7401153701776,0.3107720055214146,1.0520950245577014,0.8108808088267828
PAPILA-137,10166,3384,0.3328742868384812,6782,66.71257131615188,True,False,398.01933598375615,0.19979255967105242,1.0205766439945174,0.8064020584878088,230.58073580374355,0.4439239680861838,1.115991146088191,0.7998235308350178
PAPILA-138,6745,932,0.13817642698295032,5813,86.18235730170497,True,False,329.4568901432423,0.4842480509268396,1.1429475931145097,0.7808985721138647,122.98275605729688,0.7522180803669758,1.5176482125319368,0.7743500550552224
PAPILA-139,7015,270,0.03848895224518888,6745,96.15110477548112,True,False,328.8061325481598,0.3292563938222883,1.0590521598634646,0.8153756194823437,62.526911934581186,0.5270831870234232,1.176728508193062,0.8678400078469524
PAPILA-14,10476,940,0.08972890416189386,9536,91.02710958381061,True,False,403.7056274847714,0.38343388195467076,1.08275692084214,0.807747731689989,119.49747468305833,0.5755269090569817,1.2228185141959413,0.8272185459354912
PAPILA-140,8536,155,0.01815838800374883,8381,98.18416119962512,True,False,366.0782104868019,0.521954769711316,1.1723698262661313,0.8004173811694709,48.45584412271571,0.35715894342605925,1.070613808266738,0.8295627355156289
PAPILA-141,8662,1957,0.22592934657123065,6705,77.40706534287693,True,False,368.6345596729059,0.3096865215500699,1.0517030766630153,0.8010063282485866,184.19595949289334,0.5846272406646523,1.2325865815386892,0.7248372283708657
PAPILA-142,7938,2029,0.25560594608213655,5909,74.43940539178634,True,False,345.492424049175,0.1889481778011896,1.0183433577516792,0.8356874907927856,177.6101730552664,0.48815496252932206,1.1457943411861233,0.8082695840566302
PAPILA-143,8350,1086,0.13005988023952095,7264,86.9940119760479,True,False,358.4629867976521,0.21429556582377632,1.0237836591022653,0.8165968518216573,130.42640687119285,0.4477875437798037,1.1183931095659985,0.8022479744110017
PAPILA-144,10021,1334,0.13312044706117154,8687,86.68795529388285,True,False,399.91883092036784,0.40852904466812895,1.0955958664477563,0.7873670163989508,142.3259018078045,0.5008853313716043,1.1553832752084259,0.8275567875034975
PAPILA-145,12008,1697,0.14132245169886742,10311,85.86775483011326,True,False,437.23253941935263,0.32146937899289213,1.0560554500727046,0.7893245174455032,171.5391052434009,0.27987453404670015,1.0416269705444432,0.7247119547637416
PAPILA-146,7067,1393,0.19711334371020234,5674,80.28866562897976,True,False,335.9066376115481,0.4550092545326117,1.1229813879101909,0.7870598961460341,145.63961030678928,0.37455706464510924,1.0785114675207603,0.8252812229746607
PAPILA-147,8440,608,0.07203791469194312,7832,92.79620853080569,True,False,366.04877323527904,0.43008847603459,1.1076813080096968,0.7915427934166924,98.42640687119285,0.63167948301185,1.2899403201906134,0.7886606656556396
PAPILA-148,8973,2246,0.2503064749804971,6727,74.9693525019503,True,False,376.94826817189073,0.4115603057917878,1.0972341117599804,0.7935677809862198,194.09545442950497,0.3167499464020907,1.0542861665415055,0.7491846777332286
PAPILA-149,9033,2187,0.24211225506476253,6846,75.78877449352375,True,False,381.56349186104046,0.4485868578597515,1.1188945881445165,0.7796653705794134,190.6101730552664,0.6277347144439315,1.2846414107008615,0.7564260830566194
PAPILA-15,8322,2969,0.3567652006729152,5353,64.32347993270848,True,False,370.22034611053283,0.4403841927759736,1.1138221238176922,0.7629867753344421,223.23759005323595,0.37997152937703904,1.0810832057470494,0.748661345909139
PAPILA-150,9049,1749,0.19328102552768262,7300,80.67189744723173,True,False,376.048773235279,0.5292300539460786,1.1785804228353225,0.8041222881041548,171.4386001800126,0.693052671405355,1.3871800564867394,0.7477948150027631
PAPILA-151,6302,180,0.02856236115518883,6122,97.14376388448112,True,False,312.2497833620557,0.5648245213065977,1.21181122382817,0.8122392485627703,52.04163056034261,0.3566372168814915,1.0703853816763604,0.8351809474272854
PAPILA-152,8066,1200,0.14877262583684603,6866,85.1227374163154,True,False,354.8355697996826,0.5516572027901301,1.1989387877292215,0.8050331883760183,138.05382386916236,0.5375235270143526,1.1858896885624555,0.791214484719694
PAPILA-153,8268,877,0.10607160135462022,7391,89.39283986453798,True,False,363.32085117392114,0.39497525937435085,1.0885043784488053,0.7870995897708009,118.04772721475248,0.6863444527985911,1.3749926272059076,0.7908501428984793
PAPILA-154,8251,1318,0.15973821354987275,6933,84.02617864501273,True,False,364.8416664540925,0.29741048367513967,1.0473949266693103,0.7789464271471941,139.66904755831212,0.34930148408464085,1.0672240237588202,0.8490337047560405
PAPILA-155,9650,2587,0.2680829015544041,7063,73.19170984455958,True,False,390.0904037956217,0.46500129126040946,1.129547839818255,0.7969051688298003,203.3380951166243,0.29134709552066024,1.0453499895573146,0.786264723817066
PAPILA-156,8079,831,0.10285926476049016,7248,89.71407352395099,True,False,353.4629867976521,0.36815927161798817,1.0755432091630017,0.812605179595884,119.98275605729688,0.7302321988123831,1.4637022790618597,0.7253927664129624
PAPILA-157,9163,729,0.07955909636581905,8434,92.04409036341809,True,False,382.1198410471445,0.1789947004814859,1.0164150647090164,0.7885847491141614,105.08326112068522,0.5154470461057328,1.1669681271444583,0.8296029891202455
PAPILA-158,10543,1241,0.11770843213506592,9302,88.2291567864934,True,False,404.04877323527904,0.38593768103382364,1.083981635398923,0.8115335623581732,143.88225099390854,0.43321521809910707,1.109520176018292,0.7532986659333346
PAPILA-159,7614,274,0.03598634095087996,7340,96.40136590491201,True,False,342.1787155501902,0.4124860857667855,1.097738339387275,0.8171781635821358,64.2842712474619,0.4876631742972165,1.1454335699642146,0.8332032916146531
PAPILA-16,7962,3096,0.3888470233609646,4866,61.11529766390355,True,False,353.0782104868019,0.16856548747776454,1.0145172789304608,0.8025834569698457,226.23759005323592,0.37377588335475737,1.0781449712234144,0.7601184677086106
PAPILA-160,9112,2141,0.23496488147497804,6971,76.50351185250219,True,False,378.63455967290594,0.3660979533009362,1.0746028861788155,0.7986988740823561,189.88834764831842,0.6808850429278467,1.3653921873039416,0.746156455132639
PAPILA-161,12130,739,0.06092333058532564,11391,93.90766694146744,True,False,442.30360723121805,0.27846869295927595,1.0411837020696404,0.7791654780258519,108.91168824543142,0.6149874344325864,1.2681714573969765,0.7828982498070896
PAPILA-162,8679,533,0.06141260513884088,8146,93.85873948611592,True,False,371.048773235279,0.516298171863473,1.1676665250367724,0.7921684694690315,96.59797974644667,0.3126294546536654,1.0527699213730561,0.7177959204670201
PAPILA-163,9426,1242,0.13176320814767664,8184,86.82367918523234,True,False,387.14927829866735,0.4300257368779521,1.1076446399676272,0.7902789086284123,141.5685424949238,0.3453877647779863,1.0655754445356895,0.7787497821281107
PAPILA-164,10170,3650,0.35889872173058013,6520,64.11012782694199,True,False,399.98380207782344,0.38675382382071344,1.0843834720096734,0.7988146265510572,241.99494936611666,0.5835718195217209,1.2314337778814708,0.783231461940201
PAPILA-165,7775,239,0.030739549839228296,7536,96.92604501607717,True,False,348.49242404917493,0.2568068472751617,1.0347010292034071,0.8044954257205128,59.87005768508881,0.667021014545706,1.3422117915187026,0.8378927097810599
PAPILA-166,8530,1721,0.20175849941383353,6809,79.82415005861665,True,False,367.97770542341357,0.5672396023142499,1.2142512123831388,0.7916184019204031,166.88225099390854,0.6248326250665938,1.280805407238057,0.7765518096960731
PAPILA-167,7730,528,0.06830530401034929,7202,93.16946959896507,True,False,349.3624817342638,0.4053838625017924,1.0939165000705517,0.7958602792929477,91.94112549695427,0.6872927996611083,1.3766889695262927,0.7849177582699568
PAPILA-168,7985,1159,0.1451471509079524,6826,85.48528490920476,True,False,354.32085117392114,0.39216732359007883,1.0870818886800468,0.7992660450147734,137.81118318204307,0.5420030804276709,1.1899428418920324,0.7668746418067666
PAPILA-169,6492,1694,0.2609365372766482,4798,73.90634627233517,True,False,325.14927829866735,0.28944549120883,1.0447197531457904,0.7716543102975305,164.29646455628165,0.6023641633252443,1.2527852436855664,0.7886182693439535
PAPILA-17,9530,6414,0.6730325288562434,3116,32.696747114375654,True,False,388.7056274847714,0.38022150663421667,1.0812032783985444,0.7926128488811423,316.93607486307087,0.4069357314692146,1.0947425307863756,0.8024084056974283
PAPILA-170,8104,1162,0.14338598223099705,6942,85.66140177690029,True,False,357.04877323527904,0.48039918115666624,1.1401859064389728,0.7988297047522029,131.74011537017762,0.5682339224464851,1.2152631215005927,0.8413562267144052
PAPILA-171,5751,776,0.13493305512084855,4975,86.50669448791515,True,False,296.45079348883235,0.4264251112174213,1.1055552400502051,0.8223335275945886,110.08326112068522,0.4608340289487864,1.1267779104752094,0.8046907552391827
PAPILA-172,9644,3204,0.33222729158025716,6440,66.77727084197429,True,False,386.1198410471445,0.5132799289550738,1.1652006980787966,0.812873242920953,220.50966799187808,0.5292196861267754,1.178571440270336,0.828031961720493
PAPILA-173,7817,1755,0.22451068184725598,6062,77.5489318152744,True,False,351.56349186104046,0.21853343533587233,1.0247692241384927,0.7947717781458685,167.0538238691624,0.4270855810982293,1.105936303964656,0.7902675378499426
PAPILA-174,7849,671,0.08548859727353803,7178,91.45114027264619,True,False,350.8061325481597,0.3482663307533284,1.066785432352712,0.801474740421634,104.42640687119285,0.468848542721931,1.1321456519196036,0.7732353746325753
PAPILA-175,9213,657,0.07131227613155323,8556,92.86877238684468,True,False,377.7056274847714,0.4304882913323645,1.1079151922956076,0.8115289631055577,104.42640687119285,0.504825806449187,1.1584515722918087,0.7571022967713891
PAPILA-176,9651,1273,0.1319034296964045,8378,86.80965703035955,True,False,394.3624817342638,0.2690586740709414,1.0382881339394674,0.7798139459120628,141.63961030678928,0.25097951641504623,1.033065964358038,0.7973863946131191
PAPILA-177,9017,706,0.0782965509592991,8311,92.17034490407009,True,False,373.07821048680194,0.4433445829892152,1.1156340655496948,0.8140895196408763,111.49747468305833,0.744920128871015,1.4989050723297794,0.7136487391573961
PAPILA-178,10273,1725,0.1679158960381583,8548,83.20841039618418,True,False,410.747258045114,0.5536963161062807,1.200885763202037,0.7651697742623562,168.05382386916236,0.39183763389939064,1.0869158988495173,0.7675420290081791
PAPILA-179,8047,1338,0.16627314527152975,6709,83.37268547284702,True,False,361.8772003600252,0.4411220156626564,1.114271756568578,0.7721851080854815,143.81118318204307,0.42251985606442527,1.1033220645185888,0.812981491914282
PAPILA-18,7699,993,0.12897778932328874,6706,87.10222106767112,True,False,349.60512242138304,0.41258119503308416,1.097790244423679,0.791568692588047,120.49747468305833,0.5780411740880818,1.2254787843288997,0.85941557866343
PAPILA-180,11216,1163,0.10369115549215406,10053,89.63088445078459,True,False,427.7056274847714,0.6145995004781221,1.2676853064052904,0.7704739075132835,131.3259018078045,0.5769892895707239,1.2243622937162657,0.8474006547519287
PAPILA-181,9626,1129,0.1172865156866819,8497,88.2713484313318,True,False,394.7056274847714,0.4472506146165169,1.11805712737364,0.7764421162881957,137.39696961967,0.6728876552044619,1.3518177503358075,0.7515354958046963
PAPILA-182,7949,1484,0.18669014970436532,6465,81.33098502956346,True,False,347.3919189857867,0.4638648500099491,1.1287879587974197,0.8277190252197179,153.53910524340094,0.5050335595359681,1.1586146909940753,0.7910533137529117
PAPILA-183,6193,1955,0.3156789924107864,4238,68.43210075892137,True,False,317.0071426749364,0.4712611024875659,1.1337948836136456,0.774413381348846,174.71067811865476,0.5305201971884254,1.1797011715919636,0.8048551494222064
PAPILA-184,8571,1498,0.1747754054369385,7073,82.52245945630615,True,False,373.32085117392114,0.35357155873595303,1.0690528158377313,0.7728173515168996,158.05382386916236,0.7536459272150026,1.5214201760107098,0.7535492858840364
PAPILA-185,4838,246,0.05084745762711865,4592,94.91525423728814,True,False,277.3086578651014,0.6153276579043259,1.2685985321417361,0.7905855463494622,57.698484809834994,0.5677333131501806,1.2147531190968628,0.9285732191435985
PAPILA-186,8130,280,0.03444034440344403,7850,96.5559655596556,True,False,350.4629867976521,0.28956007536616335,1.0447575800085764,0.831794594717833,62.698484809834994,0.40905648932685656,1.0958795276220208,0.895063410827447
PAPILA-187,12127,202,0.016657046260410653,11925,98.33429537395894,True,False,439.01933598375615,0.22325510178100294,1.0258934982581962,0.7906712445657171,56.2842712474619,0.34109030943311397,1.0637952344288466,0.8012852323466124
PAPILA-188,8822,1760,0.19950124688279303,7062,80.0498753117207,True,False,373.19090885900994,0.47838264180301776,1.1387556768854774,0.7960031866809127,167.6812408671319,0.7129729596946056,1.4261438712048424,0.7865993324571404
PAPILA-189,8831,2157,0.24425319895821537,6674,75.57468010417846,True,False,377.1198410471445,0.440945407267331,1.1141640124668066,0.7802988817567332,193.09545442950497,0.6173363956053575,1.2711337245091618,0.7269690278832519
PAPILA-19,8544,1055,0.12347846441947566,7489,87.65215355805243,True,False,368.3624817342638,0.287432853431934,1.0440584406005042,0.791262025134963,134.05382386916236,0.570196941792067,1.2172735510279737,0.7377409833499059
PAPILA-190,7948,389,0.04894313034725717,7559,95.10568696527429,True,False,358.66399692442883,0.5029978358082362,1.1570221747574307,0.7764118489753403,80.2842712474619,0.41501871986134126,1.0991271180156543,0.758400352540419
PAPILA-191,5592,168,0.030042918454935622,5424,96.99570815450643,True,False,294.5218613006979,0.4618544951779452,1.1274520166872763,0.8101061960846435,46.970562748477136,0.16749840214865905,1.0143301033685874,0.9569023449787404
PAPILA-192,7982,1452,0.18190929591581056,6530,81.80907040841893,True,False,361.048773235279,0.712676769801472,1.4255318542344984,0.7694667183346678,161.0893577750951,0.7812317264648896,1.60194506645954,0.7031415794831893
PAPILA-193,7951,803,0.100993585712489,7148,89.9006414287511,True,False,354.9066376115481,0.3957417410785396,1.0888954150329602,0.7932377498579642,111.18376618407356,0.5405512820969826,1.1886209979258158,0.8162865623668926
PAPILA-194,7694,1498,0.19469716662334285,6196,80.53028333766571,True,False,347.14927829866735,0.5248870407525172,1.1748508217222713,0.8022865519395111,150.77564927611036,0.5695831606104208,1.216643128506301,0.828055150338576
PAPILA-195,7308,520,0.07115489874110564,6788,92.88451012588943,True,False,340.9066376115481,0.41058641241374516,1.0967056484947095,0.7902008422513719,92.25483399593904,0.5241288525539454,1.1742064746345857,0.7677767281694001
PAPILA-196,8288,1331,0.16059362934362933,6957,83.94063706563706,True,False,361.63455967290594,0.3601710661612944,1.071942021459993,0.796378912981082,146.43250352560273,0.5948840516238701,1.2440727346021283,0.7800329429492302
PAPILA-197,6431,273,0.042450629762089874,6158,95.75493702379102,True,False,320.4213562373095,0.3363653926753672,1.061873730542049,0.7871281874579483,67.59797974644667,0.3824264078731101,1.0822675345212023,0.7507668319161871
PAPILA-198,8064,383,0.04749503968253968,7681,95.25049603174604,True,False,360.32085117392114,0.5206109779873318,1.1712426997608039,0.7805156107381458,75.79898987322332,0.6150738337373476,1.2682798492386782,0.8376870503259893
PAPILA-199,8964,2052,0.2289156626506024,6912,77.10843373493977,True,False,370.4629867976521,0.2877942584738465,1.044176758868835,0.820771115182622,180.8528137423857,0.6075587790741174,1.2590102334900903,0.7883819644098284
PAPILA-2,7512,3407,0.4535410010649627,4105,54.645899893503724,True,False,350.73506473629425,0.43653989344005273,1.1115002582276912,0.7673739815514845,226.65180361560903,0.4092674369344973,1.0959931400476235,0.8334194638576025
PAPILA-20,9904,2390,0.24131663974151857,7514,75.86833602584814,True,False,399.0904037956216,0.41100731835896964,1.0969337971563864,0.7814081296858931,193.92388155425118,0.6128028057607757,1.265444970490161,0.7986291800635081
PAPILA-200,8058,591,0.07334326135517498,7467,92.6656738644825,True,False,355.8061325481597,0.4610217933548468,1.1269017424608072,0.7998531670641291,95.01219330881975,0.34536119849198826,1.065564343412685,0.8226946205597613
PAPILA-201,5733,567,0.0989010989010989,5166,90.10989010989012,True,False,303.17871555019025,0.4757164053813684,1.1368820594109594,0.7837803811291694,93.2842712474619,0.441169358251479,1.1143006516751648,0.818796686914341
PAPILA-202,5599,2998,0.5354527594213252,2601,46.45472405786747,True,False,297.35028842544403,0.20428436166043315,1.0215427123090441,0.7957627455193197,218.58073580374355,0.5806493824875497,1.2282692619959605,0.7885291002433819
PAPILA-203,7756,925,0.11926250644662197,6831,88.07374935533781,True,False,348.4213562373095,0.5142020089537054,1.165950824105862,0.8028568748643978,123.0477272147525,0.6066437974473885,1.257903130120268,0.7677227389490809
PAPILA-204,9174,2051,0.223566601264443,7123,77.6433398735557,True,False,378.14927829866735,0.5548933640392782,1.2020365142045777,0.8061986156235136,180.095454429505,0.5834782228473601,1.2313318016079378,0.7946392662975045
PAPILA-205,9064,1827,0.2015666372462489,7237,79.84333627537511,True,False,374.8772003600252,0.26957641784716074,1.0384442440910695,0.8104975476034453,175.0243866176395,0.4360387972779214,1.111200170330293,0.7494648733736063
PAPILA-206,7158,641,0.08955015367421067,6517,91.04498463257893,True,False,332.32085117392114,0.45256660522599507,1.1214149171795251,0.8144911597663188,93.97665940288702,0.2787620210917446,1.041275958908945,0.9120694043561621
PAPILA-207,7209,1535,0.2129282840893328,5674,78.70717159106673,True,False,331.2497833620557,0.38442008294100116,1.083237866778635,0.8256076030109641,158.36753236814712,0.412792590159238,1.0979056806826606,0.7691055483190491
PAPILA-208,9262,299,0.03228244439645865,8963,96.77175556035414,True,False,381.14927829866735,0.46929354954347025,1.1324486825586912,0.8011695544200347,70.2842712474619,0.6523273794534026,1.3193703038605948,0.7606147797117568
PAPILA-209,9212,1452,0.15762049500651323,7760,84.23795049934868,True,False,384.0904037956217,0.4553010729739367,1.1231695356548315,0.7846877626187958,148.7401153701776,0.3604748760329395,1.0720768834836047,0.8247460654387404
PAPILA-21,8301,1186,0.1428743524876521,7115,85.7125647512348,True,False,350.634559672906,0.19248999261610658,1.0190574582542942,0.8484589578538784,133.22539674441617,0.3958144731477818,1.0889325821138731,0.8396929532312801
PAPILA-210,8688,1470,0.1691988950276243,7218,83.08011049723757,True,False,374.8061325481597,0.5376589390419302,1.186011113809418,0.7771704870001022,150.9827560572969,0.4662797394543093,1.1304067404369182,0.8103497476769597
PAPILA-211,7654,1025,0.13391690619284036,6629,86.60830938071597,True,False,338.14927829866735,0.3363818335962504,1.0618803522611393,0.8411653841536931,125.66904755831214,0.5818794887205464,1.229596352470872,0.8155997467138727
PAPILA-212,8397,1044,0.12433011789924973,7353,87.56698821007502,True,False,362.43354954612926,0.31325935287428924,1.0530000021467385,0.8032990112722856,130.77564927611036,0.5856968118145541,1.2337602842230675,0.7671081430190752
PAPILA-213,8512,1901,0.22333176691729323,6611,77.66682330827066,True,False,368.63455967290594,0.4268703866652022,1.1058120375822447,0.7871352881611599,170.05382386916236,0.4597761464038385,1.1260819322089002,0.8260744251677199
PAPILA-214,7314,207,0.02830188679245283,7107,97.16981132075472,True,False,347.5279579551077,0.36286496296078524,1.0731436065685025,0.7610011675026042,55.21320343559643,0.6257278392606371,1.281983148296814,0.8532854078111579
PAPILA-215,7268,355,0.0488442487616951,6913,95.11557512383048,True,False,336.1076477383248,0.4181768587936,1.1008782904031078,0.8084776038886152,74.698484809835,0.7010492254081284,1.4023025304678254,0.7994929377496005
PAPILA-216,7407,291,0.03928716079384366,7116,96.07128392061564,True,False,343.9777054234135,0.3018443502505459,1.0489247675571725,0.7866682429108178,73.4558441227157,0.7174107076422841,1.4354400719990148,0.6777197552910937
PAPILA-217,8944,761,0.08508497316636851,8183,91.49150268336315,True,False,376.5340546095176,0.44370931954377096,1.1158587617851712,0.7927443085895919,110.49137802864844,0.28043743196295,1.041805240301297,0.7833173404118224
PAPILA-218,8699,4992,0.5738590642602598,3707,42.614093573974024,True,False,368.60512242138304,0.5107026331045101,1.1631187788723416,0.8045563417656889,284.0071426749364,0.5791078960638324,1.2266162342069764,0.777724742205289
PAPILA-219,4695,409,0.0871139510117146,4286,91.28860489882854,True,False,269.7228714274745,0.6186275210084369,1.2727756702102508,0.8109795662570674,79.698484809835,0.4075992511312977,1.0950972466024727,0.8091574597001558
PAPILA-22,10619,1396,0.13146247292588756,9223,86.85375270741125,True,False,404.40411229460636,0.4895619015984292,1.146830358794753,0.8159477674262895,148.63961030678928,0.48307461654416745,1.1421011525280342,0.7940103549014194
PAPILA-220,8026,830,0.10341390480936954,7196,89.65860951906305,True,False,360.4629867976521,0.2409725703635614,1.0303628069389776,0.776225070607728,110.39696961966999,0.38389365742292414,1.082980908576187,0.8558026992156135
PAPILA-221,7311,151,0.020653809328409246,7160,97.93461906715908,True,False,345.56349186104046,0.43850310127932357,1.1126816293307076,0.7693623689346262,47.970562748477136,0.587141365393474,1.2353542357293565,0.8245883312388294
PAPILA-222,9338,2339,0.25048190190618974,6999,74.95180980938102,True,False,386.84776310850236,0.43917348700072634,1.1130871186120146,0.7841218460620005,190.53910524340097,0.5501992690141159,1.1975569008007063,0.8096025043114019
PAPILA-223,12503,782,0.06254498920259138,11721,93.74550107974086,True,False,457.2325394193525,0.5753507081395303,1.2226331633476062,0.7515360806142842,113.01219330881976,0.5263082764134558,1.176064042964147,0.7694244977944166
PAPILA-224,9516,341,0.03583438419503993,9175,96.41656158049601,True,False,385.2914139223983,0.4927804358584483,1.1492222729563788,0.8055372635026363,70.45584412271572,0.5331084336658061,1.1819675379605046,0.863237300628969
PAPILA-225,10376,776,0.07478797224363917,9600,92.52120277563608,True,False,408.60512242138304,0.48325930869149136,1.1422341168757069,0.7809661556777784,104.49747468305833,0.5154215048884752,1.1669472062527735,0.8930175516026985
PAPILA-226,8914,209,0.023446264303343057,8705,97.6553735696657,True,False,371.7056274847714,0.37204808191132194,1.0773383974594664,0.8107448924367865,54.38477631085023,0.7147708204368478,1.4298812829020289,0.8879764682970512
PAPILA-227,11388,4853,0.4261503336845803,6535,57.38496663154198,True,False,420.43354954612926,0.3423519218461901,1.0643146199737084,0.8095852625342093,280.86500705120545,0.5442840735337422,1.1920358049122597,0.7730808003994172
PAPILA-228,9904,909,0.09178109854604201,8995,90.8218901453958,True,False,399.84776310850236,0.4879020111970487,1.145608690481628,0.7784507728991429,124.08326112068522,0.7536151176856086,1.5213384131557723,0.7419033794212982
PAPILA-229,10505,2347,0.22341742027605901,8158,77.6582579723941,True,False,398.84776310850236,0.43064688997636585,1.1080080707476294,0.829834715703293,189.5391052434009,0.4857497851592324,1.1440366063521519,0.8209662458016502
PAPILA-23,6723,444,0.06604194556001784,6279,93.39580544399821,True,False,325.76450198781714,0.4301793578895948,1.1077344400630338,0.7960960312660269,83.69848480983498,0.5423777778770974,1.1902852928077947,0.796448396142995
PAPILA-230,5968,470,0.07875335120643431,5498,92.12466487935657,True,False,312.1787155501902,0.6674085912121487,1.3428375259643732,0.7695415959986083,84.52691193458118,0.5701300397600221,1.2172047545108522,0.8266424737802388
PAPILA-231,8585,177,0.02061735585323238,8408,97.93826441467675,True,False,371.26197667087547,0.3744000208388393,1.0784376979099293,0.7826889784822605,51.21320343559643,0.649847531579435,1.3156776530106262,0.8480456795388316
PAPILA-232,7104,1000,0.14076576576576577,6104,85.92342342342343,True,False,340.35028842544403,0.5343251684153226,1.1830413170274325,0.7706560121476761,131.3259018078045,0.7673123093598021,1.5593968196155938,0.7286334090730254
PAPILA-233,9221,168,0.018219282073527816,9053,98.17807179264722,True,False,380.97770542341357,0.3216143362496961,1.0561103499671574,0.7983416044149568,49.31370849898477,0.6116952753099356,1.2640731195810604,0.868128109051103
PAPILA-234,5845,507,0.08674080410607357,5338,91.32591958939264,True,False,302.2081528017131,0.5949553180448056,1.2441543784292008,0.8042332544486471,87.18376618407356,0.45769924568036136,1.1247239190757299,0.8381979062729982
PAPILA-235,7564,1226,0.16208355367530408,6338,83.7916446324696,True,False,351.8355697996826,0.42691495831281956,1.1058377673867097,0.7678597392740335,140.1543289325507,0.5115508402071981,1.163801565476965,0.7843091859762402
PAPILA-236,7267,385,0.052979221136645105,6882,94.70207788633549,True,False,339.8061325481597,0.31111760285647616,1.0522201933571858,0.7908654430498836,77.4558441227157,0.43937772040817596,1.1132108624994248,0.8064217097545028
PAPILA-237,7819,726,0.0928507481775163,7093,90.71492518224838,True,False,352.67009357883865,0.26786957122828653,1.037930996628043,0.7899940330928874,106.25483399593904,0.45723489497269054,1.1244218065499079,0.8080701987370161
PAPILA-238,9019,746,0.08271426987470895,8273,91.7285730125291,True,False,372.83556979968256,0.3965236025766736,1.0892955148106152,0.8153302831058105,107.39087296526012,0.5629411267165032,1.2099257496535591,0.8128566182115716
PAPILA-239,6943,917,0.1320754716981132,6026,86.79245283018868,True,False,324.1076477383247,0.452336461541528,1.1212680973157454,0.8305742668113458,119.32590180780451,0.41696748011768586,1.100205138160897,0.8093003891330794
PAPILA-24,7191,577,0.08023918787373105,6614,91.9760812126269,True,False,334.0782104868019,0.4831478264035122,1.1421538464425114,0.8096603118786498,97.35533905932738,0.5866608339445506,1.2348228853478824,0.7650082697620135
PAPILA-240,9064,781,0.08616504854368932,8283,91.38349514563106,True,False,382.14927829866735,0.1492481489913597,1.0113270935623475,0.7799444524522391,115.66904755831214,0.60517008283986,1.256129587327312,0.733544691990085
PAPILA-241,10790,1446,0.1340129749768304,9344,86.59870250231695,True,False,410.36248173426384,0.17643629038151973,1.015937971895478,0.8051856262092585,149.36753236814712,0.6130999748092352,1.2658142451168166,0.8144524694351211
PAPILA-242,6784,165,0.02432193396226415,6619,97.56780660377359,True,False,324.6639969244288,0.33154267096880724,1.059950565984503,0.8087744842882246,49.970562748477136,0.45188732485885225,1.1209819520372695,0.8303579109155608
PAPILA-243,7358,1686,0.22913835281326447,5672,77.08616471867356,True,False,340.0782104868019,0.3114103254969387,1.0523263557692153,0.7994881557676483,169.2670273047588,0.6873772127056283,1.3768403804356666,0.7394736446743625
PAPILA-244,8744,3906,0.44670631290027446,4838,55.32936870997255,True,False,369.56349186104046,0.25435023988468447,1.034006217432352,0.804529344240179,247.92388155425118,0.592422625665775,1.2412686780542785,0.7985560008175984
PAPILA-245,9545,2474,0.25919329491880566,7071,74.08067050811944,True,False,383.9482681718907,0.4131924032566011,1.0981242674957055,0.813655137064315,198.0243866176395,0.37428145081898556,1.078382031458479,0.7928156343257131
PAPILA-246,7094,3395,0.4785734423456442,3699,52.14265576543558,True,False,328.32085117392114,0.46486630640484533,1.1294574045369044,0.826997350426085,230.81727983645297,0.5952669630491068,1.2445117073218266,0.8007796084185723
PAPILA-247,8638,3207,0.37126649687427643,5431,62.87335031257235,True,False,379.9482681718907,0.6166492276271016,1.270263821671362,0.7519243085391235,226.23759005323592,0.47730995143051247,1.1379995032616486,0.787370777112892
PAPILA-248,11342,3055,0.26935284782225355,8287,73.06471521777465,True,False,424.3624817342638,0.4601083041989112,1.1263001468698048,0.7914537585122878,219.33809511662426,0.2758027396447172,1.0403507773698373,0.7979817218181563
PAPILA-249,6115,683,0.11169255928045789,5432,88.83074407195421,True,False,319.3919189857866,0.4738948823681423,1.1356133291186759,0.7532835402248992,104.94112549695427,0.3352962788342341,1.0614440956768856,0.779361830537469
PAPILA-25,5374,324,0.060290286564942314,5050,93.97097134350577,True,False,289.82337649086287,0.548240467115178,1.1957134924170103,0.803971590552299,72.66295090390226,0.804537329642766,1.6837792410213397,0.7711321539809256
PAPILA-250,8095,2906,0.3589870290302656,5189,64.10129709697344,True,False,357.2914139223983,0.19328388610533842,1.019219551413836,0.7968591384589181,215.09545442950497,0.13612485932799656,1.0093957697369842,0.7893016464698377
PAPILA-251,10022,2416,0.2410696467770904,7606,75.89303532229096,True,False,393.1198410471445,0.35077539667934815,1.067851702264848,0.8149187969224997,191.0243866176395,0.47691420287062586,1.1377213355535167,0.8320111880951543
PAPILA-252,10780,6769,0.6279220779220779,4011,37.20779220779221,True,False,422.3330444827409,0.46711038131013466,1.1309671093990539,0.7594837719009324,337.32085117392114,0.49498371336537056,1.1508774407208082,0.7475633526393736
PAPILA-253,8979,1864,0.20759550061254037,7115,79.24044993874595,True,False,378.19090885901,0.466671202917529,1.1306706021036765,0.788888573922139,174.58073580374355,0.7175605039263403,1.4357580621906532,0.7685340838886815
PAPILA-254,7202,3447,0.4786170508192169,3755,52.13829491807831,True,False,337.32085117392114,0.18312277922533446,1.0172008142257263,0.7953835523280792,233.16652224137044,0.3825487970399809,1.0823268816831344,0.7967439185199807
PAPILA-255,9985,5744,0.5752628943415122,4241,42.47371056584877,True,False,400.3624817342638,0.546093492904265,1.193710240208607,0.7828006685918429,299.37972567696687,0.6117338712728735,1.2641208100807828,0.8053404685596167
PAPILA-256,10769,3738,0.34710743801652894,7031,65.28925619834712,True,False,411.747258045114,0.17230745558851965,1.0151838843465382,0.7982222135260626,240.3086578651014,0.3813487019000124,1.0817461888284396,0.8134115320640788
PAPILA-257,7201,2151,0.2987085127065685,5050,70.12914872934314,True,False,333.4213562373095,0.37521634570470414,1.0788216607193126,0.8139839609928228,185.36753236814712,0.31125679254461436,1.0522706571538651,0.7866525181346699
PAPILA-258,8260,2040,0.2469733656174334,6220,75.30266343825666,True,False,362.8061325481598,0.5326554339520716,1.1815691318904338,0.7885707656070359,179.92388155425118,0.5085150601096728,1.1613685671366927,0.791885531469314
PAPILA-259,9225,3103,0.33636856368563683,6122,66.36314363143632,True,False,382.25588001646554,0.5232473202712022,1.1734598025319936,0.7933555963155329,223.99494936611666,0.4747022659795368,1.1361745645121177,0.7771684965568899
PAPILA-26,7752,913,0.11777605779153767,6839,88.22239422084624,True,False,355.4629867976521,0.49734936255126255,1.1526708493799338,0.7709653444155548,122.49747468305833,0.6563193944445566,1.3254106134330903,0.7645860503090386
PAPILA-260,8137,2133,0.2621359223300971,6004,73.7864077669903,True,False,362.3919189857866,0.2234624094635661,1.0259434967562715,0.778604968137874,182.61017305526642,0.4630307871152009,1.1282324178903562,0.8038051481199927
PAPILA-261,8609,4808,0.5584853060750378,3801,44.151469392496224,True,False,364.7056274847714,0.4313834819079156,1.1084401886927218,0.8133503213608556,278.9655121145938,0.6049370810294731,1.2558502611825373,0.7763781271753678
PAPILA-262,7330,772,0.1053206002728513,6558,89.46793997271487,True,False,343.048773235279,0.39185966321518184,1.0869269832913728,0.7827121897589007,106.76955262170046,0.5707913726684902,1.2178856823648752,0.8510054049434567
PAPILA-263,8910,4772,0.5355780022446689,4138,46.44219977553311,True,False,375.60512242138304,0.46376082693797516,1.1287185731731717,0.7936418397140826,266.7228714274745,0.26957722034143305,1.038444486346872,0.8429266469151726
PAPILA-264,8459,2172,0.2567679394727509,6287,74.32320605272491,True,False,365.2203461105328,0.5127640046126638,1.1647822031811241,0.7969277716768659,178.4386001800126,0.36126849933563715,1.0724299524256709,0.8572195550797037
PAPILA-265,7870,1035,0.1315120711562897,6835,86.84879288437102,True,False,355.22034611053283,0.41009170432317876,1.0964379764035634,0.7837705306216951,126.39696961966999,0.3994736322536285,1.0908162507680808,0.8140983793532803
PAPILA-266,11264,1600,0.14204545454545456,9664,85.79545454545455,True,False,422.26197667087547,0.4499378618162171,1.1197457644507987,0.7938501900378866,165.4386001800126,0.7032682741383376,1.40661900254193,0.7346088450881668
PAPILA-267,6406,455,0.07102716203559163,5951,92.89728379644083,True,False,324.35028842544403,0.6233538369071021,1.2788706789273694,0.7651881247653535,80.52691193458118,0.48020051080700266,1.1400444926668918,0.8817372139969485
PAPILA-268,7301,971,0.1329954800712231,6330,86.70045199287769,True,False,340.634559672906,0.40566966913582897,1.0940682521711915,0.7907055670961147,121.32590180780451,0.38488380420834256,1.0834646614357053,0.8289379786916867
PAPILA-269,5109,215,0.04208259933450773,4894,95.79174006654922,True,False,279.1076477383248,0.4910053220846621,1.1478992774087404,0.82414246723484,54.970562748477136,0.5823174956105572,1.2300706122797762,0.8941038356511379
PAPILA-27,7430,1343,0.18075370121130552,6087,81.92462987886945,True,False,345.22034611053283,0.4876203238516558,1.1454021686312028,0.7834403048956294,143.5035713374682,0.4242849195352331,1.1043271747151622,0.8195217004609293
PAPILA-270,8032,556,0.06922310756972111,7476,93.07768924302789,True,False,356.73506473629425,0.4300211150232325,1.1076419390697279,0.793125593283414,94.42640687119285,0.26658230075141714,1.0375465708250056,0.7836059541720439
PAPILA-271,7591,1567,0.20642866552496378,6024,79.35713344750363,True,False,344.73506473629425,0.4428869266458158,1.1153525790384682,0.8026716711179166,156.88225099390854,0.4830828355743447,1.1421070675392249,0.8000759876514427
PAPILA-272,8155,654,0.08019619865113427,7501,91.98038013488657,True,False,360.5990257669732,0.4537314851392172,1.1221600847053073,0.7881061767704396,100.49747468305833,0.5311343609284639,1.1802367821486792,0.8137243547331269
PAPILA-273,8945,611,0.06830631637786473,8334,93.16936836221352,True,False,381.3919189857866,0.64758472356267,1.312347229678694,0.7727646287068204,97.18376618407356,0.6742718971063115,1.354126980259459,0.8129496034267732
PAPILA-274,8769,1663,0.18964534154407572,7106,81.03546584559243,True,False,370.14927829866735,0.41359539569940007,1.0983449390361775,0.8042778720438797,163.29646455628165,0.553074157620488,1.2002899496417048,0.7836976579832359
PAPILA-275,7611,463,0.060833004861384835,7148,93.91669951386152,True,False,348.1848122046001,0.3885210569221003,1.0852580395841835,0.7889181349659196,86.18376618407356,0.7361521920922252,1.4775063577090926,0.7833212672429886
PAPILA-276,8291,681,0.08213725726691594,7610,91.78627427330841,True,False,364.4629867976521,0.523464469276216,1.173643482407098,0.7843500332984806,105.91168824543142,0.5423774412702221,1.1902849849304242,0.7629027745134652
PAPILA-277,6466,337,0.05211877513145685,6129,94.78812248685432,True,False,313.5929291125633,0.23931392839183996,1.0299273770987474,0.826252984066909,73.76955262170047,0.502843893956406,1.156902276216884,0.7781896772465087
PAPILA-278,9756,1473,0.1509840098400984,8283,84.90159901599016,True,False,397.01933598375615,0.5879623401934162,1.2362646319105133,0.7777828061944405,153.88225099390857,0.4886861265301274,1.1461847903722402,0.7816917884012473
PAPILA-279,7009,885,0.12626622913397062,6124,87.37337708660294,True,False,330.634559672906,0.4803027672802098,1.1401172650589182,0.8056927047341057,118.32590180780451,0.7335172410721584,1.471300421211594,0.7943163253348398
PAPILA-28,7942,871,0.10967010828506674,7071,89.03298917149333,True,False,352.1787155501902,0.2766634114178136,1.0406185833650343,0.8046620815937492,120.66904755831214,0.4750761919292904,1.1364350973514756,0.7516856324457151
PAPILA-280,10992,2212,0.2012372634643377,8780,79.87627365356623,True,False,417.9898987322333,0.32843631557264513,1.058731973089018,0.7905967241637292,189.02438661763952,0.6317269656483098,1.2900047058706774,0.7779636616335562
PAPILA-281,7178,1331,0.1854276957369741,5847,81.4572304263026,True,False,339.0782104868019,0.39366608813029386,1.0878391997834822,0.7845372215972323,147.98275605729688,0.7690069887322795,1.5643567680386132,0.763775453280059
PAPILA-282,9050,240,0.026519337016574586,8810,97.34806629834254,True,False,374.60512242138304,0.5400323893488725,1.1881504777340517,0.810421622672339,62.45584412271571,0.5525662847181796,1.199804734813225,0.7731699044844911
PAPILA-283,9382,2669,0.2844809209123854,6713,71.55190790876146,True,False,380.56349186104046,0.3668464171327573,1.074943421562508,0.8140499351416081,208.2670273047588,0.2815771076742533,1.042167554179964,0.7732455003515804
PAPILA-284,9267,2911,0.3141253911729794,6356,68.58746088270206,True,False,385.6051224213831,0.5593676248540613,1.2063894806592912,0.7831833356000274,221.82337649086284,0.6000286049418909,1.2500335235638904,0.7434254873051395
PAPILA-285,7898,1405,0.17789313750316535,6493,82.21068624968346,True,False,355.4629867976521,0.3981229091444165,1.0901177657432357,0.7854855895503162,144.74011537017762,0.5065293729218268,1.159793163985526,0.8427686254514638
PAPILA-286,8142,2125,0.26099238516335055,6017,73.90076148366495,True,False,360.97770542341357,0.367099091167893,1.0750586132288127,0.7851998393639805,186.09545442950497,0.6087121415365877,1.2604123332976476,0.7710761460893033
PAPILA-287,7846,1221,0.15562069844506754,6625,84.43793015549325,True,False,359.32085117392114,0.5431415287785217,1.1909849660957335,0.7636481926679332,144.39696961967002,0.7592120273096374,1.5364679734324378,0.7358840161895677
PAPILA-288,14146,5260,0.37183656157217587,8886,62.81634384278241,True,False,472.6467529817256,0.41952300739137166,1.1016313247824407,0.7957381142260368,287.79393923934,0.6821817818946937,1.367647396848313,0.7980540772125732
PAPILA-289,9263,652,0.07038756342437655,8611,92.96124365756235,True,False,388.8772003600252,0.5195513393905882,1.1703582413210858,0.7697267242325354,101.18376618407356,0.5186022899600148,1.1695693128799716,0.8002686039946982
PAPILA-29,8495,410,0.04826368452030606,8085,95.17363154796939,True,False,366.7056274847714,0.6299088386131658,1.2875496523838053,0.7938493578023145,85.66904755831214,0.6710264564265925,1.3487387978424878,0.7020141137979633
PAPILA-290,8978,925,0.10302962797950546,8053,89.69703720204946,True,False,376.4629867976521,0.399737639739791,1.090953207829872,0.7960583424991434,120.66904755831214,0.5313642834627956,1.180437644350651,0.7982884156283427
PAPILA-291,8314,584,0.07024296367572769,7730,92.97570363242723,True,False,367.97770542341357,0.48507818970907657,1.143548783716866,0.7715727307815043,99.49747468305833,0.5165291202063005,1.1678564469153347,0.7413078426778956
PAPILA-292,8570,809,0.09439906651108518,7761,90.56009334889148,True,False,378.6345596729059,0.31313822825763127,1.052955711685092,0.7511906662517334,110.74011537017762,0.46575417291439297,1.1300531261355353,0.8289883787147575
PAPILA-293,8117,2869,0.35345571023777256,5248,64.65442897622275,True,False,351.97770542341357,0.39537511919723517,1.0887082280966847,0.8233321957384282,209.75230867899737,0.37397492020263823,1.0782382425635126,0.8194584028667379
PAPILA-294,8686,800,0.09210223347916187,7886,90.78977665208382,True,False,365.8772003600252,0.23506410521583762,1.0288278919392755,0.815378009561877,107.66904755831214,0.3069173551525319,1.050711354281525,0.8671976821721767
PAPILA-295,7797,794,0.10183403873284597,7003,89.8165961267154,True,False,352.14927829866735,0.5234980629828216,1.173671912836783,0.790103149331283,112.42640687119285,0.6498738401175591,1.3157165920071603,0.7893937883023776
PAPILA-296,9387,1175,0.12517311175029297,8212,87.4826888249707,True,False,388.60512242138304,0.6061004342338928,1.2572478430701575,0.7811233853073768,145.74011537017762,0.846711883329382,1.8795166783263424,0.695167584179037
PAPILA-297,7783,251,0.032249775150970064,7532,96.77502248490299,True,False,352.56349186104046,0.5528132551878714,1.200040557832338,0.7868323671162517,65.2842712474619,0.41284531413619624,1.0979344864850378,0.7400592042603247
PAPILA-298,9129,1636,0.17920911381312302,7493,82.0790886186877,True,False,383.22034611053283,0.45782442262768885,1.1248054549916666,0.7811527275682276,168.5391052434009,0.4304955955920164,1.10791946854769,0.7237553639500779
PAPILA-299,6295,432,0.06862589356632248,5863,93.13741064336776,True,False,311.5218613006979,0.2546598381206511,1.034093337699401,0.8151331217058195,79.94112549695429,0.48871086501533917,1.1462029952755188,0.8494798740310829
PAPILA-3,8767,5553,0.6333979696589483,3214,36.660203034105166,True,False,368.4629867976521,0.3814248234632993,1.0817829400320558,0.8114712435315763,289.5512985522207,0.27375794407475956,1.039718687247398,0.8323126657604747
PAPILA-30,7598,799,0.10515925243485127,6799,89.48407475651487,True,False,345.6639969244288,0.5234931689442462,1.1736677707587826,0.7990994991026046,114.66904755831213,0.6580805108919839,1.3281137247716264,0.7635970339594657
PAPILA-300,6689,2101,0.31409777246225146,4588,68.59022275377485,True,False,324.492424049175,0.3181888204879094,1.0548218781793814,0.7982922930463964,182.1959594928933,0.6073653290071932,1.2587757811916238,0.7953502709998016
PAPILA-301,8823,191,0.021647965544599343,8632,97.83520344554006,True,False,371.66399692442883,0.464061107447736,1.128918943972582,0.8026480541166388,53.97056274847714,0.624001286887221,1.2797161071031677,0.8240040349849386
PAPILA-302,9617,790,0.08214619943849433,8827,91.78538005615057,True,False,396.0904037956216,0.4088531343847941,1.0957700933284233,0.7703016685325776,114.11269837220809,0.7101619184560959,1.4203770977075254,0.762375629899916
PAPILA-303,9660,3693,0.38229813664596274,5967,61.77018633540373,True,False,397.50461735799473,0.4476759845179169,1.1183232435000374,0.7682501168536333,247.1370849898476,0.5901519621999668,1.2387088920198785,0.7598245683689364
PAPILA-304,9632,1527,0.1585340531561462,8105,84.14659468438538,True,False,388.84776310850236,0.1221314355153883,1.0075425282017345,0.8005106755218783,153.22539674441617,0.49406679936805004,1.1501868618612097,0.8173110902846794
PAPILA-305,7535,1937,0.2570670205706702,5598,74.29329794293298,True,False,350.97770542341357,0.6428331263603342,1.3054723807862947,0.7686596077090413,177.95331880577405,0.75633944322135,1.5286327383872162,0.7686476448639065
PAPILA-306,6104,258,0.042267365661861074,5846,95.7732634338139,True,False,314.5218613006979,0.5197796115386014,1.1705484538453323,0.7753944975093789,63.45584412271571,0.42443034827858017,1.1044102983604889,0.8051676520326142
PAPILA-307,6992,1548,0.221395881006865,5444,77.8604118993135,True,False,331.6345596729059,0.4480221291184871,1.1185401225495288,0.7988987091402434,158.53910524340097,0.7243182094495766,1.4503982006481762,0.7739412859529571
PAPILA-308,6858,278,0.0405365995917177,6580,95.94634004082823,True,False,323.0782104868018,0.507999148909166,1.1609580433783473,0.8256424377255702,65.94112549695429,0.3790152370338996,1.080624962523664,0.8034187240329076
PAPILA-309,8429,1012,0.12006169177838415,7417,87.99383082216158,True,False,370.97770542341357,0.4373080978602336,1.111961450092245,0.7696447238256539,126.9116882454314,0.6301698783130195,1.2879008437726203,0.7895636277684165
PAPILA-31,8187,594,0.07255404910223526,7593,92.74459508977647,True,False,358.7056274847714,0.3698640206114875,1.0763267443021827,0.7995732832202591,97.66904755831213,0.6609037618513526,1.332497122044796,0.7824965001480878
PAPILA-310,12118,3057,0.2522693513781152,9061,74.77306486218848,True,False,442.91883092036784,0.49244525900590763,1.1489717486739002,0.7762337513332555,221.373629022557,0.4236313655093551,1.1039542014585895,0.7838871288585432
PAPILA-311,6852,1991,0.29057209573847054,4861,70.94279042615295,True,False,337.14927829866735,0.3747470498820437,1.0786007726117939,0.7575001960741305,179.95331880577402,0.6616190145751049,1.3336175372986605,0.7726119176073971
PAPILA-312,9376,3244,0.3459897610921502,6132,65.40102389078498,True,False,386.60512242138304,0.4720206351294984,1.1343173537429203,0.788301321568322,232.1370849898476,0.6555078536630543,1.3241729581754191,0.7564873260665992
PAPILA-313,8087,2856,0.3531593916161741,5231,64.68406083838258,True,False,358.97770542341357,0.6813788077745103,1.3662490916236192,0.7886101321976056,215.40916292848974,0.7639310945831277,1.5496720452529205,0.7734633164750617
PAPILA-314,8555,1822,0.2129748684979544,6733,78.70251315020455,True,False,364.56349186104046,0.3114049430332549,1.0523244025072338,0.8088789380197611,164.78174593052023,0.44252293554270894,1.1151290617651386,0.843218325694673
PAPILA-315,9272,2370,0.2556082830025884,6902,74.43917169974115,True,False,390.60512242138304,0.44842303893338553,1.1187916825662811,0.7636729684672142,197.92388155425115,0.5366557495951794,1.1851131531562684,0.76025942195282
PAPILA-316,7433,1088,0.1463742768734024,6345,85.36257231265975,True,False,348.2497833620557,0.31989910630918095,1.0554628697823498,0.7701800891458143,132.3259018078045,0.5417224648345971,1.189686724431713,0.7808165942308972
PAPILA-317,8617,233,0.027039572937217128,8384,97.29604270627829,True,False,371.3919189857867,0.43206168691247643,1.1088391556944368,0.7850567595504236,60.45584412271572,0.6469475309134186,1.3114160414323175,0.8011045643477727
PAPILA-318,8158,1199,0.14697229713164991,6959,85.302770286835,True,False,356.7056274847714,0.3627367663326493,1.0730861309633883,0.8057005184878528,141.81118318204307,0.5668283894504007,1.2138339804516804,0.7492177987076837
PAPILA-319,6444,959,0.14882060831781502,5485,85.1179391682185,True,False,310.0782104868019,0.34631917398915946,1.0659654077404894,0.8422148560478196,130.70458146424488,0.8434066801395407,1.8612418358852882,0.7054185074225275
PAPILA-32,9655,1641,0.169963749352667,8014,83.0036250647333,True,False,390.8772003600252,0.44202480440554054,1.1148236878406759,0.7941114611300821,156.88225099390854,0.5861380110652568,1.2342460422158967,0.8378587720076691
PAPILA-320,9641,1438,0.14915465200705322,8203,85.08453479929467,True,False,389.97770542341357,0.5279871208733754,1.1775062712084523,0.7966221681337855,148.63961030678928,0.5668600346138617,1.2138660628000868,0.8178989185875652
PAPILA-321,6285,888,0.1412887828162291,5397,85.87112171837708,True,False,319.93607486307087,0.5938361558927601,1.2428752287972413,0.7715937858473989,118.84062043356595,0.39517259461920135,1.0886049404134783,0.79011991595365
PAPILA-322,7984,3524,0.44138276553106215,4460,55.861723446893784,True,False,351.492424049175,0.1618594884520122,1.0133623835934673,0.8120793266523658,232.4386001800126,0.2914725635874241,1.045391758029479,0.819651543671269
PAPILA-323,9284,1547,0.1666307626023266,7737,83.33692373976734,True,False,387.2914139223983,0.6104123371277266,1.2624926480396907,0.7778023623358787,160.63961030678928,0.15479430707040365,1.0122003335549776,0.7533467063869559
PAPILA-324,7275,2103,0.2890721649484536,5172,71.09278350515464,True,False,339.1198410471445,0.5375055677815145,1.1858735894461316,0.7949438644016193,185.8528137423857,0.6759777495418092,1.3569956600132944,0.7650870580186503
PAPILA-325,8349,2221,0.2660198826206731,6128,73.39801173793269,True,False,359.53405460951757,0.4849346905250685,1.1434447194232225,0.8116415285540949,193.3380951166243,0.7321129725530908,1.468033787639138,0.7466611448628182
PAPILA-326,8354,2686,0.321522623892746,5668,67.8477376107254,True,False,365.22034611053283,0.2920556307932835,1.0455861636477242,0.7870356548751077,204.095454429505,0.3953288566169494,1.0886846268919683,0.8103062855331219
PAPILA-327,7270,958,0.13177441540577717,6312,86.82255845942228,True,False,343.63455967290594,0.5242767880506001,1.1743320414323337,0.7736608228191699,123.05382386916239,0.6021085696182411,1.2524826988959872,0.7950329813306504
PAPILA-328,8058,1847,0.2292132042690494,6211,77.07867957309506,True,False,356.66399692442883,0.5876202964250858,1.235884933247112,0.7960101083534816,171.29646455628165,0.5898872652788835,1.2384121582126129,0.7910063327322487
PAPILA-329,8360,314,0.03755980861244019,8046,96.24401913875597,True,False,363.2914139223983,0.2641975637369492,1.0368404090874728,0.7959868147186138,71.07716446627535,0.6456320561833258,1.3095027547275064,0.7810508770359303
PAPILA-33,6715,336,0.05003723008190618,6379,94.99627699180938,True,False,322.492424049175,0.24810787355917727,1.0322768075075826,0.8113660800163065,71.66295090390226,0.6699978523915247,1.3470498273588567,0.8221664803498994
PAPILA-330,7463,938,0.12568672115771137,6525,87.43132788422886,True,False,347.14927829866735,0.4599423686410591,1.126191098153583,0.7781991860052733,122.56854249492379,0.25541077991214195,1.0343051832005354,0.7846114811583587
PAPILA-331,7552,1460,0.1933262711864407,6092,80.66737288135593,True,False,348.8772003600252,0.38867144425445377,1.0853327452839796,0.7796984450903287,151.5685424949238,0.4391497861222989,1.113072764778417,0.7986280707522709
PAPILA-332,7680,1035,0.134765625,6645,86.5234375,True,False,348.3919189857867,0.5735385213689161,1.220735027226564,0.7951241388521672,129.36143571373725,0.5670104696554169,1.2140186354383957,0.7772139015517641
PAPILA-333,8867,1015,0.11446938085034397,7852,88.5530619149656,True,False,374.3919189857867,0.5451915600768859,1.1928740162125193,0.7949386997123907,128.22539674441617,0.5039628092154594,1.1577754381214316,0.7757607514295989
PAPILA-334,8097,284,0.03507471903174015,7813,96.49252809682598,True,False,359.3624817342638,0.3909591654464206,1.0864746653024835,0.7878953469649084,66.8700576850888,0.5169295695675249,1.1681861803729958,0.7981137783649861
PAPILA-335,5812,1466,0.2522367515485203,4346,74.77632484514797,True,False,302.5218613006978,0.5557215254243328,1.202836043883355,0.7980350057936793,152.53910524340094,0.48545934771299815,1.1438254836657775,0.7917379187608515
PAPILA-336,5501,872,0.15851663333939284,4629,84.14833666606071,True,False,294.86500705120545,0.4631428161442259,1.1283069308339542,0.7950693965037471,119.08326112068522,0.39365156857868744,1.0878318417305624,0.7727249056398091
PAPILA-337,7365,1062,0.14419551934826885,6303,85.58044806517312,True,False,345.73506473629425,0.40766045711503873,1.0951300136581406,0.7742759302201556,131.32590180780454,0.5718331794712538,1.2189622861280256,0.7738086804355527
PAPILA-338,9364,2642,0.28214438274241777,6722,71.78556172575821,True,False,381.7056274847714,0.3426837217537387,1.0644516618801545,0.8076331626836688,204.61017305526642,0.3962007547035253,1.089130155602907,0.7930274711698337
PAPILA-339,7242,1640,0.2264567798950566,5602,77.35432201049434,True,False,339.0071426749364,0.6073435006774828,1.2587493392008806,0.7918641602632153,159.81118318204307,0.4196717894311816,1.1017147969100916,0.8069365335607754
PAPILA-34,8260,757,0.09164648910411623,7503,90.83535108958839,True,False,361.32085117392114,0.6141433682267444,1.267114796863058,0.7950672453635074,109.94112549695427,0.5732321029552556,1.2204155388060685,0.7870193064975715
PAPILA-340,6154,122,0.019824504387390314,6032,98.01754956126096,True,False,307.7645019878171,0.37697238708304154,1.0796518586236072,0.8164513350002169,40.04163056034261,0.3367948949314798,1.0620468631121256,0.9561943782168835
PAPILA-341,7029,328,0.04666382131170863,6701,95.33361786882914,True,False,333.0782104868019,0.30269657621119606,1.0492221861915434,0.7961794464421696,75.2842712474619,0.7129328930082073,1.4260610204525552,0.7272357266498366
PAPILA-342,7973,490,0.061457418788410885,7483,93.8542581211589,True,False,362.7056274847714,0.3854963033986957,1.0837648577128687,0.761593169673223,87.35533905932738,0.6425961470214286,1.3051336437526722,0.8069136024897823
PAPILA-343,8659,2444,0.2822496824113639,6215,71.7750317588636,True,False,365.22034611053283,0.33839598874115717,1.062694962761087,0.8157698989183095,195.53910524340094,0.3615481007879666,1.0725546104008072,0.8032372089565211
PAPILA-344,8609,388,0.04506911371820188,8221,95.4930886281798,True,False,363.7056274847714,0.39684898618500086,1.0894623853997532,0.817829044831296,80.94112549695429,0.6278124713781884,1.2847449107145787,0.7442230410203923
PAPILA-345,8879,1533,0.17265457821826782,7346,82.73454217817321,True,False,377.1198410471445,0.3537849354030952,1.069145032405195,0.7845401167611862,149.46803743153546,0.5385080079010567,1.1867740315851751,0.8622939810015093
PAPILA-346,9135,933,0.10213464696223316,8202,89.78653530377669,True,False,379.2914139223983,0.45749928517133837,1.124593754757062,0.7979439613936467,118.25483399593904,0.27817212169352656,1.0410905488393625,0.8384046960948449
PAPILA-347,8101,2129,0.26280706085668437,5972,73.71929391433156,True,False,357.3624817342638,0.30587140818487707,1.0503398102119565,0.7971326268007721,180.71067811865476,0.479163039802541,1.1393078218197992,0.8192527243478576
PAPILA-348,8849,1175,0.13278336535201718,7674,86.72166346479828,True,False,372.8772003600252,0.5620743715954721,1.2090630960797542,0.7997834275469636,135.74011537017762,0.4356089858403479,1.1109432400713832,0.8013667200774046
PAPILA-349,7808,226,0.028944672131147542,7582,97.10553278688525,True,False,352.32085117392114,0.4012301162084953,1.0917301248387283,0.7904474007015133,60.07716446627535,0.46969932406393133,1.1327254607458668,0.786863590140104
PAPILA-35,7200,1537,0.21347222222222223,5663,78.65277777777779,True,False,341.49242404917493,0.5120986531999071,1.1642437849865892,0.7758543754719611,161.29646455628165,0.7670387701215065,1.5586016641722757,0.7423932851025669
PAPILA-350,9299,1009,0.10850629099903215,8290,89.14937090009678,True,False,382.4629867976521,0.46454255075791967,1.1292406946489866,0.7988537664838997,128.1543289325507,0.5405522032891565,1.1886218341412216,0.7720305188458861
PAPILA-351,10744,1022,0.09512285927029039,9722,90.48771407297096,True,False,412.1614716074871,0.511289913580569,1.163591276980166,0.794769293960307,126.9827560572969,0.5380125018812933,1.1863284771968616,0.7964733742769823
PAPILA-352,9596,2172,0.22634431012922052,7424,77.36556898707795,True,False,390.2325394193526,0.159575640774738,1.0129806333239968,0.7918686382000495,190.71677477306463,0.29957021805425993,1.0481364469683419,0.7503983967244113
PAPILA-353,8037,1434,0.1784247853676745,6603,82.15752146323256,True,False,351.3919189857867,0.39055161583020165,1.0862704812414525,0.8179378260482563,148.1543289325507,0.588196339858592,1.2365247212359098,0.8209757403127455
PAPILA-354,10237,1212,0.11839406075998828,9025,88.16059392400118,True,False,407.6761902332486,0.4548160715227479,1.1228569529422778,0.7740194458079922,139.84062043356596,0.7693900462192056,1.5654859913945076,0.778835608959755
PAPILA-355,10275,1973,0.19201946472019465,8302,80.79805352798054,True,False,403.0904037956216,0.4248927049604685,1.1046748847157184,0.7946699233348689,177.19595949289334,0.26384121184454346,1.0367355551484205,0.7896403274418512
PAPILA-356,10614,1924,0.18127002072734125,8690,81.87299792726589,True,False,415.2325394193526,0.4785253477691905,1.1388565166131506,0.7735817020215373,171.88225099390854,0.3693095902403535,1.0760713323260471,0.8183759658075049
PAPILA-357,4255,174,0.0408930669800235,4081,95.91069330199765,True,False,261.03657992645924,0.6014682040495517,1.2517262259757742,0.7847054826170072,50.04163056034261,0.6861395549460102,1.3746272489678935,0.8731647758897388
PAPILA-358,7265,2020,0.2780454232622161,5245,72.19545767377838,True,False,334.0782104868019,0.29933447143244374,1.0480551683810824,0.817992235544207,183.6812408671319,0.22097802257224172,1.0253478417818664,0.7523702668824862
PAPILA-359,8360,771,0.09222488038277513,7589,90.7775119617225,True,False,356.56349186104046,0.5661643388951118,1.2131617545275655,0.8263088288606629,109.5685424949238,0.2193329627285964,1.0249576510643466,0.8070351913558257
PAPILA-36,10024,6551,0.6535315243415802,3473,34.64684756584198,True,False,397.6345596729059,0.3495751589303882,1.067340287195092,0.7966777267447324,327.5929291125633,0.4062881203098309,1.0943972082822313,0.7670937159709722
PAPILA-360,8507,2515,0.2956388856236041,5992,70.4361114376396,True,False,363.8772003600252,0.14696149992420865,1.0109769726299598,0.807377435398886,198.75230867899737,0.589178969817056,1.2376198368835216,0.8000617158951916
PAPILA-361,8361,2157,0.25798349479727306,6204,74.2016505202727,True,False,364.4629867976521,0.38618751237493104,1.084104504945762,0.7909722142574593,183.36753236814712,0.3944120321726446,1.0882177873132501,0.8061486442399574
PAPILA-362,7340,915,0.12465940054495912,6425,87.53405994550408,True,False,337.73506473629425,0.3564737742360065,1.0703139206034564,0.8086370172482931,121.1543289325507,0.5802205462108425,1.2278082828401318,0.7833450172257764
PAPILA-363,9864,262,0.026561232765612328,9602,97.34387672343877,True,False,392.94826817189073,0.35290678888583027,1.0687660265841292,0.8027719135414793,63.4558441227157,0.4707991024086784,1.1334778451160232,0.8176508714439727
PAPILA-364,8232,1696,0.20602526724975703,6536,79.3974732750243,True,False,357.73506473629425,0.3753564898795959,1.0788877037126878,0.808336525582143,165.46803743153544,0.5914017169259738,1.2401145989699576,0.7784083395918712
PAPILA-365,10949,2494,0.22778335921088683,8455,77.22166407891132,True,False,413.84776310850236,0.27156180338821856,1.0390463185272765,0.8033468507599012,197.33809511662426,0.24816798134308476,1.0322932142640127,0.8047934808882915
PAPILA-366,10266,3407,0.33187219949347363,6859,66.81278005065265,True,False,405.26197667087547,0.3158346605280563,1.0539470793795331,0.785487733295981,231.82337649086284,0.30472941556502015,1.049936044266115,0.7966499689990731
PAPILA-367,7567,1029,0.13598519888991675,6538,86.40148011100833,True,False,342.7056274847714,0.16416053454151364,1.0137529410618493,0.8096384525203791,128.74011537017762,0.25479021142248526,1.034130062769476,0.7801847387877281
PAPILA-368,11252,2155,0.19152150728759332,9097,80.84784927124066,True,False,419.43354954612926,0.2925182832950767,1.0457407745639997,0.8037356943211122,189.33809511662426,0.4921118218429227,1.148722856166618,0.7554072203060689
PAPILA-369,10187,2500,0.2454108177088446,7687,75.45891822911554,True,False,395.8061325481597,0.1008771081426477,1.0051272608169206,0.8171299570186353,196.88225099390857,0.42556686000298116,1.1050615319133517,0.8104696205477258
PAPILA-37,6602,550,0.08330808845804302,6052,91.6691911541957,True,False,329.24978336205567,0.39878709464278034,1.0904607655374503,0.7653047136888262,92.08326112068522,0.5137953372139548,1.165619645994066,0.8151005209875914
PAPILA-370,8090,147,0.018170580964153277,7943,98.18294190358468,True,False,355.56349186104046,0.39179049940711613,1.0868921855236953,0.8041259184314625,43.55634918610404,0.4889146775697212,1.1463530478215906,0.9736979532359775
PAPILA-371,6281,797,0.1268906225123388,5484,87.31093774876612,True,False,316.35028842544403,0.4099963695565971,1.0963864531353464,0.7886824700431126,113.25483399593904,0.6208699586342472,1.275650825237935,0.7808267617201393
PAPILA-372,5906,147,0.024889942431425668,5759,97.51100575685744,True,False,300.5218613006978,0.1699297892962331,1.014758472804913,0.8217716727482336,46.72792206135786,0.11743986695039592,1.0069682245497271,0.8460075933019802
PAPILA-373,5234,512,0.09782193351165457,4722,90.21780664883454,True,False,287.45079348883235,0.3239461810049221,1.0569980818285034,0.7960063984199336,89.07716446627535,0.5891519103493452,1.2375896163316615,0.8108622031367042
PAPILA-374,7782,1560,0.2004626060138782,6222,79.95373939861217,True,False,344.35028842544403,0.4859522026932701,1.1441838901074795,0.8247079637442641,155.05382386916236,0.30520092840982116,1.0501025141154354,0.8153977339975581
PAPILA-375,7019,572,0.08149309018378686,6447,91.85069098162131,True,False,325.2497833620557,0.17054660951570777,1.01486821512153,0.8337792341212563,95.87005768508881,0.6337480627635986,1.292758767782655,0.782059715179102
PAPILA-376,9377,1646,0.17553588567772208,7731,82.44641143222779,True,False,384.2203461105328,0.41971430180527913,1.101738656819314,0.798202460638715,159.22539674441617,0.27446755692227764,1.03993738043926,0.8158588248515705
PAPILA-377,5503,565,0.10267127021624568,4938,89.73287297837544,True,False,293.7645019878171,0.4324265589012737,1.1090542364863158,0.8013287902720576,96.01219330881976,0.5620621509288748,1.209050955922462,0.770203575003589
PAPILA-378,9512,246,0.02586206896551724,9266,97.41379310344827,True,False,388.22034611053283,0.5860180306831789,1.2341138514466605,0.793094833512634,63.87005768508881,0.8639511973145003,1.9857993733631014,0.7577925901351981
PAPILA-379,7760,166,0.021391752577319588,7594,97.86082474226804,True,False,360.1848122046001,0.44390455273790946,1.1159791671165542,0.7516588809026652,50.21320343559643,0.6777635598682455,1.3600262653056214,0.8273363280298527
PAPILA-38,8154,246,0.03016924208977189,7908,96.98307579102281,True,False,359.14927829866735,0.3031602232911327,1.049384453358952,0.7943841586328092,62.21320343559641,0.5156111526487124,1.167102598916048,0.7986929345358753
PAPILA-380,9269,2643,0.2851440284820369,6626,71.48559715179631,True,False,384.4629867976521,0.4184298449049745,1.1010195082239131,0.7880135314593677,207.675144212722,0.3456142014375768,1.0656701132571142,0.7700837970584443
PAPILA-381,11208,4648,0.4147037830121342,6560,58.529621698786585,True,False,418.5340546095176,0.3537158749867462,1.0691151773544136,0.8040376485901708,271.5512985522207,0.45321831974624815,1.121831396422392,0.7920857780301679
PAPILA-382,6886,854,0.12401975021783329,6032,87.59802497821667,True,False,334.492424049175,0.42469426970867064,1.1045612703853374,0.7734002546172223,120.11879502661796,0.5801904385246854,1.2277759507532173,0.7437822345092034
PAPILA-383,7016,374,0.05330672748004561,6642,94.66932725199544,True,False,331.8355697996826,0.47028411730650727,1.1331251259550423,0.8006700270309826,74.2842712474619,0.41475185275433013,1.0989801307451854,0.8517021271965101
PAPILA-384,9617,1300,0.13517729021524383,8317,86.48227097847561,True,False,385.1198410471445,0.2690753341128654,1.038293151508466,0.8148125184501159,144.1543289325507,0.4510277873493879,1.1204357414561215,0.7861362792225906
PAPILA-385,8804,1817,0.20638346206269878,6987,79.36165379373013,True,False,373.19090885901,0.43421104307292807,1.1101105642991436,0.7943790586645604,167.88225099390857,0.6635776477480325,1.3367064395140758,0.8101309496992631
PAPILA-386,7415,1294,0.17451112609575187,6121,82.54888739042482,True,False,335.21424945612296,0.47948606130105254,1.1395368639036165,0.8292320441673978,145.04772721475248,0.691908735932434,1.3850703788726295,0.7728981790234548
PAPILA-387,8421,429,0.050944068400427506,7992,94.90559315995725,True,False,365.5340546095176,0.26644379468558205,1.0375053435925923,0.7919866185882954,81.94112549695427,0.6573185988524592,1.3269413597962263,0.8029034174659226
PAPILA-388,8446,1652,0.1955955481884916,6794,80.44044518115085,True,False,366.0782104868019,0.3352812903576349,1.0614380858189072,0.7919781163726981,167.71067811865476,0.5274708036162598,1.177061669393141,0.738071570253143
PAPILA-389,12077,1524,0.12619027904280863,10553,87.38097209571913,True,False,424.3624817342638,0.3005438188710385,1.048472995206797,0.8427426416463498,151.91168824543144,0.46446531408830544,1.1291890360416639,0.8298745584457963
PAPILA-39,10113,3129,0.309403737763275,6984,69.0596262236725,True,False,390.77669529663683,0.38494483033478866,1.0834945387864936,0.8322092900448708,219.58073580374355,0.4686052058148136,1.1319801742019706,0.8155056139521351
PAPILA-390,7605,1497,0.1968441814595661,6108,80.31558185404339,True,False,340.69343417595167,0.3318611254302583,1.0600763801227404,0.8233444351272714,155.36753236814712,0.3729121052890764,1.0777410481034637,0.7793115774851237
PAPILA-391,9025,251,0.02781163434903047,8774,97.21883656509695,True,False,378.7056274847714,0.42619302657286895,1.1054215701724073,0.7907761405374572,60.970562748477136,0.8111043393542685,1.709689615247698,0.8484830647931664
PAPILA-392,8048,1412,0.1754473161033797,6636,82.45526838966202,True,False,361.5340546095176,0.5629838064240525,1.2099683094898306,0.7737477659729234,149.0538238691624,0.37870041480186223,1.0804744835150808,0.7986533481825293
PAPILA-393,8712,2142,0.24586776859504134,6570,75.41322314049587,True,False,366.5340546095176,0.3697195976405256,1.0762601578839242,0.8148901506330181,185.0243866176395,0.47864331479792804,1.1389399181118969,0.7862694182977658
PAPILA-394,9250,1204,0.13016216216216217,8046,86.98378378378379,True,False,385.2914139223983,0.47651213864714853,1.137439173437531,0.7830201436947652,138.9827560572969,0.6116538835242858,1.2640219838075852,0.7832754446039761
PAPILA-395,7308,596,0.0815544608648057,6712,91.84455391351943,True,False,338.66399692442883,0.4825108515351667,1.141695885432158,0.8007009493797942,97.25483399593904,0.4036091003046489,1.0929779698749111,0.7918332420612929
PAPILA-396,8484,542,0.06388495992456389,7942,93.61150400754362,True,False,365.97770542341357,0.5851357572466943,1.233143921001719,0.7959783657995929,91.35533905932738,0.775248072349415,1.5831379603230515,0.8160960633932259
PAPILA-397,7690,316,0.04109232769830949,7374,95.89076723016905,True,False,346.14927829866735,0.17178561799915068,1.0150899649771856,0.8065092316699134,72.24873734152916,0.6559066934279518,1.3247805913105417,0.7607403001685803
PAPILA-398,8644,2101,0.243058769088385,6543,75.6941230911615,True,False,362.8061325481597,0.17570978921557368,1.0158038669608362,0.825230714032351,185.0243866176395,0.5560105526464619,1.2031157356281281,0.7712194434377245
PAPILA-399,9569,2367,0.24736127077019543,7202,75.26387292298045,True,False,394.60512242138304,0.41277683213499883,1.0978970724230452,0.7722376675142049,187.8111831820431,0.29925141525346355,1.0480265527670298,0.843267231821855
PAPILA-4,9071,3071,0.33855142762650203,6000,66.1448572373498,True,False,382.3624817342638,0.4073593294605354,1.0949688786211695,0.7796765771987508,216.02438661763952,0.47900212938085596,1.1391938355309712,0.8269592685493975
PAPILA-40,8874,4098,0.46179851250845166,4776,53.82014874915484,True,False,371.24978336205567,0.5313801295520413,1.1804514946043358,0.809090069099672,258.16652224137044,0.6988582764448645,1.3980926706899548,0.7726485061185363
PAPILA-400,7654,250,0.032662660047034234,7404,96.73373399529657,True,False,352.73506473629425,0.5416549078290499,1.1896251097424146,0.7730383747637013,61.04163056034261,0.5893854869830424,1.2378505980562649,0.8431359755787737
PAPILA-401,10299,1852,0.1798232838139625,8447,82.01767161860374,True,False,404.2914139223983,0.34323836229549953,1.0646811576409012,0.7918007081525665,168.4386001800126,0.536435871913289,1.1849168354420037,0.8202903439962363
PAPILA-402,11944,1430,0.11972538513060951,10514,88.02746148693905,True,False,439.23253941935263,0.2641591721722952,1.0368291043181066,0.7779839657625454,152.46803743153546,0.688316542061397,1.3785298845493767,0.7730156407953135
PAPILA-403,7655,588,0.0768125408229915,7067,92.31874591770085,True,False,347.56349186104046,0.3459591329106397,1.0658144901448192,0.7963184085714623,93.25483399593904,0.4324671877265349,1.109078204909319,0.8496586505959528
PAPILA-404,8907,2836,0.31840125743797015,6071,68.159874256203,True,False,376.63455967290594,0.3753699520243663,1.0788940496902995,0.7890435613717434,212.0243866176395,0.5384374022683875,1.186710487919326,0.7927649844179684
PAPILA-405,10103,816,0.08076808868652875,9287,91.92319113134712,True,False,400.73506473629425,0.4164551111530221,1.0999209075986365,0.7905794592839939,113.18376618407356,0.4849051110345083,1.1434232760057688,0.8004454510211301
PAPILA-406,9245,440,0.047593293672255274,8805,95.24067063277447,True,False,384.36248173426384,0.5402717604637507,1.1883674084545655,0.7863842411505052,84.18376618407356,0.697003746898707,1.3945688824546103,0.780199806354314
PAPILA-407,8971,1096,0.12217144131089065,7875,87.78285586891094,True,False,377.2914139223983,0.311253148209794,1.052269335504876,0.7919483835093197,127.63961030678928,0.2572341727722798,1.0348227172275848,0.845375152914342
PAPILA-408,11032,1971,0.1786620739666425,9061,82.13379260333575,True,False,411.36248173426384,0.3907675432872335,1.0863786209340234,0.8192468089044754,177.53910524340094,0.6273617091574584,1.2841454397137717,0.7857935047752719
PAPILA-409,8260,515,0.06234866828087167,7745,93.76513317191282,True,False,362.63455967290594,0.18684753553737116,1.0179267857448988,0.7893171333016076,89.01219330881975,0.6020995169082466,1.2524719896279668,0.816804436974933
PAPILA-41,11107,4454,0.40100837309804627,6653,59.899162690195375,True,False,410.6051224213831,0.44104847869963726,1.1142268845759233,0.8278619266253516,273.35028842544403,0.7075645365259696,1.4151302599257027,0.7490675847716598
PAPILA-410,8538,2059,0.2411571796673694,6479,75.88428203326306,True,False,370.14927829866735,0.5892763008903295,1.237728567946678,0.7830909421268839,184.4386001800126,0.5374225930784504,1.1857992242906925,0.7606109542418766
PAPILA-411,7695,679,0.08823911630929175,7016,91.17608836907083,True,False,351.048773235279,0.29405423410363307,1.0462563143777066,0.7846637126178232,105.01219330881976,0.5371484847662255,1.1855537387231487,0.7737491405029769
PAPILA-412,8062,1150,0.1426445050855867,6912,85.73554949144133,True,False,358.66399692442883,0.33337909024354395,1.0606783731970624,0.7875481034775029,135.1543289325507,0.5172147691015929,1.1684213424518761,0.7911298722684826
PAPILA-413,7185,1439,0.20027835768963118,5746,79.97216423103688,True,False,336.048773235279,0.2122096706210335,1.023306670673878,0.7995249259654482,155.78174593052023,0.6554514725344945,1.3240871586434582,0.7451393937966783
PAPILA-414,8071,1310,0.1623095031594598,6761,83.76904968405402,True,False,361.91273426595797,0.5347011664916914,1.1833742271919492,0.7743360564912949,144.4680374315355,0.5184436413535043,1.1694377271314569,0.7887468060510483
PAPILA-415,6899,1383,0.20046383533845485,5516,79.95361646615451,True,False,332.24978336205567,0.33114420951314344,1.05979337598564,0.785356054355669,152.0893577750951,0.6363339835901587,1.2963213248509984,0.7513363351121123
PAPILA-416,10119,2734,0.27018480086965113,7385,72.98151991303489,True,False,400.2264427649427,0.47341441149992397,1.1352801872874798,0.7938453444589937,207.58073580374355,0.5114933330021619,1.1637551997035864,0.7973229779702512
PAPILA-417,7892,1472,0.1865179929042068,6420,81.34820070957932,True,False,354.4629867976521,0.3215441565739305,1.0560837665461629,0.7893237223990056,158.8111831820431,0.4301526019825721,1.1077187958574717,0.7334246652542389
PAPILA-418,8154,212,0.025999509443218053,7942,97.4000490556782,True,False,362.32085117392114,0.4497347393324295,1.1196175029970656,0.7805377555867581,54.384776310850235,0.5088033885839568,1.1615983690012042,0.9007225420046643
PAPILA-419,8294,619,0.0746322642874367,7675,92.53677357125632,True,False,368.77669529663683,0.28639947155626744,1.0437211689800643,0.7663849342447197,97.90559159102153,0.35540027165582494,1.069845727791356,0.8114943886641531
PAPILA-42,9078,6110,0.6730557391495924,2968,32.69442608504075,True,False,377.1198410471445,0.4010044138478274,1.0916123417189876,0.802123570217147,310.62236636408613,0.585910234155932,1.2339951437663041,0.7957664525694076
PAPILA-420,9310,282,0.03029001074113856,9028,96.97099892588614,True,False,383.1198410471445,0.06932921137267713,1.0024119681812198,0.7970586096653357,66.45584412271572,0.28993190503173893,1.0448804609918723,0.8024031312247211
PAPILA-421,7028,1465,0.20845190665907798,5563,79.1548093340922,True,False,332.5929291125633,0.5776682545583813,1.2250823781476523,0.7983909270831355,154.0538238691624,0.238313446772487,1.0296664476654034,0.775715596316162
PAPILA-422,9868,1153,0.11684231860559384,8715,88.31576813944062,True,False,396.8772003600252,0.6815263786490656,1.3665056275911693,0.7872754411253089,138.1543289325507,0.7054989214698841,1.4110124009253886,0.7591195496633437
PAPILA-423,8229,1353,0.16441851986875683,6876,83.55814801312431,True,False,360.6995308303615,0.42020061158793526,1.1020118787746793,0.7948144817867797,151.5391052434009,0.511217813242557,1.1635332081919665,0.7403860430745558
PAPILA-424,10999,1325,0.12046549686335122,9674,87.95345031366489,True,False,420.747258045114,0.54385889011864,1.1916441657529635,0.7807652528026336,145.39696961967,0.38244777238264116,1.0822778922147915,0.7876169109011266
PAPILA-425,9208,1093,0.11870112945264986,8115,88.12988705473501,True,False,374.3919189857867,0.4172587311263498,1.1003669603561268,0.8255098169563205,130.49747468305833,0.4756799408017974,1.1368565714948742,0.8065398143286583
PAPILA-426,7909,1349,0.17056517891010242,6560,82.94348210898977,True,False,354.2914139223983,0.5385046819226043,1.1867710378545724,0.791790313559554,144.81118318204307,0.4113405250064515,1.0971146760450279,0.8083838150648254
PAPILA-427,5865,1610,0.27450980392156865,4255,72.54901960784314,True,False,306.45079348883235,0.4225189933925407,1.1033215749664578,0.7847952757890709,166.1959594928933,0.6210550517283178,1.2758894815350654,0.7324783923118807
PAPILA-428,8417,1558,0.18510158013544017,6859,81.48984198645599,True,False,364.73506473629425,0.4296265609026784,1.107411551130874,0.7950824302961952,165.91778489984128,0.7147425422564818,1.4298221971580678,0.711199488092515
PAPILA-429,5487,436,0.07946054310187717,5051,92.0539456898123,True,False,299.30865786510145,0.6057405825469488,1.2568147537813257,0.7696730236392311,86.18376618407356,0.668498230331267,1.3446033818907182,0.7376416253087322
PAPILA-43,8143,1189,0.14601498219329487,6954,85.39850178067051,True,False,355.4629867976521,0.26246316270818004,1.0363317035136614,0.8098517543312516,135.63961030678928,0.3245646435150135,1.057234984084736,0.8121170939426345
PAPILA-430,9511,1791,0.18830827462937652,7720,81.16917253706235,True,False,388.60512242138304,0.489392105576535,1.1467050198178905,0.7914418363330629,168.39696961967,0.4725945748119658,1.1347131960487378,0.7936644104072609
PAPILA-431,9492,1889,0.19900969237252422,7603,80.09903076274757,True,False,383.84776310850236,0.40665270785874946,1.0945915076321062,0.8095609761878854,171.0243866176395,0.2684129614446163,1.0380939574426336,0.8115695406019223
PAPILA-432,9423,1515,0.16077682266794013,7908,83.92231773320599,True,False,383.3624817342638,0.46605333335789356,1.130254319165054,0.8057120140150462,158.29646455628165,0.6534174765143614,1.321007880306096,0.7597663701016415
PAPILA-433,9906,1887,0.19049061175045426,8019,80.95093882495458,True,False,394.7766952966369,0.5433810096667985,1.1912048121524568,0.7987395205072226,173.3319984622144,0.23638479307372354,1.0291670856067288,0.7892676008544525
PAPILA-434,8379,505,0.06026972192385726,7874,93.97302780761427,True,False,363.63455967290594,0.5090213322195032,1.1617722502207795,0.7962908971626174,90.01219330881975,0.5854824901529809,1.2335246559559785,0.7832466638862872
PAPILA-435,5313,352,0.06625258799171843,4961,93.37474120082815,True,False,292.0071426749364,0.4123242705284962,1.0976500745668283,0.7830017461250479,75.94112549695429,0.5854607398326588,1.233500755709296,0.7670054833427409
PAPILA-436,7415,1715,0.23128792987188132,5700,76.87120701281187,True,False,343.0071426749364,0.5084038452693755,1.1612799985757922,0.7919808707068843,163.1543289325507,0.19421237804440994,1.0194100714515975,0.8096117188354294
PAPILA-437,8244,1172,0.14216399805919458,7072,85.78360019408055,True,False,362.7056274847714,0.26274311441797576,1.0364135369574639,0.7874795046765396,136.49747468305833,0.2142540111112717,1.0237741045606252,0.7904751877895939
PAPILA-438,7318,883,0.12066138289150041,6435,87.93386171084995,True,False,340.27922061357856,0.5842808578774376,1.2322076518137755,0.7942027935850263,121.0477272147525,0.7592205019216304,1.5364913115464975,0.7572813973064249
PAPILA-439,6876,584,0.08493310063990692,6292,91.50668993600931,True,False,329.97770542341357,0.497418389367549,1.1527234335705225,0.7935540921812514,98.01219330881975,0.42648948874456505,1.1055923399764442,0.7639457080508716
PAPILA-44,13535,4238,0.3131141485038788,9297,68.68858514961211,True,False,464.5462479183374,0.3253966656237225,1.0575546555644024,0.7881524152389732,265.072113832392,0.4857143755253909,1.1440108536193325,0.7579537981746028
PAPILA-440,7444,1867,0.25080601826974747,5577,74.91939817302526,True,False,341.8772003600252,0.4347743485618456,1.1104455464845477,0.8003426312935219,172.19595949289334,0.600843681591621,1.250990560690744,0.7912400624935874
PAPILA-441,6341,114,0.01797823687115597,6227,98.2021763128844,True,False,316.0071426749364,0.3188134011826502,1.0550554288471439,0.7979465826587315,40.72792206135786,0.6310760453776328,1.289123328233175,0.8636349504131527
PAPILA-442,8820,375,0.04251700680272109,8445,95.74829931972789,True,False,377.36248173426384,0.632060902388568,1.2904579279928938,0.7783250538328986,78.31980515339464,0.6442624522943575,1.3075237216903568,0.7682418029136368
PAPILA-443,7940,1748,0.22015113350125945,6192,77.98488664987406,True,False,355.5340546095176,0.4072152849999355,1.0948918668794758,0.7893469861017524,168.63961030678928,0.3169143513274029,1.0543472125552809,0.7723819434383186
PAPILA-444,7758,254,0.03274039700953854,7504,96.72596029904614,True,False,348.1198410471445,0.35944382219152143,1.0716198638866146,0.8044556128435164,60.45584412271572,0.30882126954608086,1.051391944812016,0.8733071216495032
PAPILA-445,6163,607,0.09849099464546487,5556,90.15090053545352,True,False,312.4213562373095,0.36228114866366506,1.072882098548659,0.7934519010898552,94.698484809835,0.4203541731642589,1.1020982618139765,0.8505747663518838
PAPILA-446,5515,3023,0.5481414324569356,2492,45.185856754306435,True,False,290.86500705120545,0.4398998238197909,1.1135276515593828,0.8191669630379859,219.23759005323592,0.4427284779690316,1.1152552408060183,0.7903472967911199
PAPILA-447,8560,1267,0.14801401869158878,7293,85.19859813084112,True,False,369.6406563273158,0.46162452598239573,1.1272998663258909,0.7872708355548138,146.46803743153546,0.746386737362729,1.502601462378151,0.7421654865701051
PAPILA-448,9890,2022,0.2044489383215369,7868,79.55510616784632,True,False,403.3330444827409,0.5394081180069992,1.187585740095237,0.7639739433639398,188.29646455628165,0.7521178693251606,1.5173848034882735,0.7166493043985075
PAPILA-449,8672,2515,0.2900138376383764,6157,70.99861623616236,True,False,362.97770542341357,0.41176277453050875,1.0973442305801582,0.827121350462834,197.0243866176395,0.4559719971492789,1.123602926006635,0.8141564824893919
PAPILA-45,7626,1505,0.1973511670600577,6121,80.26488329399423,True,False,340.91273426595797,0.22291691283358472,1.0258120490530462,0.8245561155582409,157.46803743153546,0.5987775469049942,1.2485713501323232,0.7627136772457792
PAPILA-450,6522,324,0.04967801287948482,6198,95.03219871205152,True,False,321.4213562373095,0.4814129683416443,1.140909254289658,0.7933068420307691,70.45584412271572,0.5248909912066426,1.1748541842397227,0.820202009981777
PAPILA-451,7990,1319,0.16508135168961202,6671,83.4918648310388,True,False,356.5990257669732,0.5157570991602385,1.1672222650829742,0.7895803626964559,145.39696961967,0.7107467073724005,1.4215691429069282,0.7840503437574233
PAPILA-452,9045,1120,0.1238253178551686,7925,87.61746821448314,True,False,370.14927829866735,0.36416833054327247,1.0737296372814313,0.8295921259706799,134.3259018078045,0.49099620642644065,1.147892507579611,0.7800247030850466
PAPILA-453,8853,555,0.0626906133514063,8298,93.73093866485937,True,False,377.6761902332486,0.589421978821056,1.2378913956719904,0.7799398581408056,96.87005768508881,0.6195872739443102,1.2740025687372811,0.7432308540998365
PAPILA-454,8100,1645,0.20308641975308642,6455,79.69135802469137,True,False,362.49242404917493,0.4393433098626163,1.1131900064194111,0.7746348188418583,159.63961030678928,0.5325931266679899,1.181514391610955,0.8111374411342553
PAPILA-455,8202,853,0.10399902462813948,7349,89.60009753718606,True,False,363.32085117392114,0.4047915526435657,1.093602547856011,0.7808165016086246,112.08326112068524,0.12488897830042558,1.007891058526457,0.8532521243508213
PAPILA-456,7454,328,0.044003219747786426,7126,95.59967802522135,True,False,338.22034611053283,0.4285480914871417,1.1067836212323032,0.8188414019510905,74.14823227814082,0.4110045026021493,1.096932269648161,0.7496906669270462
PAPILA-457,8485,1586,0.1869180907483795,6899,81.30819092516205,True,False,363.8061325481598,0.42974125606411817,1.1074784872777133,0.805604121853166,156.12489168102786,0.47463483869486334,1.1361276254503652,0.8176524584072064
PAPILA-458,8023,1076,0.1341144210395114,6947,86.58855789604885,True,False,347.14927829866735,0.38132414528625536,1.081734335351707,0.8365928003913047,132.94722215136414,0.5505382260815461,1.197877425323029,0.7650038141272223
PAPILA-459,5876,529,0.09002722940776038,5347,90.99727705922396,True,False,297.27922061357856,0.47918965480874703,1.1393266824398207,0.8355309536892441,93.56244584051393,0.5169113151564498,1.1681711378966322,0.7593856804105458
PAPILA-46,9136,2386,0.2611646234676007,6750,73.88353765323993,True,False,380.7056274847714,0.38569825633794835,1.0838639977146116,0.7921134031879624,195.0243866176395,0.4194686145130785,1.1016008205248176,0.788319849564483
PAPILA-460,7666,372,0.04852595877902426,7294,95.14740412209758,True,False,339.8355697996826,0.4216253091112154,1.1028153096777942,0.8341439647833568,76.11269837220809,0.5920379224372451,1.2408331810007078,0.8069350241757575
PAPILA-461,7365,824,0.1118805159538357,6541,88.81194840461643,True,False,336.5929291125633,0.45662860417878265,1.1240281731083492,0.8169070392736724,112.84062043356595,0.6269160460448233,1.2835539966569545,0.8132164310132847
PAPILA-462,8936,1587,0.17759623992837958,7349,82.24037600716204,True,False,365.8061325481597,0.5177241248522374,1.1688420098543704,0.8391721461316521,163.5035713374682,0.2559092604613255,1.0344462243908128,0.7459887951576833
PAPILA-463,5114,751,0.1468517794290184,4363,85.31482205709816,True,False,286.62236636408613,0.1907836560094073,1.018711583756416,0.7822587564436213,110.01219330881976,0.6341813422979542,1.2933526289202177,0.7797729299816369
PAPILA-464,7391,1011,0.13678798538763362,6380,86.32120146123664,True,False,345.49242404917493,0.4386208718472995,1.1127527870741918,0.7781010638006399,128.42640687119285,0.6991759051241266,1.3986998237825916,0.7702866226324262
PAPILA-465,6975,192,0.027526881720430108,6783,97.24731182795698,True,False,332.8355697996826,0.4364951623620549,1.1114734465468472,0.7912151793536802,51.798989873223334,0.5260969020665992,1.1758831598725117,0.8992252874089107
PAPILA-466,8516,932,0.10944105213715359,7584,89.05589478628464,True,False,363.90663761154804,0.314466728696542,1.0534427348466604,0.8081008480259634,122.29036790187179,0.322119645636226,1.0563019872026387,0.7831433658415148
PAPILA-467,12137,989,0.08148636401087583,11148,91.85136359891241,True,False,435.54015126392744,0.4347515186264688,1.1104319558097797,0.8040162395371208,125.56854249492379,0.6461632659509255,1.3102738934322027,0.7882145528053914
PAPILA-468,9568,160,0.016722408026755852,9408,98.32775919732441,True,False,390.1198410471445,0.5507487613916973,1.1980767407806685,0.7900143017881396,54.07716446627535,0.7437353215054577,1.495944020995237,0.6875464183613087
PAPILA-469,9961,329,0.03302881236823612,9632,96.69711876317639,True,False,407.26197667087547,0.3432967340308587,1.064705340567283,0.7546838816029788,70.90559159102153,0.4758730157756958,1.1369915682508072,0.8223274587984252
PAPILA-47,7753,913,0.1177608667612537,6840,88.22391332387463,True,False,353.7056274847714,0.4067133446186271,1.0946238496791367,0.7787457848191459,121.25483399593904,0.5619181344168765,1.2089079356057486,0.7803375734126963
PAPILA-470,9640,212,0.02199170124481328,9428,97.80082987551867,True,False,393.94826817189073,0.4739237544858483,1.1356333681547532,0.7805639804865144,55.62741699796952,0.6394747642722856,1.3007079574864404,0.860930187623537
PAPILA-471,10920,4117,0.377014652014652,6803,62.2985347985348,True,False,412.46298679765215,0.3962569002738205,1.0891588976771343,0.8066080235031555,254.55129855222071,0.26465362038917084,1.0369748534167602,0.7984359761758429
PAPILA-472,9878,1016,0.10285482891273537,8862,89.71451710872647,True,False,398.01933598375615,0.5893395072860594,1.2377992024201374,0.7835569086900035,124.01219330881975,0.6639957022915767,1.3373697131734046,0.8301848329310908
PAPILA-473,8883,1216,0.13689069008217944,7667,86.31093099178206,True,False,379.14927829866735,0.380067602994072,1.0811293391255123,0.7765135863729697,140.7462120245875,0.3826081647443051,1.082355679758396,0.7713829020863114
PAPILA-474,5299,390,0.0735987922249481,4909,92.64012077750519,True,False,289.45079348883235,0.4423858944587636,1.115044990882731,0.7947934778891781,76.5269119345812,0.38736368793195536,1.0846845919460895,0.8368470577984233
PAPILA-475,9545,754,0.0789942378208486,8791,92.10057621791515,True,False,381.8772003600252,0.35524950923380044,1.0697801370912496,0.8225046024537036,117.49747468305833,0.5887084551435514,1.2370948694616462,0.6863160331548323
PAPILA-476,7519,807,0.1073281021412422,6712,89.26718978587577,True,False,343.048773235279,0.5225050341264693,1.1728331498986901,0.8028939911046623,112.32590180780451,0.565810844941356,1.2128046846126814,0.8037547836971888
PAPILA-477,9674,195,0.020157122183171387,9479,97.98428778168287,True,False,389.22034611053283,0.6069634902476946,1.2582894282888384,0.8024627431509556,55.2842712474619,0.40684280356179403,1.0946929253989959,0.8017542986811119
PAPILA-478,6110,319,0.05220949263502455,5791,94.77905073649755,True,False,313.90663761154804,0.6225045109439061,1.277765507326309,0.7792020316037547,68.62741699796952,0.6434759626740558,1.3063932079466383,0.8511483090342891
PAPILA-479,7163,1186,0.16557308390339243,5977,83.44269160966076,True,False,335.56349186104046,0.3937251979718532,1.0878691591383682,0.7993839148745419,142.05382386916236,0.7297365707609805,1.46256903591416,0.7385649534194231
PAPILA-48,8181,3913,0.47830338589414495,4268,52.1696614105855,True,False,364.8355697996826,0.3817368764643212,1.0819337139105942,0.7723637985764968,247.3086578651014,0.6140572406068172,1.26700720626306,0.8039722721473566
PAPILA-480,7268,584,0.08035222894881673,6684,91.96477710511832,True,False,346.9777054234135,0.4538888109497735,1.1222609861081283,0.7586153765588212,91.698484809835,0.575282155567811,1.222561089013086,0.8727671507709723
PAPILA-481,7235,202,0.02791983413959917,7033,97.20801658604007,True,False,334.35028842544403,0.34731456042291303,1.0663837934973186,0.8132891811930523,53.87005768508881,0.40724223482171273,1.0949062719901472,0.8747145532943961
PAPILA-482,8034,592,0.07368683096838437,7442,92.63131690316156,True,False,352.73506473629425,0.3940836302663978,1.0880509771234643,0.8114175990137935,99.59797974644664,0.3825957003413352,1.0823496329667759,0.7499468965369495
PAPILA-483,6994,1242,0.1775807835287389,5752,82.2419216471261,True,False,336.97770542341357,0.28602185577715483,1.043598308351986,0.7739860880047001,139.81118318204307,0.746895952052526,1.5038929909915018,0.7984498392393704
PAPILA-484,9958,1305,0.1310504117292629,8653,86.89495882707371,True,False,407.01933598375615,0.4895363008199306,1.1468114555553364,0.7553563822936629,140.8111831820431,0.42213328501628833,1.103102857125257,0.8270772599036077
PAPILA-485,10367,1332,0.12848461464261599,9035,87.15153853573841,True,False,403.5340546095176,0.2317837328727037,1.0279950375398963,0.8000231981182289,142.81118318204307,0.5361750739130569,1.1846842126894404,0.8207098661358229
PAPILA-486,6544,651,0.09948044009779951,5893,90.05195599022005,True,False,323.7645019878171,0.3719300057484784,1.0772834793487984,0.7845031540653107,100.01219330881975,0.5705695003939781,1.2176570207472812,0.8178712636970744
PAPILA-487,7549,1651,0.21870446416743938,5898,78.12955358325607,True,False,346.73506473629425,0.3655088936606974,1.074335592320444,0.7890486165104933,163.71067811865476,0.526156264203505,1.175933943113882,0.7741104361433339
PAPILA-488,8205,3894,0.47458866544789763,4311,52.54113345521024,True,False,358.14927829866735,0.26068743412170087,1.035815114881845,0.8038227410342611,243.16652224137047,0.5698673421533397,1.2169348088179939,0.8275576240701773
PAPILA-49,9994,4848,0.4850910546327797,5146,51.49089453672203,True,False,409.0904037956217,0.5116810099177593,1.1639065558721058,0.7504307554572193,279.96551211459376,0.4283199116897877,1.1066511043262706,0.7772547844813903
PAPILA-5,6477,578,0.08923884514435695,5899,91.0761154855643,True,False,317.936074863071,0.42266302083489643,1.1034033310542288,0.8052007014181901,94.42640687119285,0.5332305562665128,1.1820750698428497,0.8146119451644629
PAPILA-50,9036,253,0.027999114652501107,8783,97.20008853474988,True,False,374.73506473629425,0.24146242573976076,1.0304920862230071,0.8086068584400303,64.21320343559643,0.748342312201722,1.5075845042120695,0.7710485282927947
PAPILA-51,8650,1178,0.13618497109826588,7472,86.38150289017341,True,False,369.56349186104046,0.5281112818362015,1.1776133265575985,0.7958804697709913,131.0538238691624,0.49811444222940504,1.1532544931158784,0.8618977757958889
PAPILA-52,12783,3965,0.3101775795979035,8818,68.98224204020966,True,False,448.3746750430835,0.41038464987377354,1.0965964180392567,0.7990252489076191,254.89444430272832,0.6001697023748988,1.250198945579642,0.7668886608164704
PAPILA-53,7220,358,0.04958448753462604,6862,95.0415512465374,True,False,343.3208511739212,0.3617233572351028,1.072632818382164,0.7697446878600795,74.62741699796952,0.5893728591335656,1.2378364817378809,0.8077855321740909
PAPILA-54,8746,1059,0.12108392407957924,7687,87.89160759204208,True,False,371.60512242138304,0.5096002608890995,1.1622348764849684,0.7958953240045827,137.36143571373725,0.7262474184588628,1.4546863620592236,0.7053037309595023
PAPILA-55,7514,305,0.04059089699228108,7209,95.9409103007719,True,False,349.63455967290594,0.5025057547912891,1.156639174024312,0.7724179306558671,70.35533905932738,0.43556886716179516,1.1109192801707641,0.7743112740299938
PAPILA-56,6546,2799,0.42758936755270394,3747,57.24106324472961,True,False,320.83556979968256,0.34409549141691953,1.0650368383251914,0.7991362720398397,217.40916292848976,0.787606931099395,1.6229076782593153,0.7441441546380878
PAPILA-57,8988,1950,0.21695594125500667,7038,78.30440587449932,True,False,377.19090885900994,0.3438281685933639,1.0649257745984098,0.793872017804981,180.6101730552664,0.32531881890121284,1.057524699035514,0.7512077467170155
PAPILA-58,9888,1174,0.11872977346278317,8714,88.12702265372168,True,False,394.19090885901,0.5063043850195801,1.1596154550985567,0.7996595233420523,136.3259018078045,0.544221233214587,1.1919778786933706,0.793818475232864
PAPILA-59,10371,4349,0.4193423970687494,6022,58.06576029312506,True,False,404.01933598375615,0.5328894123941178,1.1817748196196545,0.7984104217591708,259.5512985522207,0.47884881296166926,1.1390852961325502,0.8112465439425781
PAPILA-6,7760,2276,0.29329896907216496,5484,70.6701030927835,True,False,349.32085117392114,0.3253582116410162,1.0575398567095364,0.7991394416278355,188.19595949289334,0.23539002489152341,1.0289113904877987,0.8075353294616181
PAPILA-60,9334,1954,0.2093421898435826,7380,79.06578101564175,True,False,378.8061325481597,0.268127767289132,1.0380083779706044,0.8174169858719917,174.36753236814712,0.22027453971805072,1.0251805717485345,0.8076127755707291
PAPILA-61,7791,2559,0.32845591066615326,5232,67.15440893338467,True,False,354.97770542341357,0.6187036089483169,1.272872738425413,0.7769640289621764,202.6812408671319,0.5868128952360105,1.234990906784586,0.7828040085862787
PAPILA-62,7041,617,0.08762959806845619,6424,91.23704019315439,True,False,326.4213562373095,0.587126083348662,1.2353373202581117,0.8303994991548919,95.18376618407356,0.5757785972155574,1.223083517046391,0.8557940418675677
PAPILA-63,8519,1650,0.19368470477755606,6869,80.63152952224439,True,False,364.9066376115481,0.4921404902876167,1.148744242606515,0.8039609521314475,169.36753236814712,0.8005920916555647,1.6688647510181667,0.7228255380468288
PAPILA-64,7922,963,0.12156021206765968,6959,87.84397879323403,True,False,356.53405460951757,0.4055771563030561,1.094019112869372,0.783145876977941,126.91168824543142,0.6293798756842766,1.2868393340807471,0.7513337683211312
PAPILA-65,7857,701,0.0892198039964363,7156,91.07801960035637,True,False,351.73506473629425,0.5219297799580701,1.1723488094627912,0.7980595260427551,106.94112549695427,0.7347471085562931,1.4741845336290471,0.7702618368688029
PAPILA-66,12107,3327,0.2747997026513587,8780,72.52002973486414,True,False,439.30360723121805,0.5167659799087168,1.168051414622986,0.7883459986980911,228.75230867899734,0.627083388985794,1.283775933702654,0.7989722454773703
PAPILA-67,6509,1949,0.2994315563066523,4560,70.05684436933477,True,False,318.9655121145938,0.13980106766716055,1.0099177858006674,0.8039641435663318,183.61017305526644,0.6179741349480793,1.2719435248228663,0.7264876289366939
PAPILA-68,9995,1962,0.19629814907453727,8033,80.37018509254628,True,False,398.5340546095176,0.334999296037738,1.061325084984882,0.7907911260531215,180.12489168102786,0.5677412569108927,1.2147612033885375,0.7599086739059459
PAPILA-69,9310,1997,0.21450053705692804,7313,78.54994629430719,True,False,385.7766952966369,0.5696448866481937,1.2167064531276506,0.7861176878295103,187.12489168102783,0.7230748134725328,1.44766043242574,0.7166792078354729
PAPILA-7,10210,2436,0.2385896180215475,7774,76.14103819784525,True,False,396.8772003600252,0.276847839151854,1.040676105292158,0.8145604229721731,192.58073580374355,0.6061416381365441,1.2572974778528376,0.8253942984161154
PAPILA-70,8633,1521,0.1761844086644272,7112,82.38155913355727,True,False,371.73506473629425,0.2918168756534362,1.0455064980892073,0.7850630682199425,154.49747468305833,0.28190978428204394,1.0422736638720982,0.800748820896465
PAPILA-71,10581,4334,0.4096021170021737,6247,59.03978829978263,True,False,410.33304448274095,0.37004025096139265,1.0764080475404398,0.789702646449066,263.7228714274745,0.5266457464803896,1.1763531560225267,0.7830746761963981
PAPILA-72,7061,1423,0.2015295283954114,5638,79.84704716045886,True,False,328.35028842544403,0.36399214736857777,1.0736502413608089,0.8230027214189564,149.22539674441617,0.5398624848838054,1.1879966317160642,0.8030253949500378
PAPILA-73,8528,1092,0.12804878048780488,7436,87.1951219512195,True,False,373.94826817189073,0.26814729501368995,1.0380142341651892,0.76636207241384,130.22539674441617,0.4721153984475128,1.1343826496656337,0.8091725171985906
PAPILA-74,8610,1745,0.20267131242741,6865,79.732868757259,True,False,366.8772003600252,0.47767912577036353,1.1382593844720732,0.8038436194556069,167.4680374315355,0.32773099888014456,1.0584574632510524,0.7818823933374254
PAPILA-75,5242,1397,0.2665013353681801,3845,73.349866463182,True,False,289.9655121145938,0.37073708454809,1.076730089484378,0.7834552349934585,146.91168824543144,0.4739554386272153,1.1356553615352345,0.8133801530426611
PAPILA-76,10534,1921,0.18236187583064364,8613,81.76381241693564,True,False,412.7766952966369,0.3608229774291192,1.0722316090975472,0.7769138050727896,174.74621202458746,0.29364860210416616,1.0461198280065847,0.7905360661149224
PAPILA-77,5796,699,0.12060041407867494,5097,87.93995859213251,True,False,305.86500705120545,0.6033827803938742,1.2539944361473354,0.7785359175034126,104.66904755831214,0.37408574560595964,1.0782902088560138,0.801771279452412
PAPILA-78,7656,2834,0.37016718913270635,4822,62.983281086729356,True,False,341.62846301849606,0.30146233679537615,1.0487918025874545,0.824334914436689,211.6812408671319,0.3363002958764716,1.0618475166526984,0.7947764034020823
PAPILA-79,14678,755,0.05143752554843984,13923,94.85624744515601,True,False,486.9310242291875,0.4193328903097067,1.101524732858904,0.7779323922695586,106.18376618407356,0.5095018075818593,1.1621561255777375,0.8414737362719495
PAPILA-8,9273,5172,0.5577483015205436,4101,44.22516984794565,True,False,381.60512242138304,0.4386228432866649,1.1127539785094929,0.800205868918946,288.1076477383248,0.5352373176266703,1.1838498296798372,0.7829946721075141
PAPILA-80,7758,1664,0.21448827017272493,6094,78.55117298272751,True,False,345.69343417595167,0.5234050158021061,1.1735931763322127,0.8157881214259598,162.63961030678928,0.6108475020634034,1.2630276982793702,0.7905157660031865
PAPILA-81,8319,2827,0.33982449813679527,5492,66.01755018632048,True,False,364.8355697996826,0.5385071487830803,1.186773258284649,0.7853923041630458,208.46803743153546,0.7365214903156557,1.4783842247550205,0.8174415649645116
PAPILA-82,8746,2175,0.24868511319460324,6571,75.13148868053968,True,False,371.04877323527904,0.28628522369244636,1.0436839757470429,0.798283838457904,186.78174593052023,0.5799336552241438,1.2275003677969711,0.7834301191117996
PAPILA-83,6901,1220,0.17678597304738444,5681,82.32140269526155,True,False,330.35028842544403,0.5358940276718902,1.1844338090381397,0.7946438210617849,138.59797974644664,0.7132339415520311,1.4266840027538417,0.7980973980270926
PAPILA-84,7560,2587,0.3421957671957672,4973,65.78042328042328,True,False,344.0782104868019,0.3991716355184324,1.0906597604373993,0.8024487739868704,202.7523086789974,0.555242267021961,1.202373014961928,0.7908145961891744
PAPILA-85,9086,265,0.029165749504732556,8821,97.08342504952674,True,False,375.11984104714446,0.3272994641670114,1.0582899055734842,0.8114140530936611,63.142135623730944,0.5958041530548687,1.245128807269234,0.835251385124263
PAPILA-86,6892,1526,0.22141613464886825,5366,77.85838653511318,True,False,333.2203461105329,0.5900229045106771,1.238564170904217,0.7799955240182087,157.63961030678928,0.5763169520082414,1.2236513201603354,0.7716736883919234
PAPILA-87,9426,1838,0.19499257373223,7588,80.500742626777,True,False,386.77669529663683,0.3292040142670842,1.0590316765161787,0.791802197447895,173.12489168102786,0.4115693540795597,1.097239031084611,0.770613018726929
PAPILA-88,5864,570,0.09720327421555253,5294,90.27967257844475,True,False,303.5218613006978,0.5750779799671244,1.2223465506075075,0.7998782210693102,96.56244584051393,0.49565138336680226,1.1513818908940632,0.7681892133449432
PAPILA-89,8918,440,0.04933841668535546,8478,95.06615833146445,True,False,378.63455967290594,0.5675066520388119,1.2145225638002841,0.7816940912057124,81.45584412271572,0.538218550967999,1.1865136438401889,0.8333319696969019
PAPILA-9,8810,3071,0.3485811577752554,5739,65.14188422247446,True,False,372.22034611053283,0.39378074911917355,1.0878973211541605,0.7990713417201379,225.89444430272832,0.7130805587093606,1.4263664612870353,0.7562729736592483
PAPILA-90,8490,448,0.05276796230859835,8042,94.72320376914016,True,False,376.3624817342638,0.25670838517088584,1.0346730252426868,0.7531906273526787,80.2842712474619,0.468462350276889,1.1318831011729527,0.8734276553678861
PAPILA-91,7087,1746,0.246366586708057,5341,75.3633413291943,True,False,332.32085117392114,0.2173178156528809,1.0244842515666184,0.8064122449376783,174.68124086713192,0.5773783342399447,1.224774640681528,0.7190540996871857
PAPILA-92,6468,1007,0.1556895485466914,5461,84.43104514533087,True,False,315.62846301849606,0.3203104354861994,1.0556177179635764,0.8158823803363191,124.88225099390857,0.31467834151908597,1.0535205642509502,0.811405408240146
PAPILA-93,8014,874,0.10905914649363614,7140,89.09408535063639,True,False,352.4213562373095,0.32297104916604125,1.0566257971474984,0.8108392546914952,119.08326112068524,0.5597840378097235,1.2067988042682767,0.774497210469258
PAPILA-94,10494,2667,0.25414522584333904,7827,74.58547741566609,True,False,403.747258045114,0.38875460661777006,1.0853740756681232,0.8089687623228967,206.2670273047588,0.33857072493170653,1.062765951516774,0.7877225179484998
PAPILA-95,7652,874,0.11421850496602196,6778,88.57814950339781,True,False,354.4629867976521,0.6513873146669176,1.3179651746974386,0.7653199599337546,115.84062043356595,0.5115606859694743,1.1638095048020043,0.818463934119359
PAPILA-96,6770,777,0.11477104874446085,5993,88.52289512555392,True,False,322.14927829866735,0.20088888461701426,1.0208102018444747,0.8197552509241933,108.18376618407356,0.5532306286977221,1.2004396485448752,0.83427012144361
PAPILA-97,8106,246,0.030347890451517395,7860,96.96521095484826,True,False,358.1787155501902,0.3897659040003136,1.0858777612383868,0.7939934394587084,61.45584412271571,0.46073670554714824,1.126713760891369,0.8184998319466125
PAPILA-98,8955,2109,0.2355108877721943,6846,76.44891122278057,True,False,378.2914139223983,0.43953101201893613,1.11330380596564,0.7863619405814996,183.71067811865476,0.38873067482067675,1.0853621805520155,0.7852675355295121
PAPILA-99,9194,2189,0.23809005873395692,7005,76.19099412660431,True,False,383.43354954612926,0.4381511062994872,1.1124691468476247,0.7858400225622802,187.2670273047588,0.31776229206165924,1.0546627376451811,0.7843917054470977
REFUGE1-train-1,5305,2246,0.42337417530631477,3059,57.662582469368516,True,False,269.27922061357856,0.4529794738566003,1.1216786381160664,0.9193683928768291,174.61017305526642,0.2826004812765758,1.0424944708016535,0.9257218837304149
REFUGE1-train-10,4299,1934,0.44987206327052803,2365,55.012793672947204,True,False,242.55129855222071,0.40589647666393414,1.0941887991726962,0.9182693760992757,161.78174593052023,0.3057282080053737,1.0502890715768325,0.9285542836460101
REFUGE1-train-100,4125,966,0.23418181818181819,3159,76.58181818181818,True,False,239.37972567696687,0.5854367855476929,1.233474436280249,0.9046052147929259,112.9116882454314,0.17049933081253962,1.0148597881410544,0.9521583678453228
REFUGE1-train-101,4808,942,0.1959234608985025,3866,80.40765391014975,True,False,256.45079348883235,0.4738534768751728,1.1355845951267158,0.9186841608062836,111.84062043356595,0.18149749795724782,1.0168890977326501,0.9463714531287096
REFUGE1-train-102,4941,926,0.187411455171018,4015,81.2588544828982,True,False,260.45079348883235,0.5400714664664972,1.1881858767991387,0.9153208350453839,110.9116882454314,0.20093501973721165,1.0208200618856211,0.9459457248293499
REFUGE1-train-103,4035,931,0.23073110285006196,3104,76.9268897149938,True,False,235.1370849898476,0.27207529012693055,1.0392029255452162,0.9170882797123554,111.49747468305833,0.24828403472763064,1.0323249051448047,0.9410863684922605
REFUGE1-train-104,4114,943,0.2292173067574137,3171,77.07826932425863,True,False,237.37972567696687,0.3596576264515147,1.0717144780821728,0.9174595044958831,112.32590180780451,0.40332428729963676,1.0928279626021178,0.9392078823128239
REFUGE1-train-105,4262,876,0.2055373064289066,3386,79.44626935710933,True,False,241.9655121145938,0.2927925579484743,1.0458325806687094,0.9147793882384487,108.08326112068522,0.0965990257885538,1.0046985948335785,0.9423171395175961
REFUGE1-train-106,4998,1314,0.26290516206482595,3684,73.7094837935174,True,False,260.69343417595167,0.3417164411333656,1.064052668039278,0.9241573661502638,133.0538238691624,0.1033352787566852,1.0053822328178077,0.9327183231264357
REFUGE1-train-107,4530,1205,0.26600441501103755,3325,73.39955849889624,True,False,250.20815280171308,0.532463842770269,1.181400853484405,0.909295732133452,126.81118318204308,0.32953567700791436,1.0591614503679339,0.9416332850352089
REFUGE1-train-108,4273,919,0.21507137842265386,3354,78.4928621577346,True,False,244.79393923933998,0.5382363988926943,1.1865296903508191,0.896068962375925,111.1543289325507,0.34639697944880166,1.0659980503353363,0.9347007975721833
REFUGE1-train-109,4102,792,0.19307654802535348,3310,80.69234519746466,True,False,237.1370849898476,0.3275447188181005,1.058385096988925,0.9166563811759062,102.91168824543142,0.3867453499370433,1.0843792931430092,0.9397355145804962
REFUGE1-train-11,4614,2168,0.46987429562201993,2446,53.012570437798004,True,False,252.79393923933998,0.46018006449916327,1.1263473279516958,0.9073067445256124,172.61017305526642,0.42160828746323126,1.102805684202482,0.9144003127933914
REFUGE1-train-110,4267,857,0.2008436840871807,3410,79.91563159128194,True,False,245.1370849898476,0.6309497916042429,1.2889526886494886,0.8923073534388902,107.49747468305833,0.5473748611228683,1.1949036726523865,0.9319533246710011
REFUGE1-train-111,3934,662,0.1682765632943569,3272,83.1723436705643,True,False,232.3086578651014,0.43825437939328277,1.1125314575564074,0.9160378697643438,93.25483399593904,0.3747859031091468,1.078619044399842,0.9565884807729945
REFUGE1-train-112,5308,1265,0.2383195177091183,4043,76.16804822908817,True,False,269.76450198781714,0.2556302975970721,1.0343672530259702,0.9165816885800482,129.39696961967,0.45050348120372236,1.1201034620826835,0.9494064510232421
REFUGE1-train-113,6134,1409,0.229703293120313,4725,77.0296706879687,True,False,291.1787155501902,0.42530361475195605,1.1049104319688217,0.9091475731781639,138.22539674441617,0.27673837360315695,1.0406419578560722,0.9267128110286627
REFUGE1-train-114,3917,822,0.20985448046974725,3095,79.01455195302528,True,False,230.3086578651014,0.37741911423698793,1.0798639819016025,0.9279891674064559,105.7401153701776,0.46141864942994565,1.1271637724375854,0.9238514009685769
REFUGE1-train-115,3850,882,0.2290909090909091,2968,77.0909090909091,True,False,229.1370849898476,0.37800872060401114,1.0801445262575307,0.9214670831367567,109.49747468305833,0.49618408262313396,1.1517853301255165,0.9244219363527977
REFUGE1-train-116,5206,1347,0.258739915482136,3859,74.12600845178639,True,False,267.5218613006979,0.20058774932910212,1.0207459055564014,0.9141037129678355,135.0538238691624,0.22691506916675871,1.026784125609152,0.9280335765384784
REFUGE1-train-117,5714,1052,0.184109205460273,4662,81.5890794539727,True,False,279.7645019878171,0.19924436379533514,1.0204603970568038,0.9174129874348591,118.5685424949238,0.25370603962928895,1.033825350900756,0.9403437474373997
REFUGE1-train-118,3827,957,0.25006532532009407,2870,74.9934674679906,True,False,229.7228714274745,0.5193417263607627,1.1701837320771358,0.911296818357002,113.1543289325507,0.4650648627483312,1.1295904471837235,0.9392462181649097
REFUGE1-train-119,4170,1139,0.27314148681055156,3031,72.68585131894486,True,False,242.06601717798213,0.5692510298500945,1.216302683548972,0.894289784444294,123.39696961966999,0.09154340723698148,1.0042166183542711,0.9399929561826328
REFUGE1-train-12,3568,1077,0.30184977578475336,2491,69.81502242152466,True,False,221.48023074035524,0.5389902330814066,1.187208520810048,0.9140391023653446,120.5685424949238,0.2639427989652229,1.0367654287534542,0.9310168592866065
REFUGE1-train-120,4372,832,0.19030192131747484,3540,80.96980786825252,True,False,244.79393923933998,0.41789473875042005,1.1007209746406859,0.9168297457307616,104.91168824543142,0.3284668548201425,1.0587438771489461,0.9499165160605798
REFUGE1-train-121,4334,767,0.17697277341947393,3567,82.3027226580526,True,False,243.37972567696687,0.38206978737643893,1.0820947712073714,0.9194539364702766,100.66904755831214,0.10069549720457839,1.0051086744449365,0.9510718083806808
REFUGE1-train-122,3121,587,0.18808074335148992,2534,81.191925664851,True,False,206.40916292848976,0.31405477650531044,1.0532914218676028,0.9205464074761164,88.18376618407356,0.36911155854916716,1.0759802410337482,0.9485728267285971
REFUGE1-train-123,3102,655,0.21115409413281755,2447,78.88459058671825,True,False,206.16652224137044,0.5134474422562818,1.1653367650499074,0.9170971999589804,93.59797974644665,0.20528889525811028,1.021762081446387,0.9395463598720941
REFUGE1-train-124,3514,738,0.21001707455890722,2776,78.99829254410928,True,False,222.3086578651014,0.6109440685264245,1.2631465740616499,0.8935088690611133,100.66904755831214,0.41962232588673193,1.1016870406754065,0.9151121181029237
REFUGE1-train-125,4444,912,0.20522052205220523,3532,79.47794779477948,True,False,248.20815280171308,0.26671327425868574,1.0375855801766476,0.9064666474266158,110.08326112068522,0.23138529469721061,1.0278948116329558,0.9457190319305858
REFUGE1-train-126,5015,1305,0.26021934197407776,3710,73.97806580259221,True,False,263.86500705120545,0.47527603549887626,1.136574496010351,0.9051430119449326,132.22539674441617,0.4339816711864292,1.109974374333874,0.9379736066993443
REFUGE1-train-127,4085,1273,0.3116279069767442,2812,68.83720930232559,True,False,237.1370849898476,0.5413326386719157,1.1893314247653575,0.9128574639452893,131.63961030678928,0.536712685133407,1.1851640170575453,0.9231347331779031
REFUGE1-train-128,4077,869,0.2131469217561933,3208,78.68530782438067,True,False,236.55129855222071,0.4030967827168029,1.092708259320499,0.9155876005481828,107.74011537017762,0.33335895491393364,1.0606703632396495,0.9407511717980572
REFUGE1-train-129,3878,842,0.21712222795255287,3036,78.28777720474471,True,False,230.89444430272832,0.568735270229484,1.2157749719243887,0.9140936717619544,106.32590180780451,0.513631227719833,1.1654861554609688,0.935930942854899
REFUGE1-train-13,3570,1209,0.33865546218487397,2361,66.1344537815126,True,False,221.23759005323592,0.5154501501354205,1.1669706698123101,0.9165586112473224,128.22539674441617,0.6350121507618277,1.294494782730899,0.9240342349540739
REFUGE1-train-130,3740,846,0.22620320855614973,2894,77.37967914438502,True,False,225.48023074035524,0.4391228454666624,1.1130564504712346,0.9244097662219515,106.08326112068522,0.260564552605532,1.035779524828626,0.9446838766372696
REFUGE1-train-131,4382,929,0.2120036513007759,3453,78.79963486992241,True,False,245.6223663640862,0.4767232552757256,1.1375872757928145,0.9127385950799023,110.5685424949238,0.23984396159951923,1.0300661355024898,0.9549099275317346
REFUGE1-train-132,4317,970,0.2246930738939078,3347,77.53069261060922,True,False,242.79393923933998,0.16307527240807287,1.0135679958909587,0.9202720452150176,113.9827560572969,0.32753276937960923,1.0583804567700175,0.9382169843496669
REFUGE1-train-133,4783,1155,0.24148024252561154,3628,75.85197574743884,True,False,255.3797256769669,0.457721156724175,1.1247381882787628,0.9215892763707935,124.22539674441617,0.44480295253977015,1.1165344199597,0.9405265579190502
REFUGE1-train-134,5227,1050,0.20088004591543906,4177,79.9119954084561,True,False,269.27922061357856,0.3443654906563965,1.0651491369533548,0.9058508180145497,118.5685424949238,0.3047272370294162,1.0499352759047003,0.9385560216818152
REFUGE1-train-135,5514,1231,0.2232499093217265,4283,77.67500906782735,True,False,276.0071426749364,0.39552314004818506,1.0887837709242238,0.9095696979268338,127.9827560572969,0.17128156778010833,1.0149995420498323,0.9444196190189152
REFUGE1-train-136,3382,704,0.20816085156712005,2678,79.183914843288,True,False,215.82337649086284,0.38805199372367244,1.0850253146043016,0.9124025743348687,97.01219330881975,0.3771813420317449,1.0797510316563739,0.9400043777872249
REFUGE1-train-137,2961,616,0.20803782505910165,2345,79.19621749408984,True,False,202.75230867899737,0.5924168369157269,1.2412621194978388,0.9051418706285836,90.42640687119285,0.41844198542297495,1.1010262886225015,0.946673080071061
REFUGE1-train-138,3927,722,0.18385536032594857,3205,81.61446396740514,True,False,230.89444430272832,0.41245202435542966,1.0977197553751536,0.925643591802268,98.08326112068522,0.4290809910675248,1.1070935668170967,0.9430989633693926
REFUGE1-train-139,4723,1136,0.2405250899851789,3587,75.9474910014821,True,False,255.62236636408616,0.49318754128412046,1.1495270094895291,0.908301659752416,122.5685424949238,0.13227584612248144,1.0088649527448916,0.9502330944519141
REFUGE1-train-14,5279,3441,0.6518279977268422,1838,34.81720022731578,True,False,268.1076477383248,0.3579749830876028,1.070972057374543,0.9228755097403204,217.23759005323592,0.12452796553795845,1.0078449661077946,0.916272356122356
REFUGE1-train-140,4231,1011,0.2389506026943985,3220,76.10493973056015,True,False,240.79393923933998,0.4227069621181805,1.1034282831579465,0.9169840596734373,117.15432893255071,0.1749915781430829,1.0156718880622442,0.9256447413013418
REFUGE1-train-141,5400,1550,0.28703703703703703,3850,71.29629629629629,True,False,272.69343417595167,0.556625829322384,1.2037122746312088,0.9125449400120365,145.63961030678928,0.25347828160444585,1.0337615376553677,0.9182956895985097
REFUGE1-train-142,5309,1716,0.3232247127519307,3593,67.67752872480693,True,False,270.9360748630709,0.5033795136710941,1.1573197661774228,0.9088431114846519,152.12489168102786,0.26514507176020247,1.0371200503083906,0.931808319222342
REFUGE1-train-143,4957,1204,0.2428888440589066,3753,75.71111559410933,True,False,260.45079348883235,0.3088912620385671,1.0514170704662766,0.9182848369398842,127.39696961966999,0.3158883961740255,1.053966950753787,0.9322194411040192
REFUGE1-train-144,4906,1402,0.2857725234406849,3504,71.42274765593152,True,False,259.96551211459376,0.31168228097411743,1.0524251048091673,0.91223332645273,137.0538238691624,0.41279685966282625,1.0979080131093493,0.9379410928975094
REFUGE1-train-145,4387,991,0.2258946888534306,3396,77.41053111465695,True,False,245.1370849898476,0.3826692055686149,1.0823852964874348,0.9174015372712471,114.91168824543142,0.24917591580958628,1.0325690448045752,0.9430942741010009
REFUGE1-train-146,3613,761,0.2106282867423194,2852,78.93717132576806,True,False,222.06601717798213,0.42667708306826513,1.1057005013812493,0.9206904083112427,100.32590180780451,0.38895578537626035,1.0854741144518212,0.9500979398498349
REFUGE1-train-147,3767,781,0.20732678524024423,2986,79.26732147597558,True,False,226.89444430272832,0.5524430672310839,1.1996871703179246,0.9195127600585955,100.66904755831214,0.22767197082428794,1.0269704124272796,0.9684316588595981
REFUGE1-train-148,4816,294,0.061046511627906974,4522,93.8953488372093,True,False,256.45079348883235,0.45172978607642394,1.120881703155888,0.9202127534199378,63.4558441227157,0.5090269766318565,1.161776755509704,0.9175166267348397
REFUGE1-train-149,4374,712,0.1627800640146319,3662,83.7219935985368,True,False,245.86500705120545,0.42458395340733157,1.1044981467664463,0.9092748922813525,96.66904755831213,0.4676435321598079,1.1313277503331112,0.9574475193918538
REFUGE1-train-15,5906,1415,0.2395868608195056,4491,76.04131391804944,True,False,286.24978336205567,0.48572686942400156,1.144019939774068,0.9057596574943286,141.88225099390854,0.6038472284367125,1.254547622293439,0.8833039322519821
REFUGE1-train-150,3634,726,0.19977985690698954,2908,80.02201430930104,True,False,221.7228714274745,0.35531369828265097,1.069808058302418,0.9289103426105529,98.08326112068524,0.3907296974933143,1.086359660541008,0.9483238883742091
REFUGE1-train-151,4403,967,0.21962298432886668,3436,78.03770156711333,True,False,244.79393923933998,0.36442050032724166,1.073843373656589,0.9233305970842962,113.7401153701776,0.2439470456152325,1.03115261173086,0.9393101369643219
REFUGE1-train-152,4300,959,0.2230232558139535,3341,77.69767441860466,True,False,242.55129855222071,0.335953159931289,1.0617078465645624,0.9184829767915529,114.32590180780451,0.5352973185856125,1.1839031199706551,0.9220175753672388
REFUGE1-train-153,3581,1188,0.3317509075677185,2393,66.82490924322815,True,False,220.40916292848976,0.3003251183492249,1.0483972728236068,0.9263068904835295,126.46803743153546,0.2706611732778625,1.0387725223240385,0.9333934446858553
REFUGE1-train-154,3546,1081,0.3048505358150028,2465,69.51494641849972,True,False,220.06601717798213,0.4609196922779297,1.126834394740066,0.9201160963314702,119.9827560572969,0.34389337296685146,1.0649528536805009,0.9436216371749847
REFUGE1-train-155,3510,886,0.25242165242165243,2624,74.75783475783476,True,False,219.48023074035524,0.46009764650334706,1.1262931407635075,0.9156429676835017,109.1543289325507,0.3911793241300553,1.0865851022787065,0.9344620268443542
REFUGE1-train-156,3451,919,0.2662996232975949,2532,73.3700376702405,True,False,217.58073580374355,0.3126105523916257,1.0527630264935433,0.9160389517836454,111.1543289325507,0.09752229539320388,1.0047894894367775,0.9347007975721833
REFUGE1-train-157,3959,1064,0.26875473604445566,2895,73.12452639555444,True,False,232.3086578651014,0.37308506115387047,1.0778218152176284,0.9218591577013313,119.1543289325507,0.44547413860648133,1.1169505194680476,0.9417417879147377
REFUGE1-train-158,4048,905,0.22356719367588934,3143,77.64328063241108,True,False,234.89444430272832,0.41118155008974755,1.0970283481830914,0.9219447123147426,110.5685424949238,0.37608857822904573,1.079233299231872,0.9302405644953926
REFUGE1-train-159,6155,1582,0.2570268074735987,4573,74.29731925264012,True,False,290.8355697996826,0.43029084167499626,1.1077996423551824,0.9144140284851981,146.12489168102786,0.410398974792448,1.0966041704348664,0.9310391400350405
REFUGE1-train-16,3990,1909,0.47844611528822056,2081,52.15538847117794,True,False,233.1370849898476,0.3732617880773578,1.0779044008021157,0.9224865349327486,160.95331880577405,0.4536708809606509,1.1221212326162022,0.9260105191957543
REFUGE1-train-160,5879,1173,0.1995237285252594,4706,80.04762714747406,True,False,284.5929291125633,0.42069036349218314,1.1022875602592597,0.9121475859328216,126.8111831820431,0.4159940218203761,1.0996656104683176,0.9166272558890456
REFUGE1-train-161,4101,972,0.2370153621068032,3129,76.29846378931968,True,False,236.20815280171308,0.46606787965171154,1.1302641079529763,0.9236551724233669,114.32590180780451,0.4986721291747379,1.1536810520344123,0.9345162494858772
REFUGE1-train-162,3623,1030,0.2842947833287331,2593,71.57052166712668,True,False,224.06601717798213,0.5859925505317082,1.2340857871341109,0.9068306886774536,116.9116882454314,0.22883066132438643,1.0272569860968357,0.9469591066270318
REFUGE1-train-163,4870,1077,0.22114989733059548,3793,77.88501026694044,True,False,257.86500705120545,0.2002040597114894,1.0206641401417225,0.9203520896911703,120.81118318204308,0.19911108179529025,1.0204321883796454,0.9272808522403555
REFUGE1-train-164,4572,1102,0.2410323709536308,3470,75.89676290463692,True,False,251.37972567696687,0.5309759184563799,1.1800984757357968,0.9091919667372561,121.63961030678928,0.17290049468811514,1.0152909960669712,0.9359257977026314
REFUGE1-train-165,4132,1341,0.324540174249758,2791,67.5459825750242,True,False,239.1370849898476,0.6048615524696471,1.255759779443048,0.9079800676803161,134.46803743153546,0.2731847612891172,1.0395425536689873,0.9319669451314361
REFUGE1-train-166,4212,1015,0.2409781576448243,3197,75.90218423551757,True,False,242.89444430272832,0.6569778959334641,1.3264185572666256,0.8971458733724684,119.74011537017762,0.5448018639432815,1.1925136808397547,0.8896036615353304
REFUGE1-train-167,5261,1540,0.29272001520623453,3721,70.72799847937654,True,False,268.45079348883235,0.5377515087831107,1.1860941610477556,0.9173789735784077,144.71067811865476,0.5620750711488394,1.2090637910435427,0.9241222515630281
REFUGE1-train-168,4994,1050,0.21025230276331597,3944,78.9747697236684,True,False,263.27922061357856,0.5521067765444523,1.199366617118736,0.9053681966791924,118.5685424949238,0.3759958628100278,1.0791894756237743,0.9385560216818152
REFUGE1-train-169,3228,629,0.19485749690210658,2599,80.51425030978935,True,False,213.23759005323592,0.6301967258519724,1.2879369878328975,0.8921047645224918,90.42640687119285,0.13384460542632698,1.0090793612981288,0.966651570397236
REFUGE1-train-17,3948,1959,0.49620060790273557,1989,50.379939209726444,True,False,234.55129855222071,0.5128893589881196,1.1648838049129666,0.9018022709951652,163.19595949289334,0.5138971100120381,1.1657024748665534,0.9243266952755634
REFUGE1-train-170,3859,591,0.1531484840632288,3268,84.68515159367712,True,False,229.7228714274745,0.31240126419621617,1.052686722438337,0.9189167551710663,87.59797974644665,0.29513473798033063,1.0466210618407443,0.9678524737537265
REFUGE1-train-171,4317,699,0.16191799861014594,3618,83.80820013898541,True,False,243.9655121145938,0.4595077350513318,1.1259058041287155,0.911454594181518,96.08326112068522,0.3607183484926359,1.0721850804344983,0.951462267695799
REFUGE1-train-172,5751,1350,0.2347417840375587,4401,76.52582159624414,True,False,283.5218613006978,0.624420312916683,1.2802646269473774,0.8990423065513166,135.63961030678928,0.3598146717797273,1.0717840267266152,0.9220841689003841
REFUGE1-train-173,4970,996,0.20040241448692153,3974,79.95975855130784,True,False,262.45079348883235,0.5435491404359877,1.1913592887270266,0.9067143152935748,114.32590180780451,0.33402294139662503,1.0609348521007786,0.9575907247818246
REFUGE1-train-174,4814,992,0.20606564187785625,3822,79.39343581221438,True,False,257.27922061357856,0.44067847181523273,1.1140013033666951,0.9139165186243451,114.32590180780451,0.3154213503475661,1.0537943883013154,0.9537449788991668
REFUGE1-train-175,4666,868,0.18602657522503216,3798,81.39734247749678,True,False,253.03657992645924,0.34620036974470914,1.0659155843956485,0.9157733069971233,106.66904755831214,0.2057270717181122,1.0218581515662843,0.9586338376576149
REFUGE1-train-176,3827,878,0.22942252417036843,2949,77.05774758296316,True,False,229.7228714274745,0.5764582311916162,1.223800546431379,0.911296818357002,108.5685424949238,0.31439248884495746,1.0534154465484673,0.9360442176213699
REFUGE1-train-177,4218,818,0.1939307728781413,3400,80.60692271218586,True,False,241.37972567696687,0.37294102107851923,1.0777545473585728,0.909734910170535,104.08326112068522,0.3871179779276841,1.0845631855747506,0.9488583541604438
REFUGE1-train-178,4114,1010,0.2455031599416626,3104,75.44968400583375,True,False,237.37972567696687,0.3566439924384957,1.0703883451297598,0.9174595044958831,115.9827560572969,0.3684854808676494,1.075692728897582,0.943505397045603
REFUGE1-train-179,4017,1398,0.3480209111277072,2619,65.19790888722927,True,False,236.06601717798213,0.5775754464853743,1.224983824469122,0.905825933211252,137.0538238691624,0.4425935539342434,1.1151724017722473,0.9352650840732654
REFUGE1-train-18,4056,2999,0.7393984220907298,1057,26.060157790927025,True,False,237.48023074035524,0.591292091426511,1.2399909830421294,0.9037595216936882,206.50966799187808,0.6741527119268884,1.3539274994469934,0.8837014199665171
REFUGE1-train-180,3824,1516,0.39644351464435146,2308,60.35564853556485,True,False,228.3086578651014,0.4495105515358747,1.119476058232262,0.9218982394470214,142.71067811865476,0.3414244579962352,1.0639325373732962,0.9353973296334498
REFUGE1-train-181,4158,796,0.19143819143819144,3362,80.85618085618086,True,False,237.9655121145938,0.4432574601130233,1.115580440843769,0.9227122974631689,103.25483399593904,0.3620658371810852,1.0727858085056516,0.9382145118950953
REFUGE1-train-182,4298,640,0.14890646812470917,3658,85.10935318752908,True,False,242.5512985522207,0.3764568780412555,1.079407542262404,0.9180557754069987,93.01219330881975,0.348335223927686,1.0668145649804226,0.929629864246416
REFUGE1-train-183,4907,1353,0.2757285510495211,3554,72.42714489504789,True,False,262.9360748630709,0.661370611223694,1.333227965546775,0.8919193194913203,133.39696961967,0.3657442990904569,1.0744423351888497,0.9554670902643438
REFUGE1-train-184,3015,629,0.2086235489220564,2386,79.13764510779437,True,False,204.75230867899737,0.606074141174013,1.2572161749273931,0.903731803268696,91.25483399593904,0.3636852717990733,1.0735120834166452,0.9491803758492076
REFUGE1-train-185,3317,733,0.2209828157974073,2584,77.90171842025927,True,False,214.65180361560903,0.5369537332519122,1.1853794920718421,0.9046617984190659,98.66904755831214,0.4044704716715097,1.0934326644073935,0.9461325124155854
REFUGE1-train-186,3233,530,0.16393442622950818,2703,83.60655737704919,True,False,211.58073580374355,0.539098728694604,1.187306395748159,0.9075348732710224,83.59797974644667,0.46044395007935507,1.1265209422006117,0.9530027834033308
REFUGE1-train-187,3977,994,0.2499371385466432,2983,75.00628614533568,True,False,233.7228714274745,0.3455630983525473,1.065648740434443,0.9148776718956178,115.39696961966999,0.3245851885330929,1.0572428643513905,0.9380099388503423
REFUGE1-train-188,3779,671,0.17756020111140514,3108,82.24397988885949,True,False,230.89444430272832,0.6255096662612574,1.281695665669187,0.8907581190274435,94.08326112068524,0.2684372100758471,1.0381012390102742,0.9525935994183231
REFUGE1-train-189,2989,667,0.2231515557042489,2322,77.68484442957511,True,False,203.58073580374355,0.5645141175739951,1.2114994365407323,0.9062800493796574,93.25483399593904,0.3846499271692267,1.0833502259557046,0.9638134692984702
REFUGE1-train-19,4339,1934,0.4457248213874165,2405,55.42751786125836,True,False,243.9655121145938,0.46282520393020643,1.1280957653059285,0.916099486716147,161.1959594928933,0.1728451561773444,1.0152809841006991,0.9353152823362144
REFUGE1-train-190,5055,882,0.1744807121661721,4173,82.55192878338279,True,False,263.86500705120545,0.22068592832528044,1.0252783146281619,0.9123624975835762,110.32590180780451,0.3795353870824229,1.0808739963326606,0.9105912588366073
REFUGE1-train-191,5163,1042,0.20182064691071083,4121,79.81793530892892,True,False,264.9360748630709,0.3152211591609924,1.0537205264511496,0.9243358419537154,118.5685424949238,0.3694817073136817,1.076150561818761,0.9314051186594776
REFUGE1-train-192,5013,1030,0.2054657889487333,3983,79.45342110512668,True,False,263.27922061357856,0.35788019585315095,1.0709303844386044,0.9088127292656771,117.1543289325507,0.31552764449776555,1.0538336316017372,0.9430406365384594
REFUGE1-train-193,5124,1299,0.2535128805620609,3825,74.64871194379391,True,False,266.1076477383248,0.3883379389641113,1.0851671346187814,0.9092938903538539,133.05382386916236,0.5195463563101075,1.1703540910312158,0.9220708536843534
REFUGE1-train-194,3849,881,0.22889062094050402,2968,77.1109379059496,True,False,229.4802307403552,0.3600871982663863,1.0719048212597646,0.918474745389888,108.32590180780451,0.4043398802573019,1.0933636298840732,0.943454903529023
REFUGE1-train-195,3917,903,0.23053357161092672,3014,76.94664283890734,True,False,230.89444430272832,0.47688550150908804,1.137701178555515,0.9232864652634285,109.74011537017762,0.4282142482374673,1.1065897796092101,0.9422513958042189
REFUGE1-train-196,3120,763,0.24455128205128204,2357,75.5448717948718,True,False,206.65180361560903,0.15260857818249518,1.0118521169230112,0.9180916930813298,99.84062043356595,0.370474091152732,1.0766084418268964,0.9618777075685433
REFUGE1-train-197,3943,1039,0.2635049454729901,2904,73.64950545270099,True,False,231.48023074035524,0.34459983715203835,1.0652467070565448,0.9247169704588747,117.9827560572969,0.40277624466941053,1.0925397870451847,0.937968681346286
REFUGE1-train-198,4363,1046,0.23974329589731835,3317,76.02567041026816,True,False,244.79393923933998,0.08024227810994984,1.0032350424072918,0.9149424017894129,117.39696961966999,0.22679462365466077,1.0267545483888696,0.9537351204084172
REFUGE1-train-199,3010,448,0.14883720930232558,2562,85.11627906976744,True,False,211.3380951166243,0.7904923665552884,1.6327279882687076,0.8468778661690711,77.59797974644667,0.41403834858294686,1.098587894162846,0.9349471214181397
REFUGE1-train-2,4529,3154,0.6964009715168912,1375,30.359902848310888,True,False,251.37972567696687,0.587752085290615,1.236031162880741,0.9006409486773912,208.16652224137044,0.5317594666638712,1.180783322705867,0.9146391347866869
REFUGE1-train-20,3102,1085,0.3497743391360413,2017,65.02256608639587,True,False,205.58073580374355,0.21463025852971912,1.0238606912560737,0.9223310414227532,120.08326112068522,0.10730846691881593,1.0058077596772315,0.9455285678760913
REFUGE1-train-200,2964,634,0.21390013495276652,2330,78.60998650472335,True,False,204.99494936611666,0.6828061701352306,1.3687388261220337,0.8863428407270969,91.01219330881975,0.3105817982211862,1.052026213467455,0.9618336363254798
REFUGE1-train-201,3934,1164,0.2958820538891713,2770,70.41179461108287,True,False,235.7228714274745,0.6738173038519096,1.3533667870912562,0.8896942301560526,125.98275605729691,0.45293321059533703,1.121649066111707,0.9215961131656611
REFUGE1-train-202,6725,2179,0.32401486988847583,4546,67.59851301115242,True,False,304.492424049175,0.326279202902886,1.0578949483521731,0.9114842517509499,173.4386001800126,0.40193933011216776,1.092100909288864,0.9102812032118622
REFUGE1-train-203,5848,2104,0.359781121751026,3744,64.0218878248974,True,False,283.1787155501902,0.21078249618121303,1.0229833816509362,0.9164230685732561,169.78174593052023,0.4531877601526454,1.121811843494197,0.9172201963575517
REFUGE1-train-204,4566,984,0.21550591327201052,3582,78.44940867279895,True,False,249.6223663640862,0.15768008645677023,1.0126682281671002,0.9208285572235945,115.39696961966999,0.5509123062852938,1.1982316913413429,0.9285732191435985
REFUGE1-train-205,3937,1166,0.2961645923291847,2771,70.38354076708153,True,False,233.7228714274745,0.5172862989156375,1.1684803651955682,0.9056759854797704,125.39696961966999,0.3689560942403179,1.0759087804600571,0.9318249437721458
REFUGE1-train-206,4040,1017,0.25173267326732673,3023,74.82673267326733,True,False,236.5512985522207,0.4230788836250564,1.1036396509536384,0.9072783679702378,116.5685424949238,0.4631754216264849,1.1283286236103307,0.9405201062923362
REFUGE1-train-207,4387,1135,0.25871894232961024,3252,74.12810576703897,True,False,245.6223663640862,0.50894958247591,1.1617149895257706,0.9137800585612805,123.9827560572969,0.5316756180269752,1.180709930974129,0.9278614964252063
REFUGE1-train-208,4359,905,0.20761642578573067,3454,79.23835742142693,True,False,244.55129855222071,0.3503611118216792,1.0676748964239446,0.9159184060252954,109.7401153701776,0.2972007837872035,1.047323297785645,0.9443383313430989
REFUGE1-train-209,5275,916,0.17364928909952607,4359,82.63507109004739,True,False,268.1076477383248,0.43378350749052524,1.1098568125484223,0.9221762291873821,112.08326112068522,0.47853494834747284,1.13886330267186,0.9162707454927931
REFUGE1-train-21,3427,1170,0.34140647796906914,2257,65.85935220309308,True,False,216.06601717798213,0.29820671297868295,1.0476674955617693,0.9224674176635113,123.9827560572969,0.1692906831556008,1.0146452222340074,0.9564739654779661
REFUGE1-train-210,3748,1078,0.2876200640341515,2670,71.23799359658484,True,False,227.7228714274745,0.42644701543900954,1.1055678621186027,0.9082306283882405,120.5685424949238,0.48357399599736595,1.1424608920629378,0.9318813131949507
REFUGE1-train-211,3888,924,0.23765432098765432,2964,76.23456790123457,True,False,231.1370849898476,0.5225845964349995,1.1729002273995466,0.9145276838537597,110.91168824543142,0.351658158731398,1.0682294328305832,0.9439026455100639
REFUGE1-train-212,3634,589,0.16208035222894882,3045,83.79196477710512,True,False,222.3086578651014,0.24891208742139898,1.0324967163342154,0.9240214086989429,87.59797974644667,0.3700760959956447,1.0764245915137582,0.9645771692740182
REFUGE1-train-213,3735,916,0.24524765729585007,2819,75.47523427041499,True,False,225.48023074035524,0.4517006025528389,1.1208631391808088,0.9231739242884996,110.08326112068522,0.3790937568120786,1.0806625227625934,0.9498669224215094
REFUGE1-train-214,2730,670,0.2454212454212454,2060,75.45787545787546,True,False,192.2670273047588,0.27242687882189975,1.0393103672647408,0.9280318637110151,95.01219330881975,0.45494146549116843,1.1229377122268511,0.9326656442894079
REFUGE1-train-215,1894,406,0.21436114044350582,1488,78.56388595564941,True,False,161.78174593052023,0.43575191284232623,1.1110286302726964,0.9093494380690502,72.76955262170047,0.36545895762938246,1.0743129621161678,0.9634662093931349
REFUGE1-train-216,4727,786,0.1662788237782949,3941,83.3721176221705,True,False,254.45079348883235,0.31005798898588705,1.051837002948638,0.9174614968763352,102.08326112068522,0.35334271492635083,1.0689540030405973,0.9478144798828528
REFUGE1-train-217,3698,678,0.18334234721471065,3020,81.66576527852894,True,False,224.3086578651014,0.15127119302399114,1.0116416693491534,0.9236016438988367,94.08326112068522,0.428882043142766,1.1069777790073267,0.9625312375642673
REFUGE1-train-218,5636,1176,0.20865862313697658,4460,79.13413768630234,True,False,280.8355697996826,0.4940897184009436,1.1502040927229802,0.8980005893195312,125.63961030678928,0.41953064712681476,1.1016356097685736,0.9361900571810292
REFUGE1-train-219,4864,845,0.17372532894736842,4019,82.62746710526315,True,False,258.45079348883235,0.5081189652710729,1.1610533083743775,0.9150560369389312,106.08326112068522,0.5185241291326876,1.1695044744294185,0.9435672290289513
REFUGE1-train-22,5902,2230,0.37783802100982716,3672,62.21619789901728,True,False,284.5929291125633,0.3641910136909607,1.073739863381718,0.9157161170565594,175.09545442950497,0.36945453941153483,1.0761380521843853,0.9140395411811836
REFUGE1-train-220,4128,760,0.18410852713178294,3368,81.5891472868217,True,False,236.55129855222071,0.14612955633543,1.0108510194680607,0.9270408670745398,102.18376618407356,0.5534284363837227,1.200629035809279,0.914659912746304
REFUGE1-train-221,3919,1017,0.25950497575912224,2902,74.04950242408778,True,False,231.7228714274745,0.4010177817252294,1.091619314857924,0.9171646859737422,115.74011537017762,0.12859780411879154,1.0083726887682878,0.954032116618489
REFUGE1-train-222,4234,519,0.12257912139820501,3715,87.7420878601795,True,False,241.3797256769669,0.2053339508069498,1.0217719491712898,0.9131857775396027,83.35533905932738,0.33271689633519275,1.0604152970055936,0.9386644649471462
REFUGE1-train-223,4574,859,0.18780061215566243,3715,81.21993878443375,True,False,251.03657992645927,0.35831476773738424,1.0711215734382797,0.912078052223005,107.84062043356593,0.2583028997995085,1.035128129715274,0.9281929645272945
REFUGE1-train-224,4902,1056,0.21542227662178703,3846,78.4577723378213,True,False,259.27922061357856,0.21969557596310332,1.0250433703712907,0.9163212238973455,118.5685424949238,0.3976501994949418,1.0898741931565452,0.9439191989485685
REFUGE1-train-225,4135,1171,0.28319226118500607,2964,71.68077388149939,True,False,237.37972567696687,0.157651170612464,1.012663493696632,0.9221426959383754,124.5685424949238,0.32085794508229754,1.0558242470804817,0.9483092635892525
REFUGE1-train-226,4357,743,0.17053018131742023,3614,82.94698186825798,True,False,244.79393923933998,0.13934449420796846,1.0098521520658983,0.9136841724951804,99.25483399593904,0.20036691508350257,1.0206988235906103,0.9477533825378749
REFUGE1-train-227,4140,615,0.14855072463768115,3525,85.14492753623189,True,False,237.37972567696687,0.2856827929352214,1.0434881662736217,0.9232577415199211,90.76955262170047,0.4753154147177535,1.1366019775130356,0.9380037830585802
REFUGE1-train-228,3762,587,0.15603402445507708,3175,84.39659755449229,True,False,226.3086578651014,0.20091122341929118,1.0208149757958282,0.9230523178517216,88.18376618407356,0.17337059770776417,1.0153761893876116,0.9485728267285971
REFUGE1-train-229,4047,609,0.15048183839881393,3438,84.95181616011861,True,False,235.9655121145938,0.26986572669066655,1.0385316379585456,0.9133684440347496,89.59797974644665,0.4114450930686301,1.097171488762502,0.9533024782531947
REFUGE1-train-23,5974,1844,0.3086709072648142,4130,69.13290927351858,True,False,286.5929291125633,0.26940989342692967,1.0383939932082469,0.913995673446716,158.36753236814712,0.32743156160053283,1.0583411648909258,0.9239287499024929
REFUGE1-train-230,5369,1040,0.1937046004842615,4329,80.62953995157385,True,False,270.9360748630709,0.38703529688466204,1.0845223589986839,0.9191144595142393,117.7401153701776,0.29647113704797134,1.0470745743412224,0.9427451118579653
REFUGE1-train-231,3571,677,0.1895827499299916,2894,81.04172500700085,True,False,222.06601717798213,0.5894618889636392,1.2379360224390095,0.9099876689951418,94.42640687119285,0.3069387240396457,1.05071896233337,0.9541389046303485
REFUGE1-train-232,4373,587,0.13423279213354677,3786,86.57672078664532,True,False,246.79393923933998,0.39895538959351806,1.0905478189796713,0.9022364348961048,88.18376618407356,0.409101960098136,1.0959040093878463,0.9485728267285971
REFUGE1-train-233,5262,854,0.16229570505511212,4408,83.77042949448878,True,False,268.69343417595167,0.4678686660705167,1.1314802656667493,0.9158969221558548,107.25483399593904,0.4647385621002711,1.129371864354597,0.9328976190014181
REFUGE1-train-234,4121,698,0.16937636495996117,3423,83.06236350400388,True,False,237.1370849898476,0.22072180023395246,1.02528684749876,0.9209022298454191,97.25483399593904,0.40944892916131065,1.0960909635380842,0.9273483271120512
REFUGE1-train-235,4040,967,0.23935643564356435,3073,76.06435643564356,True,False,235.4802307403552,0.242224872021498,1.030693925416215,0.9155505413236009,113.1543289325507,0.3012053173048328,1.048702466628021,0.9490607032032055
REFUGE1-train-236,4017,942,0.23450336071695296,3075,76.5496639283047,True,False,240.06601717798213,0.6684909288541109,1.3445915164063915,0.8758915186648654,114.32590180780451,0.6755514497967801,1.3562763758827971,0.9056731553659427
REFUGE1-train-237,4173,1067,0.2556913491492931,3106,74.43086508507069,True,False,241.9655121145938,0.6395632098226929,1.3008324465410008,0.8956767684465149,119.7401153701776,0.35835840680442205,1.0711407908368542,0.9351794156238402
REFUGE1-train-238,5525,1186,0.2146606334841629,4339,78.53393665158372,True,False,274.9360748630709,0.1659005146094045,1.0140522345232876,0.9184990047869946,127.05382386916236,0.2076438050076586,1.0222811249022856,0.9232494815367485
REFUGE1-train-239,5708,1181,0.20690259285213736,4527,79.30974071478627,True,False,279.1787155501902,0.25347337776817647,1.0337601644586447,0.9202995694324964,127.05382386916237,0.34857268154886417,1.0669150403629746,0.9193571987309441
REFUGE1-train-24,4727,2333,0.4935477046752697,2394,50.645229532473024,True,False,254.45079348883235,0.4072805365970593,1.094926747520154,0.9174614968763352,179.4386001800126,0.41583392336438546,1.0995770744199624,0.910527060951446
REFUGE1-train-240,4417,1030,0.23318994792845824,3387,76.68100520715417,True,False,246.55129855222071,0.4972910644741473,1.1526264495630727,0.9131091080619179,117.9827560572969,0.3173409285934125,1.0545058043609963,0.9298438323259621
REFUGE1-train-241,4221,930,0.22032693674484718,3291,77.96730632551528,True,False,239.9655121145938,0.4320633688486301,1.1088401464404896,0.9211440634864962,111.49747468305833,0.3239339813403197,1.0569934148876274,0.9400755345841054
REFUGE1-train-242,4829,925,0.19155104576516876,3904,80.84489542348312,True,False,259.03657992645924,0.5650037170056188,1.2119914059829655,0.90436734948206,110.32590180780451,0.3753260131526218,1.0788733384134053,0.954985163745875
REFUGE1-train-243,4418,1113,0.2519239474875509,3305,74.80760525124491,True,False,246.20815280171308,0.5168992051696834,1.168161159322888,0.9158634252002353,121.39696961966999,0.22701366397620504,1.0268083506510453,0.9490505316880375
REFUGE1-train-244,4089,1019,0.2492051846417217,3070,75.07948153582782,True,False,236.5512985522207,0.3249848666291312,1.0573962996102324,0.9182824867896787,117.1543289325507,0.357536030110455,1.0707792065821367,0.932969328769602
REFUGE1-train-245,4573,1012,0.2212989284933304,3561,77.87010715066695,True,False,250.20815280171308,0.208308843249576,1.02242892193628,0.9179270161250057,116.5685424949238,0.28770558174669736,1.0441477100276695,0.9358961136360316
REFUGE1-train-246,5090,1157,0.22730844793713162,3933,77.26915520628683,True,False,263.86500705120545,0.09127575627527171,1.0041918426122767,0.9186795475173892,125.63961030678928,0.360115492124505,1.0719173698001956,0.921064537549703
REFUGE1-train-247,4346,1024,0.23561895996318455,3322,76.43810400368154,True,False,243.9655121145938,0.418697804998372,1.1011692370559216,0.9175774070680744,117.39696961966999,0.5109696401140763,1.1633334614020268,0.9336756819294639
REFUGE1-train-248,4743,1085,0.22875816993464052,3658,77.12418300653596,True,False,255.86500705120545,0.45920300877966264,1.1257060713723008,0.9104187636014935,118.5685424949238,0.23221652419257374,1.0281041335711671,0.9698412224045424
REFUGE1-train-249,5318,1125,0.2115456938698759,4193,78.84543061301241,True,False,271.27922061357856,0.4573369972882067,1.1244881884503641,0.9080821500393041,123.7401153701776,0.31313239255725633,1.0529535783748267,0.9232968486784576
REFUGE1-train-25,5628,3277,0.5822672352523098,2351,41.77327647476901,True,False,278.35028842544403,0.38294947892003034,1.0825213757292897,0.9128104461300259,212.16652224137044,0.48387116063972224,1.1426752994601146,0.9148135531147555
REFUGE1-train-250,5534,1062,0.19190458980845682,4472,80.80954101915432,True,False,276.1076477383247,0.27945885718955205,1.0414956141894207,0.9122043663414139,118.5685424949238,0.1844906109969871,1.0174655323138753,0.9492823762153216
REFUGE1-train-251,4906,1071,0.21830411740725642,3835,78.16958825927436,True,False,259.27922061357856,0.32909750816176025,1.058990040362133,0.9170689360343487,120.32590180780451,0.20820524422507503,1.0224058629584774,0.9295678275152799
REFUGE1-train-252,4884,699,0.14312039312039312,4185,85.68796068796068,True,False,259.27922061357856,0.38349723787896217,1.0827877616010382,0.9129565192808314,95.59797974644667,0.36476060270687016,1.0739969523841273,0.9611465485520416
REFUGE1-train-253,5740,1308,0.22787456445993032,4432,77.21254355400697,True,False,280.5929291125633,0.444723998617902,1.1164855445227255,0.9161536391195033,132.46803743153546,0.3423228682997106,1.0643026289506292,0.9366889647689016
REFUGE1-train-254,5263,1576,0.2994489834695041,3687,70.05510165304959,True,False,268.69343417595167,0.4477380245814148,1.1183620934807474,0.9160709808639803,147.53910524340094,0.2221120613212852,1.0256187833918389,0.9098122636057103
REFUGE1-train-255,5077,1589,0.31298010636202483,3488,68.70198936379752,True,False,263.86500705120545,0.5016284987769302,1.1559582507298558,0.9163332146848301,146.12489168102786,0.36735921816364575,1.075177324221515,0.935158782247585
REFUGE1-train-256,4395,1001,0.22775881683731514,3394,77.22411831626849,True,False,245.1370849898476,0.41632970119557744,1.0998514246821356,0.9190744828600709,115.49747468305833,0.47762642612978945,1.138222263235698,0.9429723626021336
REFUGE1-train-257,4847,1013,0.20899525479678152,3834,79.10047452032185,True,False,259.03657992645924,0.5347159584971354,1.1833873346275228,0.9077383605176113,115.98275605729688,0.34616260115592334,1.065899750296737,0.9463078883239566
REFUGE1-train-258,4285,1457,0.3400233372228705,2828,65.99766627771295,True,False,242.45079348883235,0.4968350161630805,1.1522794795582265,0.9160379594873758,139.63961030678928,0.5318777927910986,1.1808869351668874,0.9389709570575726
REFUGE1-train-259,3397,1139,0.33529584927877537,2258,66.47041507212246,True,False,215.8233764908628,0.5377471865168091,1.1860902826996518,0.9164493036710674,125.39696961966999,0.4652184264139494,1.1296934137204446,0.9102475222611268
REFUGE1-train-26,5004,3107,0.6209032773780975,1897,37.90967226219025,True,False,260.69343417595167,0.2698281593869998,1.0385202831556526,0.9252667987626891,209.58073580374355,0.6557258512729783,1.3245049285107127,0.888890768214751
REFUGE1-train-260,4186,1279,0.30554228380315335,2907,69.44577161968466,True,False,239.7228714274745,0.19488592134284535,1.0195489164808988,0.9153562386919851,130.81118318204307,0.47934982080554317,1.1394402253578528,0.93927045302282
REFUGE1-train-261,4730,1258,0.2659619450317125,3472,73.40380549682875,True,False,253.86500705120545,0.2028152674660793,1.0212240822715883,0.9222853745795586,130.46803743153546,0.1688375992935803,1.0145652164525687,0.9287145423433706
REFUGE1-train-262,5121,1507,0.29427846123803947,3614,70.57215387619605,True,False,264.69343417595167,0.4339318449935604,1.1099448060809505,0.9184981854671758,142.46803743153546,0.5456445852100562,1.1932936444198126,0.9330141556605869
REFUGE1-train-263,3937,1001,0.25425450850901704,2936,74.5745491490983,True,False,231.9655121145938,0.4401204830288638,1.1136617322408493,0.9194506802397374,115.1543289325507,0.2570531035682282,1.0347711248241893,0.9486006194269719
REFUGE1-train-264,4886,1761,0.3604175194433074,3125,63.958248055669266,True,False,258.45079348883235,0.14786786981477013,1.0111150615974267,0.9191948594744281,154.36753236814712,0.3826548603527786,1.0823783356110082,0.928661190334598
REFUGE1-train-265,4309,1339,0.31074495242515665,2970,68.92550475748433,True,False,242.79393923933998,0.25102324063329806,1.0330780644856492,0.9185666534240238,133.39696961967,0.3610593477377084,1.0723367953677903,0.9455805128336708
REFUGE1-train-266,3841,1229,0.3199687581359021,2612,68.00312418640979,True,False,228.3086578651014,0.5045063397383427,1.158201006113385,0.9259966364320108,130.9116882454314,0.5625004721438194,1.2094867835237937,0.9011662112949981
REFUGE1-train-267,3520,946,0.26875,2574,73.125,True,False,219.58073580374355,0.4807502964942239,1.1404361026194947,0.9174112371721047,113.39696961966999,0.47200403172938155,1.1343059158101203,0.9244812403880912
REFUGE1-train-268,3391,967,0.28516661751695666,2424,71.48333824830434,True,False,218.06601717798213,0.6708870073283104,1.3485092977224216,0.8961107157296239,114.08326112068522,0.36690392869377836,1.07496963030481,0.9336680202745928
REFUGE1-train-269,4010,1043,0.2600997506234414,2967,73.99002493765586,True,False,235.7228714274745,0.5018651273987597,1.156141685521072,0.9068820190456969,117.9827560572969,0.4197375877934401,1.101751727673798,0.9415797253553188
REFUGE1-train-27,4697,1488,0.31679795614221845,3209,68.32020438577815,True,False,254.20815280171308,0.46923699174973216,1.1324101396670307,0.9133799510572068,141.88225099390854,0.5049516617336692,1.1585503721547155,0.928873675753321
REFUGE1-train-270,5869,2604,0.4436871698756176,3265,55.63128301243824,True,False,284.5929291125633,0.3977695399385683,1.0899356428686828,0.9105960506616311,187.6812408671319,0.2901553517467357,1.0449544016352248,0.928985876964091
REFUGE1-train-271,5354,1828,0.3414269704893538,3526,65.85730295106463,True,False,271.5218613006979,0.4143589487148097,1.0987640030289376,0.9125961382358823,158.12489168102786,0.35531529191171024,1.0698087515976,0.9187250824760496
REFUGE1-train-272,4780,856,0.1790794979079498,3924,82.09205020920503,True,False,255.62236636408616,0.3672588986358467,1.0751315279987625,0.9192635895863961,108.32590180780451,0.4403968538606403,1.1138298286094317,0.9166826304436364
REFUGE1-train-273,5520,1414,0.25615942028985506,4106,74.3840579710145,True,False,277.76450198781714,0.5741086789419793,1.221330628025849,0.8990740372112935,139.53910524340094,0.5122960049435954,1.164403335912995,0.9125725597241733
REFUGE1-train-274,5259,1673,0.3181213158395132,3586,68.18786841604869,True,False,269.62236636408613,0.5219713539158527,1.1723837750409416,0.9090781151687634,149.0538238691624,0.354424062416874,1.0694217246915936,0.9462797815222178
REFUGE1-train-275,4744,1098,0.2314502529510961,3646,76.8549747048904,True,False,255.03657992645927,0.3119250311134676,1.0525133455014222,0.916536136680167,120.5685424949238,0.3201864663678927,1.0555710206663866,0.9491703913618329
REFUGE1-train-276,3501,590,0.1685232790631248,2911,83.14767209368752,True,False,218.06601717798213,0.3831445474851633,1.0826161751880437,0.9251794797314695,88.42640687119285,0.11389106023166368,1.006549370892062,0.9481955641290776
REFUGE1-train-277,5501,1715,0.311761497909471,3786,68.82385020905289,True,False,276.35028842544403,0.5727809542272645,1.2199459132125061,0.9051731531778268,152.71067811865476,0.2633384192049222,1.0365879067525683,0.9241344858536608
REFUGE1-train-278,2980,395,0.1325503355704698,2585,86.74496644295301,True,False,201.58073580374355,0.5087784103840688,1.1615784504713274,0.921569463570589,71.11269837220809,0.2796507620464863,1.0415562268269336,0.9815504875785778
REFUGE1-train-279,3318,1021,0.3077154912597951,2297,69.2284508740205,True,False,213.23759005323592,0.5111814495998562,1.1635039277337518,0.9169775739422638,116.8111831820431,0.40010833969425014,1.091145752826022,0.9403007018104658
REFUGE1-train-28,3592,2262,0.6297327394209354,1330,37.02672605790646,True,False,220.89444430272832,0.4602367209568115,1.1263845879216925,0.9250742788220878,174.36753236814712,0.4975804588392553,1.152846954049145,0.934913049304498
REFUGE1-train-280,4482,1059,0.2362784471218206,3423,76.37215528781793,True,False,247.37972567696687,0.36783287986767366,1.0753938006146184,0.9203510434641217,119.98275605729688,0.2255884586386782,1.0264593624428522,0.9244174965479268
REFUGE1-train-281,4138,1308,0.3160947317544708,2830,68.39052682455292,True,False,239.1370849898476,0.3524910701935747,1.0685870721242048,0.9092985285723979,131.88225099390857,0.4704564594684864,1.1332430854321145,0.9450284991322331
REFUGE1-train-282,5117,1266,0.2474105921438343,3851,75.25894078561657,True,False,263.76450198781714,0.3349002323142024,1.0612854192719676,0.9242566571214902,130.12489168102786,0.30501036418340316,1.0500351939845798,0.9395562972570091
REFUGE1-train-283,4188,967,0.23089780324737344,3221,76.91021967526265,True,False,240.79393923933998,0.5568497602627605,1.20392977027917,0.907664675469713,112.91168824543142,0.37468994147121226,1.0785739209500071,0.9531440390335681
REFUGE1-train-284,4863,1363,0.2802796627596134,3500,71.97203372403867,True,False,259.03657992645924,0.5341256819349557,1.1828648999570075,0.9107348147714346,135.63961030678928,0.3050508548351394,1.0500494934113396,0.9309634979342396
REFUGE1-train-285,5612,2553,0.45491803278688525,3059,54.50819672131148,True,False,278.9360748630709,0.28413770376745257,1.0429883480530195,0.90639636627823,187.09545442950497,0.3030421771428399,1.0493431088642886,0.9165036657202043
REFUGE1-train-286,4668,876,0.18766066838046272,3792,81.23393316195373,True,False,254.79393923933998,0.581792955329473,1.2295027639484153,0.9035715014687629,108.32590180780451,0.4442649879244289,1.1162016984693839,0.9381004489119458
REFUGE1-train-287,5143,1670,0.3247132024110441,3473,67.52867975889558,True,False,266.45079348883235,0.5553121648757927,1.2024404876344867,0.9103163698289364,149.53910524340094,0.4367558674492455,1.1116297784126963,0.9384621895483717
REFUGE1-train-288,5448,2405,0.44144640234948607,3043,55.855359765051396,True,False,273.5218613006978,0.5381380122073193,1.1864412486737879,0.9150880344730213,179.6812408671319,0.35446137082626833,1.0694378984015025,0.9360940147959019
REFUGE1-train-289,5251,1185,0.22567130070462768,4066,77.43286992953723,True,False,268.69343417595167,0.4401533307338507,1.1136817016120346,0.9139822763664756,127.39696961966999,0.4502259351978267,1.119927843040764,0.9175083369669956
REFUGE1-train-29,3768,1399,0.3712845010615711,2369,62.8715498938429,True,False,225.7228714274745,0.3370561936108856,1.0621523423274752,0.9293292907525171,138.46803743153546,0.5563071569021182,1.2034031139721828,0.9169137911118578
REFUGE1-train-290,4870,1144,0.2349075975359343,3726,76.50924024640658,True,False,257.27922061357856,0.39707608085750534,1.089578975827816,0.9245478699004072,123.1543289325507,0.2723222904814239,1.0392783882126464,0.9478432557819773
REFUGE1-train-291,4033,1225,0.30374411108356064,2808,69.62558889164394,True,False,237.7228714274745,0.6137384846668382,1.2666093858326894,0.8968011390729772,127.1543289325507,0.21771016401008442,1.0245760284380332,0.9521023834126345
REFUGE1-train-292,5492,1649,0.3002549162418063,3843,69.97450837581938,True,False,274.9360748630709,0.3903037403388818,1.086146454956295,0.913012947382837,148.95331880577402,0.18110233093070827,1.0168137707079856,0.9339640321448682
REFUGE1-train-293,5018,1078,0.214826624153049,3940,78.5173375846951,True,False,262.45079348883235,0.42060431668992465,1.1022390862487397,0.9154713147169333,120.32590180780451,0.33184630190310327,1.0600705200081548,0.9356434342310661
REFUGE1-train-294,5789,1293,0.22335463810675418,4496,77.66453618932458,True,False,284.0071426749364,0.5098877903142617,1.1624650445928497,0.9018927349011254,132.22539674441617,0.27236243543043936,1.0392906611775854,0.9293485620400399
REFUGE1-train-295,5778,1324,0.22914503288335064,4454,77.08549671166493,True,False,281.5218613006979,0.41525504057828744,1.0992574089200589,0.9161427542410848,133.63961030678928,0.1488499462366508,1.0112657076310285,0.9315956414769127
REFUGE1-train-296,4968,1317,0.26509661835748793,3651,73.49033816425121,True,False,261.5218613006978,0.4501225479486454,1.1198624728545987,0.9127996273539576,132.5685424949238,0.281340339053488,1.0420921310841516,0.9417045655027401
REFUGE1-train-297,4346,1830,0.4210768522779567,2516,57.89231477220432,True,False,244.20815280171308,0.42632790791378405,1.1054992407449065,0.9157549371488963,157.78174593052023,0.38438498265564786,1.0832207170175687,0.9237350844318106
REFUGE1-train-298,3784,576,0.1522198731501057,3208,84.77801268498943,True,False,228.06601717798213,0.45846904896805435,1.1252259766629442,0.9141970910994478,88.52691193458118,0.5747341451799278,1.2219856917201024,0.9235953065338735
REFUGE1-train-299,3650,1222,0.33479452054794523,2428,66.52054794520548,True,False,224.3086578651014,0.5171526326350436,1.168370084500216,0.9116133045513126,128.22539674441617,0.30054836980417726,1.048474571671569,0.9339700869428272
REFUGE1-train-3,3546,2168,0.6113931190073322,1378,38.860688099266774,True,False,219.4802307403552,0.27470101877806863,1.0400094842717666,0.9250341776084611,171.4386001800126,0.16087165638120476,1.013196546482607,0.9269406283167468
REFUGE1-train-30,4258,2254,0.529356505401597,2004,47.0643494598403,True,False,243.7228714274745,0.5512421516340298,1.198544526307156,0.900788740130713,175.6812408671319,0.05154509306678252,1.0013311013466875,0.9177259140907094
REFUGE1-train-300,5450,1433,0.2629357798165138,4017,73.70642201834863,True,False,272.9360748630709,0.3099454058848922,1.0517963906603722,0.919357626498584,138.22539674441617,0.31224675212867165,1.0526304325517513,0.9424978411668371
REFUGE1-train-301,5315,1495,0.2812793979303857,3820,71.87206020696144,True,False,270.1076477383248,0.2828295884670982,1.0425678638229003,0.9154599961585027,141.88225099390854,0.2798599694049449,1.0416223638897646,0.9332433771849563
REFUGE1-train-302,6181,2539,0.4107749555088173,3642,58.922504449118264,True,False,290.8355697996826,0.23408692647473245,1.0285783595897509,0.9182767035039819,187.92388155425118,0.4246227927981906,1.104520367783385,0.9034593494135595
REFUGE1-train-303,7318,2432,0.3323312380431812,4886,66.76687619568187,True,False,316.73506473629425,0.2063680386765667,1.021999101474966,0.9166635834851468,181.6812408671319,0.5063599055252606,1.1596592935822967,0.9258769232629571
REFUGE1-train-304,4743,703,0.14821842715580855,4040,85.17815728441914,True,False,255.03657992645927,0.16457295247088122,1.013823571720392,0.9163429376631602,95.84062043356595,0.2742891168271193,1.039882321309666,0.9617583289442045
REFUGE1-train-305,4466,900,0.20152261531571877,3566,79.84773846842812,True,False,247.37972567696687,0.46218352575804883,1.1276699462852129,0.9170655421933885,108.91168824543142,0.2598890137227648,1.0355842341699881,0.9534620092373215
REFUGE1-train-306,4154,923,0.22219547424169475,3231,77.78045257583052,True,False,238.20815280171308,0.4601569954813445,1.1263321590462096,0.919947648207442,111.25483399593904,0.41390724070926727,1.0985159389383348,0.9370737773308073
REFUGE1-train-307,4177,1019,0.24395499162078046,3158,75.60450083792195,True,False,240.55129855222071,0.33522698740505535,1.0614163153275848,0.9071078555558036,117.1543289325507,0.14111226061834545,1.010107539129518,0.932969328769602
REFUGE1-train-308,4053,885,0.21835677276091783,3168,78.16432272390821,True,False,235.1370849898476,0.3400689629671062,1.0633767208600715,0.9211793798449012,108.91168824543142,0.348084774793243,1.066708697413604,0.9375709757500329
REFUGE1-train-309,5145,1347,0.2618075801749271,3798,73.8192419825073,True,False,265.5218613006979,0.4201289366110997,1.101971577182532,0.9170535058951113,135.63961030678928,0.4802557227886716,1.140083781467558,0.9200350929694944
REFUGE1-train-31,3882,2605,0.6710458526532715,1277,32.89541473467285,True,False,229.7228714274745,0.20884791378746562,1.0225491181645594,0.9243935847561751,188.50966799187808,0.29705516965463696,1.0472735975495233,0.9211923751518835
REFUGE1-train-310,4953,1439,0.2905309913183929,3514,70.94690086816071,True,False,260.69343417595167,0.44618341031210684,1.1173914189832905,0.9158366215570741,138.71067811865476,0.36787626870263584,1.0754136509916563,0.939833385241382
REFUGE1-train-311,2937,1177,0.40074906367041196,1760,59.925093632958806,True,False,202.16652224137044,0.5912509938549473,1.2399446560205256,0.903015760265299,125.39696961966999,0.48271234163531224,1.1418406243610373,0.9406157451284868
REFUGE1-train-312,3637,947,0.26037943359912014,2690,73.96205664008798,True,False,223.7228714274745,0.3782651229299045,1.0802667316444368,0.9131295463317716,111.49747468305833,0.3269593950914833,1.0581580739616705,0.9572597110227397
REFUGE1-train-313,5113,1536,0.3004107177782124,3577,69.95892822217876,True,False,266.1076477383248,0.6094504255341964,1.261313701675982,0.9073418542894721,145.63961030678928,0.5793762438289309,1.226903204267928,0.9100014059505233
REFUGE1-train-314,4958,1542,0.3110125050423558,3416,68.89874949576442,True,False,261.03657992645924,0.508714698400631,1.1615276532733816,0.9143524753972084,143.88225099390854,0.4362705142398927,1.1113388639682094,0.936008495462693
REFUGE1-train-315,5158,1127,0.21849554090732842,4031,78.15044590926716,True,False,265.86500705120545,0.4555487032579868,1.1233293622892755,0.916998959009215,121.7401153701776,0.27278297708570615,1.0394193625346784,0.9555784830498225
REFUGE1-train-316,5788,1243,0.2147546648237733,4545,78.52453351762266,True,False,282.0071426749364,0.49166722596724244,1.148391503211891,0.9145725660470803,129.05382386916236,0.10360857258038571,1.0054109713503179,0.9378626448176195
REFUGE1-train-317,4190,1203,0.2871121718377088,2987,71.28878281622912,True,False,240.5512985522207,0.3670524370083161,1.0750373352869764,0.9099310305910506,126.81118318204308,0.2602264085827772,1.035681694032116,0.9400704082135738
REFUGE1-train-318,4486,1353,0.3016049933125279,3133,69.8395006687472,True,False,250.45079348883235,0.6101564713109338,1.2621785472593465,0.8987197988173222,134.46803743153546,0.31421498430098854,1.053350236017295,0.940306694081158
REFUGE1-train-319,5945,2487,0.41833473507148866,3458,58.16652649285113,True,False,286.5929291125633,0.44818650243876657,1.1186432146037855,0.9095588012455184,183.09545442950497,0.42477699692187887,1.1046086252341563,0.9322459905743394
REFUGE1-train-32,4756,1625,0.34167367535744325,3131,65.83263246425568,True,False,255.03657992645927,0.17640422055602978,1.0159320393262068,0.9188545248842483,147.53910524340094,0.23921610736021176,1.0299018080200555,0.9380995738320301
REFUGE1-train-320,4160,1478,0.35528846153846155,2682,64.47115384615385,True,False,237.9655121145938,0.31071261182986387,1.0520735317922418,0.9231561225220736,140.71067811865476,0.2668301361581144,1.0376204063977779,0.9380590680461728
REFUGE1-train-321,4264,847,0.19863977485928705,3417,80.13602251407129,True,False,241.7228714274745,0.25207691946647703,1.0333704234821504,0.9170469501351624,106.32590180780451,0.5020808720198852,1.1563090825822795,0.9414887275511871
REFUGE1-train-322,4594,1245,0.2710056595559425,3349,72.89943404440574,True,False,250.79393923933998,0.4404496442959602,1.1138619578753788,0.9178395779779669,131.0538238691624,0.57879931935231,1.226286656389535,0.9109191263717161
REFUGE1-train-323,4503,911,0.20230957139684655,3592,79.76904286031534,True,False,249.03657992645927,0.495450986514029,1.1512303423223202,0.9124005199063316,111.7401153701776,0.4958230468922133,1.1515118064732548,0.916874744446586
REFUGE1-train-324,4669,1676,0.3589633754551296,2993,64.10366245448704,True,False,253.86500705120545,0.5023102983873723,1.1564872541493192,0.9103912080152133,149.88225099390854,0.44807762285855685,1.1185749198316255,0.9375263105956306
REFUGE1-train-325,5004,1825,0.3647082334132694,3179,63.52917665867306,True,False,261.27922061357856,0.3849592324957437,1.0835015908902912,0.9211225644798083,156.71067811865476,0.15034933142108312,1.0114977616354013,0.9338466238738584
REFUGE1-train-326,4008,1250,0.31187624750499005,2758,68.812375249501,True,False,234.55129855222071,0.5633921390533767,1.2103758857108564,0.9155074726820217,129.9827560572969,0.3434514010112482,1.0647694456727037,0.9297119103676413
REFUGE1-train-327,4498,1432,0.31836371720764783,3066,68.16362827923521,True,False,248.79393923933998,0.5168757062362773,1.1681417977055775,0.9131659771938534,139.29646455628165,0.43517858183221814,1.1106863877421604,0.927411964211234
REFUGE1-train-328,4361,1426,0.3269892226553543,2935,67.30107773446457,True,False,243.9655121145938,0.4753264725617713,1.1366096951981548,0.920744379250776,137.88225099390854,0.32243597357053466,1.0564221600487824,0.9425679313258569
REFUGE1-train-329,5073,1805,0.35580524344569286,3268,64.41947565543072,True,False,263.5218613006978,0.14984735844648284,1.0114197964343765,0.9179973503267614,156.12489168102786,0.33714800685855045,1.0621894317429443,0.9305565494483022
REFUGE1-train-33,4581,1801,0.3931456013970749,2780,60.68543986029251,True,False,250.79393923933998,0.17890199538737134,1.0163976453003614,0.9152422957590479,156.61017305526642,0.27093275330306393,1.0388549654923414,0.9227491162331759
REFUGE1-train-330,3801,556,0.14627729544856616,3245,85.37227045514338,True,False,228.89444430272832,0.4629514696012863,1.1281796819086427,0.9116690898761937,84.18376618407356,0.3780142112647879,1.0801471418903088,0.9858888462113602
REFUGE1-train-331,3815,726,0.19030144167758847,3089,80.96985583224115,True,False,229.1370849898476,0.52360449385108,1.173762011214401,0.9130901096536953,99.25483399593904,0.42231023176119825,1.1032031547029082,0.9260685810531593
REFUGE1-train-332,3650,836,0.22904109589041097,2814,77.0958904109589,True,False,224.06601717798213,0.46313199063012556,1.128299729117869,0.913588742388271,104.91168824543142,0.42611947970523395,1.1053792359193335,0.9544834223877942
REFUGE1-train-333,4535,1105,0.24366041896361632,3430,75.63395810363836,True,False,248.79393923933998,0.2642618716873246,1.03685934969797,0.9206775692694809,123.39696961966999,0.5909724758264474,1.2396309195966282,0.9119334649533005
REFUGE1-train-334,5056,1284,0.25395569620253167,3772,74.60443037974683,True,False,263.03657992645924,0.4075021399986242,1.0950452736006466,0.9183000989935406,132.22539674441617,0.30260532251495015,1.0491902873364691,0.9228797785455617
REFUGE1-train-335,4728,877,0.1854906937394247,3851,81.45093062605753,True,False,255.27922061357856,0.5356132697462179,1.184183951699254,0.9117093346211242,108.32590180780451,0.3661398126648844,1.0746219044173713,0.9391713398353612
REFUGE1-train-336,4401,1175,0.26698477618723016,3226,73.30152238127698,True,False,245.96551211459376,0.40180889430309485,1.092032638574348,0.9141401803374555,128.22539674441617,0.6769620677515353,1.3586625964427164,0.8980481605219494
REFUGE1-train-337,4623,1222,0.2643305213065109,3401,73.56694786934891,True,False,251.37972567696687,0.43356518355983625,1.1097273959554186,0.919333871878026,127.63961030678928,0.37270948628193434,1.0776464995730777,0.9425624423917207
REFUGE1-train-338,2674,714,0.2670157068062827,1960,73.29842931937172,True,False,190.16652224137047,0.1773349923623658,1.0161047030508783,0.9291870288148618,97.49747468305833,0.41435554927351065,1.0987621345222862,0.9438899059840976
REFUGE1-train-339,5008,1033,0.20626996805111822,3975,79.37300319488818,True,False,262.79393923934,0.4237107741792783,1.1039994679269067,0.9112624907987708,118.56854249492379,0.2316694238437514,1.0279662628134172,0.9233603527593479
REFUGE1-train-34,5947,4406,0.7408777534891542,1541,25.912224651084582,True,False,286.0071426749364,0.41643610410231846,1.0999103746212282,0.913595694180915,244.79393923933998,0.4113107351750761,1.0970984952341232,0.9239597117314126
REFUGE1-train-340,4716,768,0.1628498727735369,3948,83.7150127226463,True,False,254.79393923933998,0.4130804531385279,1.0980630273545424,0.9128627251342514,101.01219330881975,0.3566838596452396,1.0704057836537106,0.9458526429154166
REFUGE1-train-341,4646,947,0.20383125269048644,3699,79.61687473095137,True,False,253.6223663640862,0.5770128885261752,1.2243872863802197,0.9076407141646431,112.32590180780451,0.35973387207243307,1.0717482385165034,0.9431917969779897
REFUGE1-train-342,4796,1035,0.2158048373644704,3761,78.41951626355296,True,False,255.62236636408616,0.2876511911338856,1.0441298983062364,0.9223406225222501,117.7401153701776,0.22290171013045137,1.025808390999232,0.9382126834355712
REFUGE1-train-343,4592,1368,0.2979094076655052,3224,70.20905923344948,True,False,250.79393923933998,0.47483948793182984,1.1362701292434203,0.9174399960981332,137.63961030678928,0.5167760898822189,1.1680597406670206,0.9074215578596232
REFUGE1-train-344,5127,1138,0.22196216110786035,3989,77.80378388921396,True,False,267.6223663640862,0.6312302646970434,1.2893319032720139,0.8995563393926909,123.1543289325507,0.38053732877383556,1.081355148799364,0.9428720498950087
REFUGE1-train-345,5029,1004,0.19964207595943528,4025,80.03579240405647,True,False,265.27922061357856,0.6336295441514382,1.2925965369825219,0.8980179834284615,115.7401153701776,0.17680673978769892,1.0160065867399328,0.9418370158160896
REFUGE1-train-346,5064,1341,0.26481042654028436,3723,73.51895734597157,True,False,263.86500705120545,0.5127547033935349,1.1647746664428866,0.913986881852271,133.63961030678928,0.21841066861417843,1.0247403614740036,0.9435572169339426
REFUGE1-train-347,4987,1206,0.2418287547623822,3781,75.81712452376178,True,False,263.03657992645924,0.6152304681212591,1.2684764639036012,0.9057679180539531,127.63961030678928,0.5141012240015848,1.1658686979087693,0.9302211992834821
REFUGE1-train-348,4695,1592,0.3390841320553781,3103,66.0915867944622,True,False,256.45079348883235,0.5896675213391496,1.2381660811179547,0.8970927901384154,146.71067811865476,0.29010204192529365,1.0449367543082502,0.929457376497272
REFUGE1-train-349,4457,936,0.21000673098496747,3521,78.99932690150325,True,False,247.37972567696687,0.48159694565092964,1.1410408353735773,0.9152174477286011,112.32590180780451,0.3732904745858834,1.077917811665961,0.9322360316487839
REFUGE1-train-35,4491,2989,0.6655533288799822,1502,33.44466711200178,True,False,248.20815280171308,0.4678093591879919,1.1314400755431455,0.9160534909075002,202.99494936611666,0.5304364811314571,1.1796282674517635,0.9115181359238775
REFUGE1-train-350,4354,978,0.2246210381258613,3376,77.53789618741386,True,False,243.6223663640862,0.30134855590608195,1.0487522419119062,0.9218578837858421,115.1543289325507,0.5577692145817451,1.2048249582284034,0.92680460119838
REFUGE1-train-351,4279,1036,0.24211264314092076,3243,75.78873568590792,True,False,242.55129855222071,0.4055282667091983,1.0939931517742816,0.9139973622537336,117.1543289325507,0.2252255535200605,1.0263709059648007,0.9485340771396542
REFUGE1-train-352,3912,1052,0.2689161554192229,2860,73.10838445807771,True,False,230.89444430272832,0.3872389775691912,1.0846229572968007,0.9221079019940086,119.1543289325507,0.5310184439322558,1.1801355879300333,0.9311206399307369
REFUGE1-train-353,4762,1311,0.2753044939101218,3451,72.46955060898782,True,False,255.03657992645927,0.3643207888618224,1.0737983869693961,0.920013718986289,133.63961030678928,0.3776679163346792,1.079982285943906,0.9224485543627134
REFUGE1-train-354,3789,890,0.23489047242016364,2899,76.51095275798365,True,False,229.1370849898476,0.4533561609860912,1.12191962040624,0.9068672150662782,108.91168824543142,0.22158144707122882,1.0254918110202702,0.9428679869124623
REFUGE1-train-355,3427,797,0.23256492559089584,2630,76.74350744091042,True,False,216.06601717798213,0.4197783392060842,1.101774605057677,0.9224674176635113,102.91168824543142,0.23527959353151937,1.028883083439014,0.9456681882836557
REFUGE1-train-356,4180,1442,0.34497607655502394,2738,65.50239234449761,True,False,238.79393923933998,0.45585234723023055,1.1235255533836255,0.9211694915315842,140.46803743153546,0.5338839387177227,1.1826513068386368,0.9183750893115539
REFUGE1-train-357,4403,1372,0.31160572337042924,3031,68.83942766295708,True,False,246.79393923933998,0.45130009821094424,1.1206085879988583,0.908426028549634,135.29646455628165,0.2764979186288223,1.0405670078782772,0.9418702491894599
REFUGE1-train-358,3609,1061,0.2939872540870047,2548,70.60127459129953,True,False,222.3086578651014,0.28373820905697167,1.0428596735555493,0.9176646296077283,118.9116882454314,0.06633834457718334,1.0022076772785717,0.942922844903302
REFUGE1-train-359,4379,881,0.201187485727335,3498,79.88125142726649,True,False,245.03657992645927,0.32532631236901727,1.0575275822062977,0.9164799426436089,108.32590180780451,0.4825883652747516,1.1417515531897509,0.943454903529023
REFUGE1-train-36,4702,2738,0.5823054019566142,1964,41.769459804338574,True,False,253.86500705120545,0.45436832252058557,1.122568906336637,0.916825757140187,196.16652224137044,0.5719032755472647,1.2190348966043094,0.8941152914492373
REFUGE1-train-360,5559,1318,0.2370930023385501,4241,76.29069976614498,True,False,276.69343417595167,0.530059306589639,1.1793001150499463,0.9124494858508573,134.46803743153546,0.4892262562686247,1.1465826758218955,0.9159824263111355
REFUGE1-train-361,5781,1385,0.23957792769417055,4396,76.04220723058295,True,False,282.350288425444,0.44862760339506025,1.1189201933770696,0.9112475254488951,136.81118318204307,0.17236364567928347,1.0151940158816937,0.9298575887682298
REFUGE1-train-362,3337,635,0.1902906802517231,2702,80.97093197482769,True,False,214.40916292848974,0.520829300220265,1.1714254023236448,0.9121775681641621,90.42640687119285,0.11981319342616399,1.0072558137882346,0.9758724120862398
REFUGE1-train-363,3248,992,0.3054187192118227,2256,69.45812807881774,True,False,212.99494936611666,0.6119396182883606,1.2643751800935321,0.8996783586476618,114.32590180780451,0.37042857380660726,1.076587400714093,0.9537449788991668
REFUGE1-train-364,4532,995,0.21954986760812004,3537,78.045013239188,True,False,250.20815280171308,0.42589132094470705,1.1052479830511197,0.9096971872028267,115.1543289325507,0.37959999547290796,1.0809049649653437,0.9429147016282088
REFUGE1-train-365,5235,2053,0.3921680993314231,3182,60.783190066857685,True,False,268.69343417595167,0.5038638320745964,1.1576980418233203,0.911197337036469,167.19595949289334,0.11577167872918503,1.0067696681298497,0.9228842992108669
REFUGE1-train-366,4337,1158,0.26700484205672126,3179,73.29951579432787,True,False,243.9655121145938,0.5263270723317834,1.1760801350867738,0.9156772237584534,125.1543289325507,0.393147706772345,1.0875767608422466,0.9290234397149159
REFUGE1-train-367,3244,980,0.30209617755856966,2264,69.79038224414303,True,False,209.58073580374355,0.38850559948576907,1.0852503635338095,0.9280855011550216,113.74011537017762,0.15035093275575734,1.0114980107968574,0.9519378844105847
REFUGE1-train-368,3145,922,0.2931637519872814,2223,70.68362480127186,True,False,210.40916292848974,0.6327190884920076,1.2913533279668852,0.8926911239185584,110.9116882454314,0.2274185523154059,1.0269079612966086,0.9418595661907782
REFUGE1-train-369,4978,1487,0.2987143431096826,3491,70.12856568903175,True,False,261.86500705120545,0.4875927254938925,1.1453819470435351,0.9122414906894721,142.12489168102786,0.34634062864051685,1.0659744078187319,0.9250826571010395
REFUGE1-train-37,5307,1986,0.37422272470322215,3321,62.57772752967779,True,False,269.5218613006979,0.09637629784629949,1.0046768006933875,0.9180597711290092,164.36753236814712,0.3355208793695023,1.0615341970948948,0.9237555013300162
REFUGE1-train-370,5036,1025,0.2035345512311358,4011,79.64654487688641,True,False,263.5218613006978,0.4652326365957299,1.1297029449836073,0.91130192317082,116.9116882454314,0.42250066605331255,1.1033111748925113,0.9423622177599101
REFUGE1-train-371,5024,1231,0.24502388535031847,3793,75.49761146496814,True,False,261.86500705120545,0.44321901852244594,1.1155567855998678,0.9206712031385913,127.39696961966999,0.3602893198752527,1.0719944950378315,0.9531246943513686
REFUGE1-train-372,4037,801,0.19841466435471886,3236,80.15853356452811,True,False,236.89444430272832,0.6092849527114017,1.2611114132890495,0.9039800832411494,103.49747468305833,0.2009012659260705,1.020812847739127,0.9396862534268283
REFUGE1-train-373,3282,1166,0.3552711761121268,2116,64.47288238878733,True,False,213.82337649086284,0.630661688913545,1.2885636818064412,0.9020655020673704,124.8111831820431,0.4730788546537856,1.1350478978268863,0.9405922888503822
REFUGE1-train-374,4087,1335,0.3266454612184977,2752,67.33545387815023,True,False,236.55129855222071,0.5614511411529005,1.2084447732988617,0.9178333390827627,135.05382386916236,0.5407136179398109,1.1887684081167251,0.9197660168365769
REFUGE1-train-375,3606,976,0.2706600110926234,2630,72.93399889073766,True,False,220.89444430272832,0.2625413800729016,1.0363545567106807,0.9286798021805257,114.5685424949238,0.41214290596011777,1.0975512126837135,0.9343915565106229
REFUGE1-train-376,4705,1164,0.24739638682252924,3541,75.26036131774708,True,False,258.45079348883235,0.6709945538298849,1.3486862791944245,0.8851436377051134,125.63961030678928,0.33791434275583426,1.06249955129863,0.9266370974138758
REFUGE1-train-377,4174,936,0.2242453282223287,3238,77.57546717776714,True,False,241.37972567696687,0.6184467329997763,1.272545169111739,0.9002450249055982,112.66904755831213,0.49229708793545807,1.1488611063338299,0.9265662278194268
REFUGE1-train-378,6217,1595,0.2565546083319929,4622,74.3445391668007,True,False,293.4213562373095,0.43610552571593003,1.1112400976011796,0.9074177936060835,150.22539674441617,0.7059906996908843,1.4119884236044615,0.8881449118822029
REFUGE1-train-379,4643,974,0.20977816067197932,3669,79.02218393280206,True,False,252.20815280171308,0.34474393801428654,1.065306749693927,0.9172554588058888,113.1543289325507,0.3028864685105448,1.0492886055532578,0.9559308427300125
REFUGE1-train-38,4837,2833,0.5856936117428158,2004,41.43063882571842,True,False,258.1076477383247,0.3953043829882103,1.0886721432230553,0.9123977499965457,196.16652224137047,0.41717203203047004,1.1003187701288248,0.9251382836653353
REFUGE1-train-380,4688,1262,0.26919795221843,3426,73.080204778157,True,False,254.20815280171308,0.4937544839058539,1.1499522153171449,0.9116298085067458,129.9827560572969,0.231934224585417,1.0280329457762696,0.9386371447071706
REFUGE1-train-381,4304,719,0.1670539033457249,3585,83.29460966542752,True,False,242.20815280171308,0.37660906941553324,1.0794796186306719,0.9219441471565154,97.49747468305833,0.1857243098267069,1.0177061603553812,0.9504997792753028
REFUGE1-train-382,3707,1300,0.3506878877798759,2407,64.93121122201241,True,False,225.23759005323592,0.46114013957112343,1.1269798395537447,0.9182283687342414,132.46803743153546,0.2950083749589624,1.0465783164636366,0.9309599802749022
REFUGE1-train-383,3669,917,0.24993186154265468,2752,75.00681384573453,True,False,223.7228714274745,0.4206249519369578,1.1022507095191847,0.9211636803660354,110.32590180780451,0.31982281062302537,1.0554341770182876,0.9467258325999648
REFUGE1-train-384,3975,811,0.2040251572327044,3164,79.59748427672956,True,False,233.9655121145938,0.3116890266438976,1.0524275556607119,0.912521924757957,104.08326112068522,0.35440217593394086,1.0694122377332127,0.9407385393937896
REFUGE1-train-385,3625,867,0.23917241379310344,2758,76.08275862068965,True,False,223.1370849898476,0.5238987150591627,1.1740112856951046,0.9149015522036377,107.39696961966999,0.2102325127378563,1.0228594609060004,0.9445934006507904
REFUGE1-train-386,4059,1345,0.33136240453313626,2714,66.86375954668637,True,False,235.7228714274745,0.4375877783631904,1.112129700575453,0.917963619777178,134.81118318204307,0.46387480273978837,1.1287945989685984,0.9299943448579476
REFUGE1-train-387,4420,903,0.20429864253393665,3517,79.57013574660633,True,False,247.62236636408616,0.5204022214047687,1.1710681537130037,0.9058418771347154,109.49747468305833,0.5164539883991954,1.167794642291089,0.9464319824564358
REFUGE1-train-388,4121,727,0.17641349187090513,3394,82.35865081290949,True,False,241.7228714274745,0.6778867651639633,1.360236396046277,0.8862923268074587,99.25483399593904,0.5973761630676572,1.2469431640283952,0.9273441576110836
REFUGE1-train-389,5945,1326,0.22304457527333893,4619,77.6955424726661,True,False,287.1787155501902,0.386835779593967,1.0844238954370613,0.905851954102924,133.0538238691624,0.31444932902112377,1.0534363384899392,0.9412362986801016
REFUGE1-train-39,4478,1368,0.3054935238945958,3110,69.45064761054041,True,False,247.62236636408616,0.23017388647065481,1.0275913236031196,0.9177284900020941,134.81118318204307,0.3399104599622544,1.0633119283169699,0.9458975938778234
REFUGE1-train-390,4902,1058,0.21583027335781313,3844,78.41697266421869,True,False,261.03657992645924,0.48032053732558905,1.14012991438692,0.9040249766835652,119.9827560572969,0.27062035599210155,1.0387601403203812,0.9235445810648785
REFUGE1-train-391,5365,1207,0.2249767008387698,4158,77.50232991612303,True,False,271.27922061357856,0.30906164591783447,1.0514782655977601,0.916107697435289,127.63961030678927,0.2694952227968668,1.0384197376513764,0.9309925269777473
REFUGE1-train-392,4829,1334,0.2762476703251191,3495,72.37523296748809,True,False,258.45079348883235,0.5349611406884923,1.1836047108441423,0.90847154654155,135.63961030678928,0.4024711331488936,1.0923796196161093,0.9111557639356387
REFUGE1-train-393,4582,1095,0.23897861195984285,3487,76.10213880401572,True,False,250.20815280171308,0.5287027536374561,1.1781240587296653,0.9197335639371915,121.9827560572969,0.48483319064527053,1.1433711483770614,0.9247558773488647
REFUGE1-train-394,5821,1183,0.2032296856210273,4638,79.67703143789727,True,False,287.5218613006979,0.6607575830325668,1.3322686349034862,0.8848419840025626,125.74011537017762,0.400196150538006,1.091191403685853,0.9402577021938736
REFUGE1-train-395,5150,1533,0.29766990291262135,3617,70.23300970873785,True,False,266.69343417595167,0.502614385644947,1.1567236595762815,0.9098974450065643,145.0538238691624,0.5796431296636555,1.2271889428083067,0.9155744289886231
REFUGE1-train-396,5768,1463,0.2536407766990291,4305,74.63592233009709,True,False,282.5929291125633,0.4858081292983762,1.1440790467907809,0.9076377150142394,141.0538238691624,0.21535085265613185,1.0240270089750112,0.9240265756541564
REFUGE1-train-397,3727,920,0.24684733029246042,2807,75.31526697075395,True,False,228.06601717798213,0.6335812470212191,1.2925304530542356,0.9004261518307721,110.08326112068522,0.07532036811138763,1.0028487055399817,0.9540148129124332
REFUGE1-train-398,4153,898,0.21622923188056825,3255,78.37707681194317,True,False,237.9655121145938,0.4408807494863297,1.1141245850700168,0.9216027348159067,110.08326112068522,0.3804741803776896,1.0813247672226867,0.9312014152123532
REFUGE1-train-399,2915,1256,0.43087478559176673,1659,56.912521440823326,True,False,201.92388155425118,0.695991751012756,1.3926611103672728,0.8984068427068085,130.71067811865476,0.34344009597964104,1.0647647586851667,0.923798745008291
REFUGE1-train-4,3105,1408,0.4534621578099839,1697,54.65378421900161,True,False,206.16652224137044,0.2529013910443326,1.0336002135968305,0.917984141158167,137.29646455628165,0.256211240091348,1.0345318290648033,0.9386286596205101
REFUGE1-train-40,4258,2819,0.6620479098168154,1439,33.79520901831846,True,False,241.7228714274745,0.2828726875413537,1.0425816787152964,0.9157565463591748,195.92388155425118,0.4064692569031674,1.0944937065433553,0.922848025608349
REFUGE1-train-400,3756,715,0.19036208732694357,3041,80.96379126730564,True,False,227.4802307403552,0.509758350379477,1.1623613945731668,0.9121119116954481,97.84062043356595,0.3800672780092328,1.0811291830421423,0.9385934297776389
REFUGE1-train-41,6116,1544,0.25245258338783516,4572,74.75474166121649,True,False,290.8355697996826,0.535147754120564,1.1837703076931088,0.9086200159570222,144.12489168102786,0.2195078886973712,1.0249989820131042,0.9340694587965748
REFUGE1-train-42,5630,1103,0.19591474245115453,4527,80.40852575488455,True,False,278.35028842544403,0.39194652725721096,1.0869706998573279,0.9131348279516784,122.5685424949238,0.34284216529573835,1.0645171686715733,0.9226294922363215
REFUGE1-train-43,3565,913,0.25610098176718094,2652,74.38990182328192,True,False,221.23759005323595,0.3862738852974211,1.0841470122334138,0.9152749157133622,110.32590180780451,0.31732598355544417,1.0545002433164665,0.9425961670270097
REFUGE1-train-44,2896,635,0.21926795580110497,2261,78.0732044198895,True,False,199.58073580374355,0.4867766302844307,1.1447849862307267,0.9136317482747025,93.59797974644667,0.45009857705713047,1.1198473202025496,0.9108579214027168
REFUGE1-train-45,3632,750,0.2064977973568282,2882,79.35022026431719,True,False,222.89444430272832,0.48895342881220066,1.1463815913270352,0.9186650969239473,99.25483399593904,0.4637081402784245,1.1286834408561437,0.9566824184433462
REFUGE1-train-46,3498,933,0.2667238421955403,2565,73.32761578044597,True,False,219.4802307403552,0.543948247200365,1.1917264156987748,0.9125125643751825,110.66904755831214,0.3479355512884757,1.066645670189639,0.9572803914901452
REFUGE1-train-47,3412,650,0.19050410316529895,2762,80.94958968347011,True,False,215.82337649086284,0.5363304316411565,1.1848227562603655,0.9204960330072655,94.66904755831214,0.6796814905535052,1.3633128064149662,0.9113961822718228
REFUGE1-train-48,3371,904,0.2681696825867695,2467,73.18303174132305,True,False,215.23759005323592,0.6006398771379912,1.2507509320045622,0.914391910064927,109.74011537017762,0.4238664444365638,1.1040882476730978,0.9432948635736588
REFUGE1-train-49,5622,1443,0.25667022411953044,4179,74.33297758804696,True,False,280.350288425444,0.6067085118597615,1.2579812821033551,0.8988737355059767,139.05382386916236,0.2263911545798363,1.0266556034340264,0.9378002040184719
REFUGE1-train-5,5059,1169,0.23107333465111682,3890,76.89266653488832,True,False,266.1076477383248,0.541045371777322,1.1890699679310155,0.8977591317915977,125.63961030678928,0.2925009317155715,1.0457349702932888,0.9306174973168564
REFUGE1-train-50,5572,1376,0.24694903086862885,4196,75.30509691313712,True,False,278.1076477383248,0.5822711759157262,1.2300204159690367,0.9053053944544218,135.63961030678928,0.288945063374763,1.0445547739473438,0.9398428269680952
REFUGE1-train-51,3963,1199,0.30254857431238963,2764,69.74514256876104,True,False,233.1370849898476,0.4664546905767479,1.130524614128857,0.9162441448467374,125.98275605729688,0.24790769629054052,1.032222202292543,0.9493073364996807
REFUGE1-train-52,3757,855,0.22757519297311685,2902,77.24248070268831,True,False,226.89444430272832,0.4197240931845742,1.101744152756006,0.9170717917547501,106.32590180780451,0.1521343524551365,1.0117772669414113,0.9503811830652478
REFUGE1-train-53,4364,1020,0.23373052245646195,3344,76.62694775435381,True,False,243.9655121145938,0.3845684079139172,1.0833103636422667,0.9213777736873163,117.1543289325507,0.4510121856538961,1.1204258440203325,0.9338849022031345
REFUGE1-train-54,5746,1060,0.18447615732683606,4686,81.5523842673164,True,False,281.1787155501902,0.2676168815160729,1.0378553544507536,0.9132939910990213,117.9827560572969,0.28476598944905934,1.0431911774787381,0.9569266623937085
REFUGE1-train-55,5231,1476,0.28216402217549225,3755,71.78359778245077,True,False,267.5218613006978,0.2930569091765296,1.0459211695171051,0.918493377359729,141.0538238691624,0.5058808475410843,1.1592813553778905,0.9322373381172486
REFUGE1-train-56,3687,751,0.20368863574721996,2936,79.631136425278,True,False,226.3086578651014,0.5139301869211268,1.1657294021954407,0.9046501584049169,100.08326112068522,0.49849042757182405,1.1535419692218742,0.9421648659384969
REFUGE1-train-57,3282,859,0.26173065204143814,2423,73.82693479585618,True,False,212.40916292848974,0.4572267009972976,1.1244164803823615,0.9141173371110123,107.7401153701776,0.3590892816458223,1.071463149204973,0.9299254966335229
REFUGE1-train-58,4301,1036,0.24087421529876774,3265,75.91257847012322,True,False,243.37972567696687,0.5158479915157875,1.1672968263263015,0.9124530181722796,117.9827560572969,0.18433405775663989,1.0174351240465287,0.9352603983395112
REFUGE1-train-59,3862,1126,0.2915587778353185,2736,70.84412221646815,True,False,231.1370849898476,0.5681173730211739,1.2151442876952403,0.9084120151860134,122.22539674441617,0.35889327346487915,1.0713766051597406,0.947164349548725
REFUGE1-train-6,4748,2302,0.4848357203032856,2446,51.51642796967144,True,False,256.79393923934,0.5657140501082382,1.2127070044395798,0.9047967571938433,179.4386001800126,0.5907530927795974,1.2393840673058816,0.8984283301801238
REFUGE1-train-60,5105,1074,0.21038197845249756,4031,78.96180215475025,True,False,265.27922061357856,0.4940286653937578,1.1501581956727907,0.9115891440449982,120.56854249492379,0.35882242440708445,1.0713453397594048,0.9284234975615745
REFUGE1-train-61,4905,1237,0.2521916411824669,3668,74.78083588175332,True,False,259.86500705120545,0.46684192951989156,1.1307858057715396,0.9127530050958428,128.81118318204307,0.2369740423602607,1.029319145074038,0.9368550989156696
REFUGE1-train-62,5456,1614,0.2958211143695015,3842,70.41788856304986,True,False,275.5218613006978,0.5235312584483014,1.1737000100560744,0.9031753962840142,148.12489168102786,0.3004806412311049,1.0484511133736985,0.9243943936580917
REFUGE1-train-63,5520,1692,0.3065217391304348,3828,69.34782608695652,True,False,276.5929291125633,0.5163750194785759,1.1677297014602217,0.9067066370061737,149.88225099390854,0.2657773485441681,1.0373073396338863,0.9464764424390256
REFUGE1-train-64,4012,996,0.24825523429710866,3016,75.17447657028913,True,False,233.7228714274745,0.3992092982811248,1.0906792666007448,0.9229291475094841,114.32590180780451,0.2802794131379117,1.0417551503364804,0.9575907247818246
REFUGE1-train-65,5176,1581,0.30544822256568777,3595,69.45517774343122,True,False,268.1076477383247,0.5800272211666347,1.2276007482855338,0.9048690355021596,146.12489168102786,0.4281496872949207,1.106552322336843,0.9304506197189628
REFUGE1-train-66,5256,1656,0.3150684931506849,3600,68.4931506849315,True,False,269.86500705120545,0.5477456786315046,1.1952502337065225,0.9069264596393963,148.71067811865476,0.37919259170367575,1.0807098174449188,0.9409919073563917
REFUGE1-train-67,5761,1520,0.26384308279812535,4241,73.61569172018747,True,False,282.5929291125633,0.5163215520561795,1.1676857438124972,0.9065362129329114,144.36753236814712,0.4349431236686233,1.1105460560398388,0.9164618380546669
REFUGE1-train-68,3651,1079,0.2955354697343194,2572,70.44645302656807,True,False,224.3086578651014,0.5092270876132363,1.1619365473947354,0.9118630616210528,121.39696961966999,0.4519963800097543,1.121051384881212,0.9200588712411434
REFUGE1-train-69,5048,1759,0.3484548335974643,3289,65.15451664025356,True,False,263.27922061357856,0.4441005420802736,1.1161001312968188,0.9151579208723595,156.0243866176395,0.42627568549093897,1.1054691639328413,0.9080102178535105
REFUGE1-train-7,5097,3319,0.651167353345105,1778,34.883264665489506,True,False,263.86500705120545,0.3803788491928948,1.0812789164565362,0.9199429575041519,213.23759005323592,0.08987443539789548,1.00406333966368,0.9172539384913724
REFUGE1-train-70,4831,1530,0.3167046160215276,3301,68.32953839784723,True,False,257.27922061357856,0.27172133636619633,1.0390949348277347,0.9171438931188638,143.0538238691624,0.28202838948974146,1.0423115320332526,0.9395120456059903
REFUGE1-train-71,4408,999,0.2266333938294011,3409,77.33666061705989,True,False,245.6223663640862,0.2227071908433462,1.0257616115004478,0.9181542051830691,114.5685424949238,0.18102762795187857,1.01679955110316,0.9564110296660986
REFUGE1-train-72,3519,660,0.1875532821824382,2859,81.24467178175618,True,False,220.06601717798213,0.526447683501057,1.1761834257221182,0.9131101362071189,94.42640687119285,0.4845195950894773,1.1431440290795138,0.93017972977257
REFUGE1-train-73,3919,965,0.24623628476652207,2954,75.3763715233478,True,False,231.1370849898476,0.41871778656847936,1.101180408504157,0.9218194426499188,113.7401153701776,0.3523549174691189,1.0685285278227925,0.9373674065879738
REFUGE1-train-74,3817,874,0.22897563531569295,2943,77.1024364684307,True,False,229.1370849898476,0.4255385191578229,1.1050452571033977,0.9135687938527274,106.91168824543142,0.16057575377651634,1.0131470837594543,0.9608839107944932
REFUGE1-train-75,3552,871,0.24521396396396397,2681,75.4786036036036,True,False,221.23759005323592,0.5696038260835157,1.2166643273095965,0.911937307325067,107.74011537017762,0.42659219102207463,1.1056515452840134,0.9429163068309641
REFUGE1-train-76,3094,786,0.2540400775694893,2308,74.59599224305107,True,False,207.58073580374355,0.5470659480608038,1.1946153757034086,0.9023106414923033,103.1543289325507,0.2690600291112062,1.0382885420278392,0.928234046622187
REFUGE1-train-77,3452,981,0.28418308227114714,2471,71.58169177288528,True,False,219.23759005323592,0.6330193973935931,1.2917627997495933,0.9025070686480139,115.1543289325507,0.20923344987776915,1.0226352975291895,0.9296475600977616
REFUGE1-train-78,4427,971,0.21933589338152248,3456,78.06641066184775,True,False,246.45079348883237,0.41683407999809813,1.1001310811666003,0.9159229569848836,113.74011537017762,0.3450911160790638,1.0654515535473519,0.9431955977170181
REFUGE1-train-79,6228,2243,0.36014771997430955,3985,63.98522800256904,True,False,292.8355697996826,0.22207335034976547,1.0256095082539913,0.9126637727829567,173.6812408671319,0.38403970827922707,1.0830521451298365,0.93440103549257
REFUGE1-train-8,5396,1349,0.25,4047,75.0,True,False,274.35028842544403,0.5557867217165192,1.202899104620607,0.9008883334236217,134.46803743153546,0.33594801063776825,1.0617057762475017,0.937526777764584
REFUGE1-train-80,4206,1016,0.24155967665240133,3190,75.84403233475987,True,False,241.37972567696687,0.43760255608486837,1.1121385956896461,0.907146759643734,116.5685424949238,0.48925664469600116,1.1466050867751743,0.9395953077610752
REFUGE1-train-81,5209,1849,0.3549625647917067,3360,64.50374352082933,True,False,268.1076477383248,0.5009245967158591,1.155413611331604,0.9106381000639002,157.78174593052023,0.3082214752947663,1.0511769399618884,0.9333257765652557
REFUGE1-train-82,4556,1146,0.2515364354697103,3410,74.84635645302897,True,False,250.45079348883235,0.40743554825585654,1.0950096457340106,0.9127435139125546,123.88225099390857,0.2494479350641068,1.032643714969345,0.9383747334363539
REFUGE1-train-83,4808,2159,0.4490432612312812,2649,55.09567387687188,True,False,259.5218613006978,0.5701767424696611,1.2172527776352204,0.8970701966973798,170.61017305526642,0.28841351744252636,1.0443799338529176,0.9320788627856929
REFUGE1-train-84,4746,1462,0.3080488832701222,3284,69.19511167298778,True,False,257.03657992645924,0.4355999383683041,1.1109378363616413,0.9027089118787277,139.0538238691624,0.23572722139381766,1.0289979212993021,0.9501482316528103
REFUGE1-train-85,3796,927,0.244204425711275,2869,75.5795574288725,True,False,229.1370849898476,0.5517653781587781,1.1990416573594194,0.9085426097628905,111.1543289325507,0.4052287211865862,1.093834197325764,0.9428374748089379
REFUGE1-train-86,3854,915,0.23741567202906072,2939,76.25843279709393,True,False,233.1370849898476,0.6069795831877061,1.258308888853465,0.891043384869878,110.91168824543142,0.10605997343066526,1.0056722583199125,0.9347087885732774
REFUGE1-train-87,4231,965,0.2280784684471756,3266,77.19215315528244,True,False,241.03657992645927,0.43450228497956034,1.1102836657199275,0.9151388156594512,113.7401153701776,0.21586125798306435,1.0241452002913647,0.9373674065879738
REFUGE1-train-88,4510,948,0.21019955654101996,3562,78.98004434589801,True,False,249.3797256769669,0.5458193190139755,1.1934557084979118,0.9113057702338706,113.49747468305833,0.2374302467121956,1.0294371779212086,0.9247957051623978
REFUGE1-train-89,5820,1698,0.29175257731958765,4122,70.82474226804123,True,False,282.5929291125633,0.3752531295721045,1.0788389915693037,0.9158203019041042,151.63961030678928,0.4889295872815051,1.1463640295413307,0.9279449883634433
REFUGE1-train-9,3993,1083,0.27122464312546957,2910,72.87753568745305,True,False,233.1370849898476,0.39493468714753627,1.088483712535447,0.9231801338311943,121.1543289325507,0.336626940410125,1.0619791241734184,0.9271722990770666
REFUGE1-train-90,5746,1846,0.3212669683257919,3900,67.87330316742081,True,False,280.5929291125633,0.2731133276035873,1.0395206349169828,0.9171112910070847,157.53910524340094,0.3237839945762926,1.0569360573652586,0.9346840068695649
REFUGE1-train-91,4996,764,0.15292233787029624,4232,84.70776621297038,True,False,261.86500705120545,0.44560228568187793,1.1170300880952495,0.9155400738217362,100.66904755831214,0.10488414832916151,1.005546142992857,0.9473518404209129
REFUGE1-train-92,3605,789,0.2188626907073509,2816,78.11373092926492,True,False,222.65180361560903,0.44784214652929477,1.1184273166749659,0.9138242906973242,102.42640687119285,0.36587564669491296,1.0745019375095646,0.9450678547403081
REFUGE1-train-93,4537,1204,0.2653735948864889,3333,73.46264051135111,True,False,251.03657992645924,0.542579119540076,1.1904695269706334,0.9047000706024868,127.9827560572969,0.4944453128500936,1.1504716355274507,0.923705297561961
REFUGE1-train-94,5376,1977,0.3677455357142857,3399,63.22544642857143,True,False,273.1787155501902,0.5697812917935492,1.216846450323247,0.9052643266630184,162.36753236814712,0.3644696087529119,1.0738655364420526,0.9423628404185744
REFUGE1-train-95,4264,1055,0.2474202626641651,3209,75.2579737335835,True,False,240.79393923933998,0.3527266831544439,1.0686884595205952,0.9241361452251328,119.1543289325507,0.5178251471178573,1.1689255455068381,0.933775926926737
REFUGE1-train-96,4792,1022,0.2132721202003339,3770,78.67278797996661,True,False,256.4507934888324,0.47302167134605366,1.1350083432789455,0.9156269755789743,116.91168824543142,0.6268830607815713,1.2835102708178563,0.9396040844396369
REFUGE1-train-97,3757,886,0.23582645727974447,2871,76.41735427202555,True,False,226.65180361560903,0.20885837515298303,1.0225514542214693,0.9190363738517795,109.7401153701776,0.2547521159545461,1.0341193292459565,0.9245124437237411
REFUGE1-train-98,4076,1571,0.3854268891069676,2505,61.45731108930323,True,False,237.1370849898476,0.5652783274113466,1.2122677951278313,0.910846272470257,146.71067811865476,0.4905243145793377,1.1475423876812383,0.9171969462796571
REFUGE1-train-99,4017,1125,0.28005974607916356,2892,71.99402539208364,True,False,235.37972567696687,0.5435365238777435,1.1913476930370626,0.9111158273915075,122.22539674441617,0.251520636553523,1.0332158909241818,0.9463231733945965
REFUGE1-val-1,5216,1380,0.2645705521472393,3836,73.54294478527608,True,False,267.5218613006979,0.3615856818120908,1.0725713762552485,0.9158595787245928,135.63961030678928,0.35436133535641323,1.0693945371369435,0.9425749282092816
REFUGE1-val-10,4391,939,0.21384650421316329,3452,78.61534957868366,True,False,246.20815280171308,0.38482048779645783,1.083433670418812,0.9102662517098762,112.32590180780451,0.5487543070944011,1.196195602753445,0.9352239676476582
REFUGE1-val-100,5130,2378,0.4635477582846004,2752,53.645224171539965,True,False,265.27922061357856,0.42391041922462575,1.1041133365652056,0.9160533416162273,180.2670273047588,0.4042924825982937,1.093338582812245,0.9195791593722331
REFUGE1-val-101,3997,694,0.17363022266700026,3303,82.63697773329997,True,False,240.3086578651014,0.7144454579812093,1.4292020389253124,0.8697715071321891,95.84062043356595,0.25273182860974885,1.03355288068906,0.9494456334100683
REFUGE1-val-102,3731,852,0.22835700884481372,2879,77.16429911551863,True,False,227.48023074035524,0.5784285271381889,1.2258912120329628,0.90604087926936,106.66904755831213,0.2968973680436345,1.0472197730299768,0.9409631678390417
REFUGE1-val-103,5220,2018,0.38659003831417627,3202,61.34099616858237,True,False,274.1076477383247,0.7109245072478092,1.4219323639604757,0.8730478789095936,168.0243866176395,0.6259567181428857,1.282285053754665,0.8982275855801111
REFUGE1-val-104,4781,1096,0.22924074461409746,3685,77.07592553859025,True,False,255.03657992645927,0.2778251488210668,1.0409817221051039,0.923684500309418,122.8111831820431,0.29533459869017537,1.046688717682002,0.9131551804724536
REFUGE1-val-105,5788,1132,0.19557705597788527,4656,80.44229440221147,True,False,283.5218613006978,0.5791495867815017,1.2266607961665954,0.9048264424133229,122.9116882454314,0.32152428890362333,1.0560762422720578,0.941607530247526
REFUGE1-val-106,3764,675,0.17933049946865037,3089,82.06695005313497,True,False,235.4802307403552,0.770398550202441,1.568473423534026,0.8530030290945628,95.84062043356595,0.31996759564953,1.0554886346122592,0.923452165060225
REFUGE1-val-107,4349,851,0.1956771671648655,3498,80.43228328351346,True,False,245.9655121145938,0.5859815419718923,1.2340736630714013,0.9033391602562129,106.08326112068522,0.26860193877732225,1.0381507264980487,0.9502671146788612
REFUGE1-val-108,5038,1385,0.27491067884080983,3653,72.50893211591901,True,False,262.1076477383248,0.258509121323648,1.0351872390585248,0.9215282246306639,135.88225099390854,0.1581181410553275,1.0127400664099,0.9426146214296721
REFUGE1-val-109,4285,1281,0.29894982497082845,3004,70.10501750291715,True,False,242.55129855222071,0.35119413032925173,1.068030708496993,0.9152789664073963,131.39696961967,0.32934843675632697,1.0590881645942334,0.9323700085568892
REFUGE1-val-11,3960,846,0.21363636363636362,3114,78.63636363636364,True,False,233.1370849898476,0.3980487082908718,1.0900795023938856,0.9155505459482919,106.32590180780451,0.3169463278687847,1.054359090836578,0.9403771706119293
REFUGE1-val-110,5390,1479,0.2743970315398887,3911,72.56029684601113,True,False,274.1076477383248,0.5791451607372821,1.2266560649178266,0.9014804726671852,141.0538238691624,0.31201384126619014,1.0525456510777718,0.9341321294548853
REFUGE1-val-111,3900,963,0.2469230769230769,2937,75.3076923076923,True,False,233.96551211459376,0.6445320335045733,1.3079122167918704,0.8953045299512035,112.5685424949238,0.20481797267427948,1.0216590902170795,0.9549971271655789
REFUGE1-val-112,4635,1344,0.28996763754045307,3291,71.0032362459547,True,False,254.45079348883235,0.6014112004528749,1.2516589922133967,0.8996052545000663,135.63961030678928,0.559778433994537,1.2067932910678898,0.9179860170386046
REFUGE1-val-113,6076,1786,0.29394338380513496,4290,70.6056616194865,True,False,289.0782104868019,0.393038525437885,1.0875215543027719,0.9136858812680727,156.12489168102786,0.2633072250844784,1.0365787577466279,0.9207612173488464
REFUGE1-val-114,5158,1294,0.25087243117487396,3864,74.9127568825126,True,False,266.69343417595167,0.45509660940169677,1.1230376867399168,0.9113108779308463,132.46803743153546,0.4639683324152046,1.1288570119281454,0.9266632419044027
REFUGE1-val-115,5548,1976,0.3561643835616438,3572,64.38356164383562,True,False,278.69343417595167,0.5561183877603832,1.2032201749675449,0.8976206645157623,165.4386001800126,0.49513560355485314,1.1509920815664043,0.9072419236838859
REFUGE1-val-116,4650,898,0.19311827956989247,3752,80.68817204301075,True,False,252.20815280171308,0.43302636798250904,1.1094084726384517,0.9186383552546591,109.49747468305833,0.21396865060753603,1.0237085498024354,0.941191495288903
REFUGE1-val-117,4104,728,0.17738791423001948,3376,82.26120857699804,True,False,238.3086578651014,0.47739028708400044,1.1380560234938548,0.9081081526320686,98.42640687119285,0.4655541147673391,1.1299187138990885,0.9443173759824106
REFUGE1-val-118,6581,3062,0.4652788330041027,3519,53.47211669958973,True,False,300.24978336205567,0.26485633510393636,1.0370347044540267,0.9173527123452062,204.89444430272832,0.11888986332146442,1.0071432155743867,0.9165468833930923
REFUGE1-val-119,4945,1803,0.3646107178968655,3142,63.53892821031345,True,False,267.03657992645924,0.7281202060514401,1.4588967601801477,0.8714342914435907,156.95331880577402,0.4812377316795622,1.140784013585462,0.9197389610353975
REFUGE1-val-12,4245,811,0.19104829210836277,3434,80.89517078916371,True,False,242.20815280171308,0.45617075666749096,1.1237315357574709,0.9093059722768141,105.25483399593904,0.3897614829577287,1.0858755549231043,0.9199127049766813
REFUGE1-val-120,3722,837,0.2248790972595379,2885,77.5120902740462,True,False,225.7228714274745,0.39645785441184767,1.0892618222771864,0.9179839756318654,105.74011537017762,0.4606860183595222,1.1266803607271658,0.9407100031760324
REFUGE1-val-121,4438,1142,0.2573231185218567,3296,74.26768814781433,True,False,252.79393923933998,0.7033036596494205,1.4066882683559934,0.8726977312970672,125.63961030678928,0.5950648577935923,1.244279919149413,0.9091233378407613
REFUGE1-val-122,4053,1067,0.2632617813964964,2986,73.67382186035036,True,False,236.5512985522207,0.5720359219385016,1.2191723610085408,0.9101978280651914,119.1543289325507,0.15782736790370502,1.012692357468402,0.9443970749107379
REFUGE1-val-123,4983,833,0.16716837246638572,4150,83.28316275336142,True,False,262.45079348883235,0.5514510303511972,1.198742856663119,0.9090860026374011,106.91168824543142,0.4806275468271221,1.140348594707928,0.9158081209288477
REFUGE1-val-124,6434,2096,0.32576935032639104,4338,67.42306496736089,True,False,297.66399692442883,0.15596232785234318,1.0123885950757612,0.9125114079229353,169.88225099390854,0.2481648510210545,1.0322923597076636,0.9126518291177541
REFUGE1-val-125,4103,1740,0.424079941506215,2363,57.5920058493785,True,False,236.79393923933998,0.3665311196265854,1.0747998435478603,0.9195391327680013,154.12489168102786,0.2764614426890094,1.0405556454082039,0.9204782765643448
REFUGE1-val-126,5444,1502,0.27590007347538575,3942,72.40999265246143,True,False,276.1076477383248,0.6035684562972743,1.2542154486821129,0.8973690947529194,142.22539674441617,0.48316429230412233,1.1421657001307566,0.9330941976854581
REFUGE1-val-127,4068,999,0.24557522123893805,3069,75.4424778761062,True,False,237.9655121145938,0.5983535379886167,1.2480776432893181,0.9027401698124509,115.98275605729688,0.2888854775796345,1.0445351541437895,0.9332295956916412
REFUGE1-val-128,5818,2115,0.3635269852182881,3703,63.647301478171194,True,False,283.1787155501902,0.3423091296031333,1.0642969591907832,0.9117218558411772,169.4386001800126,0.20181854315069983,1.0210093816041466,0.9257538482572069
REFUGE1-val-129,4873,602,0.12353786168684588,4271,87.64621383131541,True,False,259.27922061357856,0.5546524759468473,1.2018044769057605,0.9109003109040728,88.42640687119285,0.22497929751258425,1.0263109762835019,0.9674808976367875
REFUGE1-val-13,3977,1020,0.2564747296957506,2957,74.35252703042494,True,False,233.9655121145938,0.5331867961489691,1.1820365318028707,0.9129810552861372,116.9116882454314,0.500629654862698,1.1551858579152738,0.9377653288927887
REFUGE1-val-130,4297,1081,0.25157086339306495,3216,74.84291366069351,True,False,242.79393923933998,0.4373409907554704,1.1119812282908992,0.9160085657375331,119.9827560572969,0.3370052027911666,1.0621317498188156,0.9436216371749847
REFUGE1-val-131,4385,715,0.1630558722919042,3670,83.69441277080958,True,False,246.20815280171308,0.5678920563725347,1.2149147226882318,0.9090224353786853,99.01219330881975,0.2904436192716465,1.0450498994724706,0.9165128189860711
REFUGE1-val-132,3995,734,0.183729662077597,3261,81.6270337922403,True,False,235.7228714274745,0.6402250088055244,1.301765626537118,0.9034896922911618,98.76955262170047,0.3846572047145537,1.0833537852463813,0.9454961193350759
REFUGE1-val-133,4994,1901,0.3806567881457749,3093,61.934321185422505,True,False,263.0365799264593,0.582670503097291,1.2304534971790693,0.9070392987289834,159.53910524340094,0.17692092048121608,1.0160277671738447,0.9385505679152546
REFUGE1-val-134,4327,1333,0.308065634388722,2994,69.1934365611278,True,False,248.79393923933998,0.666721183562544,1.3417285692124803,0.8784502408443317,133.63961030678928,0.28097880652294793,1.0419771181447794,0.9379282402482815
REFUGE1-val-135,5494,1945,0.35402257007644705,3549,64.59774299235531,True,False,274.69343417595167,0.1927139150824125,1.0191031022389225,0.9149596908346447,163.19595949289334,0.38892468416910736,1.0854586437773903,0.9177209914808427
REFUGE1-val-136,4127,990,0.23988369275502786,3137,76.01163072449721,True,False,239.62236636408616,0.5626451787965232,1.2096308451180644,0.9032118514793126,116.08326112068522,0.4797975369851491,1.1397579964720062,0.9232213903254686
REFUGE1-val-137,4910,1062,0.21629327902240325,3848,78.37067209775968,True,False,259.27922061357856,0.28492581244828435,1.0432428635167166,0.9178166481713518,118.5685424949238,0.3850564315307906,1.0835491954769452,0.9492823762153216
REFUGE1-val-138,3750,497,0.13253333333333334,3253,86.74666666666667,True,False,229.1370849898476,0.5543154865581841,1.2014802635406647,0.8975328731851526,79.94112549695429,0.205758267744101,1.0218650001355363,0.9772951328552043
REFUGE1-val-139,3894,716,0.18387262455059064,3178,81.61273754494094,True,False,229.9655121145938,0.20082336541923765,1.02079620340181,0.9252953752921609,98.08326112068522,0.1840615992815772,1.0173822708613736,0.9352615758621678
REFUGE1-val-14,5837,2259,0.3870138769916053,3578,61.29861230083947,True,False,282.350288425444,0.4014440208987373,1.091841847719641,0.9200746940053971,174.8528137423857,0.17495664071715827,1.0156654830364293,0.9284977253859444
REFUGE1-val-140,5153,1561,0.30293033184552687,3592,69.70696681544732,True,False,266.1076477383248,0.41378793594852825,1.0984504936358646,0.9144401672508605,145.0538238691624,0.26248668889822935,1.0363385764147832,0.9322972496094198
REFUGE1-val-141,3459,602,0.17403873952009252,2857,82.59612604799075,True,False,220.30865786510142,0.5108361833377969,1.1632261288240038,0.89556537982721,89.59797974644667,0.19755211552424828,1.020103812381253,0.9423449785031577
REFUGE1-val-142,5201,1278,0.2457219765429725,3923,75.42780234570276,True,False,269.86500705120545,0.586405844151645,1.2345413836750632,0.8974361713440829,133.9827560572969,0.6520735255998431,1.3189902218865617,0.8946288592139312
REFUGE1-val-143,3819,606,0.1586802827965436,3213,84.13197172034565,True,False,231.7228714274745,0.640959528981566,1.3028048372886534,0.8937616574977599,90.42640687119285,0.4625759998520116,1.1279302654816006,0.9313050105893879
REFUGE1-val-144,4952,873,0.1762924071082391,4079,82.37075928917609,True,False,262.69343417595167,0.6044498389915288,1.2552670967624617,0.9017622774228864,107.74011537017762,0.2541100350895737,1.0339387124816104,0.945081441863871
REFUGE1-val-145,6694,2424,0.3621153271586495,4270,63.788467284135045,True,False,305.6639969244288,0.6024431150696488,1.2528787687110163,0.9003409356199429,180.2670273047588,0.2832923198002961,1.0427163255929857,0.9373674862566412
REFUGE1-val-146,4489,749,0.16685230563599912,3740,83.3147694364001,True,False,248.69343417595167,0.4921507341646723,1.148751885052048,0.912075585036908,101.1543289325507,0.2567248843151286,1.0346777169160077,0.9198621204691335
REFUGE1-val-147,5544,1494,0.2694805194805195,4050,73.05194805194806,True,False,277.7645019878171,0.588732510495307,1.2371216823743676,0.9029830547643862,141.88225099390857,0.35861497860109715,1.0712538459951428,0.9326191341232938
REFUGE1-val-148,4456,1097,0.24618491921005387,3359,75.38150807899461,True,False,246.55129855222071,0.29944557569314184,1.048093463574999,0.9211714252940698,120.5685424949238,0.43372478494642414,1.1098219925361261,0.9483059374534888
REFUGE1-val-149,4602,1237,0.26879617557583657,3365,73.12038244241634,True,False,253.62236636408616,0.5549076031187985,1.20205023746918,0.8990448916456497,128.22539674441617,0.13379807791480527,1.0090729638459839,0.9454345315452352
REFUGE1-val-15,5825,1422,0.24412017167381975,4403,75.58798283261802,True,False,282.936074863071,0.2514502323301672,1.0331963622631688,0.9143851094844772,138.81118318204307,0.3865307662368488,1.0842735185335444,0.9273860276663679
REFUGE1-val-150,5329,1777,0.33345843497842,3552,66.654156502158,True,False,274.35028842544403,0.6814762785163766,1.3664185115111807,0.8897023589352263,154.95331880577405,0.4992143838202144,1.1540967198329304,0.9300269358231531
REFUGE1-val-151,5148,1301,0.2527195027195027,3847,74.72804972804973,True,False,267.27922061357856,0.5988142351421216,1.2486141131222692,0.9055616243057301,131.63961030678928,0.304172341658221,1.049739800075331,0.9434393463192867
REFUGE1-val-152,4490,1296,0.288641425389755,3194,71.1358574610245,True,False,249.03657992645927,0.5185278867668871,1.1695075911110646,0.9097664522272771,132.81118318204307,0.41238214251818883,1.0976816353850938,0.9233058220482059
REFUGE1-val-153,4402,776,0.17628350749659247,3626,82.37164925034075,True,False,248.79393923933998,0.63752937721297,1.2979831153013788,0.8936764409976307,101.49747468305833,0.12373622837234001,1.0077443699737993,0.9465882549038861
REFUGE1-val-154,4468,760,0.1700984780662489,3708,82.99015219337511,True,False,251.62236636408616,0.68558492906473,1.3736402335753701,0.886797670920995,100.42640687119285,0.35121925046883484,1.0680414568669014,0.9469512188293494
REFUGE1-val-155,4714,1134,0.240560033941451,3580,75.9439966058549,True,False,253.86500705120545,0.44653444598416087,1.1176100838152152,0.919165593185632,122.5685424949238,0.37505088850833435,1.078743736302188,0.9485601488630903
REFUGE1-val-156,5354,1531,0.2859544265969369,3823,71.40455734030631,True,False,272.35028842544403,0.46208167776367914,1.1276024583534936,0.9070527655418477,144.46803743153546,0.34810482393651765,1.066717168440017,0.9218101985222562
REFUGE1-val-157,6009,1469,0.24446663338325844,4540,75.55333666167415,True,False,286.8355697996826,0.25524287052845535,1.0342577494309464,0.9177957783419382,140.46803743153546,0.2883801898532863,1.0443689851380595,0.935570739388816
REFUGE1-val-158,4715,936,0.1985153764581124,3779,80.14846235418875,True,False,253.27922061357856,0.4501282197820964,1.1198660583827327,0.923618107936506,111.49747468305833,0.3359505437714243,1.0617067947098577,0.9461405380330352
REFUGE1-val-159,4502,2785,0.6186139493558418,1717,38.13860506441581,True,False,247.62236636408616,0.28263819652592714,1.0425065474852113,0.9226470884299749,192.99494936611666,0.2978440800019408,1.047543240608089,0.939600363228828
REFUGE1-val-16,3236,491,0.15173053152039556,2745,84.82694684796044,True,False,211.58073580374355,0.4296609549037905,1.10743162033549,0.9083770027544165,81.94112549695427,0.2389421080701001,1.0298302541275917,0.9189407412022564
REFUGE1-val-160,5943,3224,0.5424869594480902,2719,45.751304055190985,True,False,286.5929291125633,0.3034101327647437,1.049472050949383,0.9092528100592289,209.4802307403552,0.4089587994557525,1.0958269454955882,0.9232489235296433
REFUGE1-val-161,5741,1210,0.2107646751437032,4531,78.92353248562968,True,False,281.76450198781714,0.35999621237272,1.0718644779960387,0.9087090543218228,126.5685424949238,0.31401399398508817,1.0532764564910142,0.9491692856366419
REFUGE1-val-162,3566,725,0.20330902972518228,2841,79.66909702748177,True,False,223.4802307403552,0.6315268955559147,1.2897335120886522,0.8972489952515164,98.32590180780451,0.2688810455700213,1.0382346607131328,0.9423494773574385
REFUGE1-val-163,4675,1043,0.22310160427807488,3632,77.68983957219251,True,False,254.79393923933998,0.6267084357461258,1.2832788975668243,0.9049264715866466,119.05382386916237,0.1778613142110404,1.0162027802611746,0.9247140886676696
REFUGE1-val-164,4137,881,0.2129562484892434,3256,78.70437515107565,True,False,239.37972567696687,0.5024211359245173,1.1565733888066605,0.9072367935995963,107.49747468305833,0.32619982712401774,1.057864291093821,0.9580523676022777
REFUGE1-val-165,3872,1355,0.349948347107438,2517,65.0051652892562,True,False,230.55129855222071,0.2572846006300506,1.0348370935783904,0.9153982278182767,134.46803743153546,0.29207178836447895,1.0455915579653987,0.9416966522394451
REFUGE1-val-166,5402,1010,0.18696778970751574,4392,81.30322102924843,True,False,272.350288425444,0.5095332842900585,1.1621812997958263,0.9151847290730412,116.32590180780451,0.1988374603423659,1.020374343811057,0.937947179339301
REFUGE1-val-167,6285,1781,0.2833731105807478,4504,71.66268894192523,True,False,297.4213562373095,0.6325441451760723,1.2911150612969446,0.8928342599237504,156.46803743153546,0.5621963946711254,1.2091843498116286,0.9141606284741597
REFUGE1-val-168,4841,1244,0.2569717000619707,3597,74.30282999380293,True,False,257.86500705120545,0.24193810132582869,1.0306179212398336,0.9148715536334612,128.81118318204307,0.3489187200159493,1.0670616330327323,0.9421566233234383
REFUGE1-val-169,5270,807,0.15313092979127135,4463,84.68690702087287,True,False,270.1076477383248,0.49949008500127284,1.1543084056296464,0.9077091589379697,103.49747468305833,0.19664668795287646,1.0199144249399685,0.9467251017671043
REFUGE1-val-17,7731,2156,0.27887724744534986,5575,72.11227525546501,True,False,325.22034611053283,0.33958705761473384,1.0631798589227626,0.9185231826378654,171.4386001800126,0.3629913828720443,1.0732003145402174,0.9218099606323369
REFUGE1-val-170,3664,585,0.15966157205240175,3079,84.03384279475983,True,False,230.06601717798213,0.7278909289631169,1.458378750729573,0.8698820727109429,88.42640687119285,0.32605203091076823,1.057807234824455,0.940160008500865
REFUGE1-val-171,5163,2047,0.39647491768351734,3116,60.35250823164827,True,False,265.86500705120545,0.4391328302987051,1.1130624967315952,0.9178878684305112,166.61017305526642,0.14869845851601274,1.011242400657193,0.9266690874435716
REFUGE1-val-172,4370,1134,0.2594965675057208,3236,74.05034324942793,True,False,252.20815280171308,0.7318063282375219,1.4673241849751641,0.8633224973038409,125.63961030678928,0.5879176974311334,1.2362150421188827,0.9027546979959924
REFUGE1-val-173,3188,479,0.15025094102885822,2709,84.97490589711418,True,False,211.82337649086284,0.6787628852517257,1.361734567658853,0.8928539079107662,81.94112549695429,0.40551663206970695,1.093986974342417,0.8964819043500625
REFUGE1-val-174,4372,723,0.16537053979871913,3649,83.46294602012809,True,False,248.20815280171308,0.6766963049362249,1.3582116843207614,0.8917804191154735,98.76955262170047,0.36144942568822647,1.0725106009548517,0.9313265589635693
REFUGE1-val-175,4254,1158,0.27221438645980256,3096,72.77856135401974,True,False,242.55129855222071,0.5573489606732773,1.2044153647646285,0.908657344946806,124.81118318204308,0.44464778241192093,1.1164383781511282,0.9341388254620435
REFUGE1-val-176,6628,1071,0.1615872057936029,5557,83.84127942063971,True,False,302.5929291125633,0.5647262900045288,1.2117125101078177,0.9096510246414914,119.9827560572969,0.23894640774325807,1.029831376222756,0.9348924823445037
REFUGE1-val-177,4027,649,0.16116215545070772,3378,83.88378445492923,True,False,239.9655121145938,0.6931275164981407,1.3873185458966564,0.878807662558664,92.42640687119285,0.4365498863424081,1.111506248585546,0.9546901043158931
REFUGE1-val-178,3432,612,0.17832167832167833,2820,82.16783216783216,True,False,217.23759005323592,0.5864642336290268,1.2346058162453193,0.9138758285998042,89.59797974644667,0.30458841967516215,1.0498863303428982,0.9579985495746388
REFUGE1-val-179,3723,715,0.19204942250872953,3008,80.79505774912705,True,False,231.4802307403552,0.7117420581768192,1.4236072743519106,0.8731223132179535,96.42640687119285,0.4991982278468332,1.1540843223701347,0.9663266074687381
REFUGE1-val-18,3791,724,0.19097863360590872,3067,80.90213663940912,True,False,228.06601717798213,0.5103433319821257,1.1628302532057824,0.9158882590798113,98.08326112068522,0.34166673234937917,1.0640322062186878,0.9457114258718009
REFUGE1-val-180,3869,1067,0.27578185577668646,2802,72.42181442233135,True,False,231.1370849898476,0.5333720830767812,1.1821997551447363,0.9100585413657912,119.1543289325507,0.3460686269376388,1.065860363113609,0.9443970749107379
REFUGE1-val-181,7918,2058,0.25991411972720385,5860,74.00858802727961,True,False,330.63455967290594,0.3369117208451609,1.0620940085812778,0.9101833123248183,168.0243866176395,0.41169124204233853,1.0973053154721966,0.9160318984756534
REFUGE1-val-182,2494,530,0.21251002405773858,1964,78.74899759422614,True,False,187.92388155425118,0.6885014187810992,1.378863414548079,0.8874468757138312,85.25483399593904,0.3789685846323635,1.0806026517062453,0.9163211428447569
REFUGE1-val-183,5165,1531,0.29641819941916747,3634,70.35818005808325,True,False,268.1076477383248,0.5839256501566635,1.231819663568585,0.9029460139815789,143.29646455628165,0.3761088953989519,1.0792429046637357,0.936945012418428
REFUGE1-val-184,5264,852,0.16185410334346503,4412,83.8145896656535,True,False,270.69343417595167,0.6169479291887155,1.2706416168048802,0.902755828275661,106.9116882454314,0.19476012951443258,1.0195229447843228,0.9366969015982934
REFUGE1-val-185,5170,1527,0.295357833655706,3643,70.4642166344294,True,False,267.5218613006978,0.49205774113447204,1.148682519015939,0.9077825962435098,143.88225099390854,0.35639524639623865,1.0702796030727493,0.9269033544562466
REFUGE1-val-186,5164,1240,0.24012393493415957,3924,75.98760650658404,True,False,267.27922061357856,0.4679213424795726,1.1315159704233957,0.9083761126485607,129.39696961967,0.39210548683832686,1.087050739117974,0.9306434776828617
REFUGE1-val-187,4891,1263,0.25822940094050295,3628,74.1770599059497,True,False,260.45079348883235,0.4413822751631852,1.1144306696643262,0.9060583291250702,131.88225099390854,0.5076290325101429,1.1606640566924926,0.9125160507675923
REFUGE1-val-188,6231,1442,0.23142352752367196,4789,76.8576472476328,True,False,292.492424049175,0.2565035868242923,1.034614819483042,0.9152471217222086,139.9827560572969,0.4320655453045681,1.1088414284935464,0.9247536297212576
REFUGE1-val-189,4340,666,0.1534562211981567,3674,84.65437788018433,True,False,253.37972567696687,0.7639934904086736,1.549849472958251,0.8494853045387142,93.59797974644667,0.4504525770589881,1.1200712378610107,0.955325001030251
REFUGE1-val-19,4427,1232,0.27829229726677207,3195,72.17077027332279,True,False,247.1370849898476,0.400153795347444,1.0911693822199502,0.9108430447249612,128.81118318204307,0.34619152780992785,1.0659118772857692,0.9330682957672637
REFUGE1-val-190,4588,852,0.1857018308631212,3736,81.42981691368789,True,False,252.79393923933998,0.5318076687920191,1.180825524900947,0.9021940493895774,107.25483399593904,0.2814805403388846,1.0421367828318424,0.9307128470599627
REFUGE1-val-191,4189,942,0.2248746717593698,3247,77.51253282406302,True,False,239.6223663640862,0.46463133451384353,1.1293000957289958,0.9167808204135788,113.7401153701776,0.17511438269097931,1.0156944127460559,0.9150260072599704
REFUGE1-val-192,5747,1766,0.3072907603967287,3981,69.27092396032712,True,False,280.9360748630709,0.3687588515848284,1.0758181798914792,0.9150314906854197,154.46803743153546,0.4457882183346947,1.1171456076890667,0.9300864252217403
REFUGE1-val-193,3138,465,0.14818355640535372,2673,85.18164435946463,True,False,206.40916292848976,0.20122302337124187,1.0208816719462253,0.9255605980967809,78.18376618407356,0.2502870427351362,1.0328746685180177,0.9559378176582489
REFUGE1-val-194,4643,1304,0.28085289683394354,3339,71.91471031660565,True,False,257.03657992645924,0.6541205715843978,1.3220687878762367,0.8831178840819497,131.39696961967,0.33618592259816565,1.061801476560638,0.949110453675397
REFUGE1-val-195,6131,1197,0.19523731854509868,4934,80.47626814549014,True,False,290.0071426749364,0.451023185343077,1.1204328219629855,0.9160597286815629,127.74011537017762,0.45146465299084365,1.1207131268462185,0.9218269617803172
REFUGE1-val-196,4605,1012,0.21976112920738328,3593,78.02388707926167,True,False,253.03657992645927,0.5762964392207676,1.2236296610873802,0.9038011313162779,116.32590180780451,0.3846779163711117,1.0833639154320667,0.9398045004865077
REFUGE1-val-197,5727,2285,0.39898725336127117,3442,60.101274663872886,True,False,281.1787155501902,0.5345071399535675,1.1832023710061246,0.9102740492558467,176.8528137423857,0.4188463341496321,1.1012522987442706,0.9180622305232805
REFUGE1-val-198,4396,963,0.21906278434940854,3433,78.09372156505916,True,False,245.37972567696687,0.4552335064129887,1.1231259534768354,0.9174664556435479,113.1543289325507,0.4591932282763072,1.125699664698325,0.9451349091878871
REFUGE1-val-199,4625,1092,0.23610810810810812,3533,76.38918918918918,True,False,252.45079348883235,0.5545859916725817,1.2017404768107214,0.9119438963236692,120.91168824543142,0.31591608225297874,1.0539771907893594,0.9386332449224978
REFUGE1-val-2,5541,1116,0.2014076881429345,4425,79.85923118570655,True,False,277.4213562373095,0.5011246499782791,1.1555682450947664,0.9047284203652707,123.39696961966999,0.4184852301432098,1.1010504431276,0.9210115356451434
REFUGE1-val-20,4420,970,0.21945701357466063,3450,78.05429864253394,True,False,247.9655121145938,0.5652763511162449,1.2122658048761272,0.9033365229514124,114.5685424949238,0.3259166702595542,1.057755010044043,0.9286473461222379
REFUGE1-val-200,4445,787,0.17705286839145107,3658,82.2947131608549,True,False,249.37972567696687,0.632327029876553,1.290819632728863,0.8981716515941366,102.08326112068522,0.24065587831962343,1.0302793932997305,0.9490203507223984
REFUGE1-val-201,4672,1630,0.3488869863013699,3042,65.11130136986301,True,False,253.6223663640862,0.45531521773019173,1.1231786608492558,0.9127200638349575,148.95331880577402,0.5229398491688192,1.173199999567001,0.9232027728296758
REFUGE1-val-202,5515,1394,0.2527651858567543,4121,74.72348141432457,True,False,276.936074863071,0.5610378373499741,1.2080356244733215,0.9036418080739624,139.29646455628165,0.5533777111595037,1.2005804548922148,0.9028018701888689
REFUGE1-val-203,4883,877,0.17960270325619496,4006,82.0397296743805,True,False,258.69343417595167,0.3655937361613472,1.0743740519434621,0.9169080296557521,106.91168824543142,0.3619557280893955,1.0727365984492898,0.9641821393212477
REFUGE1-val-204,5811,1599,0.2751677852348993,4212,72.48322147651007,True,False,283.1787155501902,0.5031517273760623,1.1571421081009614,0.910624906203692,147.29646455628165,0.26330810315364933,1.0365790152597152,0.9261336880162485
REFUGE1-val-205,7379,1860,0.2520666757013145,5519,74.79333242986854,True,False,318.97770542341357,0.4273648529743701,1.1060977284844598,0.9113531838646474,158.36753236814712,0.24888089106025077,1.0324881699314623,0.9319454852595643
REFUGE1-val-206,5097,743,0.1457720227584854,4354,85.42279772415147,True,False,264.45079348883235,0.35650471691751223,1.0703274458793808,0.9158719297598769,99.25483399593904,0.4066149046724566,1.094571348301214,0.9477533825378749
REFUGE1-val-207,5091,1546,0.3036731486937733,3545,69.63268513062266,True,False,265.86500705120545,0.5288910564717806,1.1782869166486944,0.9050875727638452,144.71067811865476,0.4575813034867674,1.1246471322428442,0.927722727867819
REFUGE1-val-208,6218,3441,0.5533933740752653,2777,44.660662592473464,True,False,293.4213562373095,0.4727047838860537,1.1347893090299288,0.907563751108674,216.3086578651014,0.4525537320834335,1.1214067012799873,0.924159072492681
REFUGE1-val-209,4360,739,0.16949541284403669,3621,83.05045871559633,True,False,248.55129855222071,0.6860438199784871,1.374456669500751,0.886878813840345,99.59797974644667,0.4731982780393172,1.135130533528698,0.9361668184810901
REFUGE1-val-21,4880,1408,0.28852459016393445,3472,71.14754098360656,True,False,259.03657992645924,0.31352809544925236,1.0530983517758647,0.9139185474161219,137.63961030678928,0.30888130440755757,1.0514134954542402,0.9339543519490858
REFUGE1-val-210,5228,860,0.16449885233358838,4368,83.55011476664116,True,False,267.86500705120545,0.4536613967656633,1.1221151533291507,0.9156162204234647,107.49747468305833,0.38805747293721954,1.0850280306211215,0.9352157050374107
REFUGE1-val-211,4354,1205,0.27675700505282497,3149,72.32429949471751,True,False,244.20815280171308,0.47192126304579785,1.1342489083716862,0.9174406342260226,129.49747468305833,0.38045363925186443,1.0813148862384172,0.9029720594397811
REFUGE1-val-212,5227,1815,0.34723550793954466,3412,65.27644920604553,True,False,269.86500705120545,0.5700874324251205,1.2171609509373125,0.9019224894473221,158.95331880577402,0.5712610533259431,1.218370454375761,0.9027080042332554
REFUGE1-val-213,3809,741,0.1945392491467577,3068,80.54607508532423,True,False,230.3086578651014,0.6324954425727662,1.2910487652416844,0.9024025373120219,100.08326112068522,0.517131413950498,1.1683525836231452,0.929619395020541
REFUGE1-val-214,5670,2355,0.41534391534391535,3315,58.46560846560847,True,False,280.0071426749364,0.4317656589063011,1.1086648815265248,0.9087715094865063,178.8528137423857,0.380854987070546,1.0815080940112105,0.9251437551494902
REFUGE1-val-215,3697,407,0.11008926156342981,3290,88.99107384365702,True,False,226.5512985522207,0.5876636642908234,1.2359330437986222,0.905161769885451,74.8700576850888,0.4765856075592943,1.1374906992809615,0.9124055908021419
REFUGE1-val-216,4982,2160,0.4335608189482136,2822,56.64391810517865,True,False,261.86500705120545,0.4327831722833511,1.1092647456605218,0.9129745091633086,170.61017305526642,0.12851499090606547,1.0083617731208785,0.9325105806471035
REFUGE1-val-217,5321,1666,0.31309904153354634,3655,68.69009584664538,True,False,274.35028842544403,0.6472535445846893,1.3118628854924912,0.888366720190343,150.95331880577402,0.4137496176653035,1.0984294804084065,0.9187546066939998
REFUGE1-val-218,5565,1974,0.35471698113207545,3591,64.52830188679245,True,False,276.350288425444,0.2741713222332468,1.0398459992472195,0.9157041624131262,162.61017305526642,0.3273745561283488,1.0583190409378986,0.9381268982160892
REFUGE1-val-219,4389,850,0.19366598313966735,3539,80.63340168603327,True,False,247.37972567696687,0.538039381667152,1.1863526238613022,0.9012540673279853,106.66904755831213,0.29496757292148146,1.046564519206093,0.9387543341117199
REFUGE1-val-22,5701,1244,0.2182073320470093,4457,78.17926679529907,True,False,285.1787155501902,0.6877500509192238,1.3775099578793837,0.8809001578337003,130.5685424949238,0.1553027938730724,1.0122821045813348,0.9169657869520357
REFUGE1-val-220,5925,1189,0.20067510548523207,4736,79.9324894514768,True,False,287.4213562373095,0.5871547342637505,1.2353690344666843,0.9012808636231832,126.12489168102786,0.33600932568733577,1.0617304313297704,0.9392692534003774
REFUGE1-val-221,3616,891,0.24640486725663716,2725,75.3595132743363,True,False,222.06601717798213,0.16319635981313968,1.013588565222542,0.9214548896909642,108.91168824543142,0.2916303993295482,1.045444334398104,0.9439273891449484
REFUGE1-val-222,4636,847,0.18270060396893875,3789,81.72993960310613,True,False,255.27922061357856,0.5478870809863291,1.1953825277426327,0.8939687976530314,108.08326112068522,0.6543115841904719,1.3223576480817403,0.9111217090997762
REFUGE1-val-223,4007,802,0.2001497379585725,3205,79.98502620414276,True,False,236.55129855222071,0.6092004917876624,1.2610082195765464,0.8998674308061243,103.74011537017762,0.5040496459713477,1.1578433664155747,0.9364633366216231
REFUGE1-val-224,5690,1465,0.25746924428822493,4225,74.2530755711775,True,False,281.7645019878171,0.5833006807522114,1.2311384788804114,0.9006365649000478,140.46803743153546,0.4077709066326041,1.0951891634837272,0.9330232356736661
REFUGE1-val-225,5996,1704,0.28418945963975983,4292,71.58105403602401,True,False,287.1787155501902,0.4892310712294845,1.1465862265940017,0.9136229296553627,151.53910524340094,0.4486910876246737,1.1189600961556712,0.9324595841825889
REFUGE1-val-226,5293,1678,0.31702248252408843,3615,68.29775174759116,True,False,270.1076477383247,0.3268979535830656,1.0581342753358174,0.9116706979617981,151.5391052434009,0.2258086021901684,1.0265131020002767,0.9182319144708829
REFUGE1-val-227,7836,1919,0.2448953547728433,5917,75.51046452271567,True,False,328.14927829866735,0.37163614942284784,1.0771469166550642,0.9144529903816436,161.19595949289334,0.4029678861325423,1.092640486810467,0.9280610273025828
REFUGE1-val-228,4591,1044,0.22740143759529513,3547,77.25985624047048,True,False,252.79393923933998,0.5067284577515265,1.159950547111859,0.9027839757514275,119.1543289325507,0.31923505071476216,1.055213443977398,0.9240398746080697
REFUGE1-val-229,4015,629,0.15666251556662517,3386,84.33374844333748,True,False,234.55129855222071,0.5363426824091118,1.184833684919562,0.9171064128788218,92.18376618407356,0.5524302558724644,1.19967495020869,0.9301470538291223
REFUGE1-val-23,4805,1240,0.25806451612903225,3565,74.19354838709677,True,False,257.27922061357856,0.3732094688534743,1.0778799456514816,0.912207908597835,129.63961030678928,0.3070517218953175,1.050759204974851,0.927163049883891
REFUGE1-val-230,5554,1222,0.22002160604969392,4332,77.99783939503061,True,False,276.9360748630709,0.5537982642394935,1.2009835429740094,0.9100320221292456,127.39696961966999,0.32809057186334123,1.05859730892825,0.9461562766022521
REFUGE1-val-231,4378,666,0.15212425765189586,3712,84.78757423481042,True,False,246.79393923933998,0.5309266390860256,1.180055477480594,0.9032680338383597,95.01219330881975,0.3379251514184924,1.0625039323110672,0.9270974911891726
REFUGE1-val-232,4448,1383,0.31092625899280574,3065,68.90737410071942,True,False,250.79393923933998,0.6571061081707082,1.3266151923216625,0.8886701007501081,137.88225099390854,0.33168742776742455,1.0600077355866322,0.9141454761736748
REFUGE1-val-233,5563,1384,0.2487866259212655,4179,75.12133740787344,True,False,279.5218613006978,0.6245439722713441,1.2804267066772568,0.8947204521009432,136.22539674441617,0.37269175107907293,1.0776382273880245,0.9371946296021588
REFUGE1-val-234,4639,1149,0.24768269023496442,3490,75.23173097650356,True,False,251.86500705120545,0.4386024741589513,1.1127416689119667,0.9189641532628854,124.5685424949238,0.38545626383511905,1.0837452114304722,0.9304930348967131
REFUGE1-val-235,4305,882,0.2048780487804878,3423,79.51219512195122,True,False,243.1370849898476,0.46083187039699547,1.126776487425249,0.9151253978721787,108.32590180780451,0.3917435487576014,1.0868685690676734,0.9445257944524384
REFUGE1-val-236,4310,844,0.19582366589327146,3466,80.41763341067285,True,False,248.79393923933998,0.7324025590856057,1.4687051366186301,0.8749989688095838,106.66904755831213,0.25966875455896893,1.035520693154546,0.932127832929755
REFUGE1-val-237,4479,660,0.14735432016075017,3819,85.26456798392499,True,False,249.6223663640862,0.5665618846590316,1.2135639657258426,0.9032832036365482,93.25483399593904,0.3660391668136591,1.0745761827050606,0.9536984853628041
REFUGE1-val-238,4879,1356,0.2779258044681287,3523,72.20741955318712,True,False,261.27922061357856,0.4953898117466945,1.1511841035038461,0.8981129080929228,135.9827560572969,0.47863259445290357,1.1389323373299527,0.9215138680716044
REFUGE1-val-239,4876,1220,0.2502050861361772,3656,74.97949138638228,True,False,260.45079348883235,0.5933704942657811,1.242344868115283,0.9032795773489761,128.22539674441617,0.17763596559309017,1.0161607487140263,0.932441494329173
REFUGE1-val-24,6870,2354,0.34264919941775834,4516,65.73508005822416,True,False,309.0782104868019,0.5285107781087471,1.1779581535595924,0.9037115292742756,182.16652224137044,0.6014998591716965,1.2517635695243967,0.8914134611347965
REFUGE1-val-240,4425,1244,0.2811299435028249,3181,71.88700564971752,True,False,246.5512985522207,0.5734996188038143,1.2206944419358357,0.9147629167249236,129.63961030678928,0.4814262398990311,1.1409187429387768,0.9301538984319035
REFUGE1-val-241,5291,1318,0.2491022491022491,3973,75.08977508977509,True,False,269.5218613006978,0.5564560197704729,1.203547481882882,0.9152919255782154,134.46803743153546,0.4650081191152524,1.1295524155246948,0.9159824263111355
REFUGE1-val-242,11933,8476,0.7102991703678874,3457,28.97008296321126,True,False,406.2325394193526,0.3313198417258961,1.0598626296349367,0.908678158713724,340.8772003600252,0.21755603112238958,1.0245399514816256,0.9166528718422962
REFUGE1-val-243,5516,1060,0.19216823785351705,4456,80.78317621464831,True,False,276.1076477383247,0.5351421081689116,1.1837652957268316,0.909237312023715,119.7401153701776,0.41645815065889213,1.0999225920486877,0.9290442179580793
REFUGE1-val-244,5063,1198,0.23661860556982026,3865,76.33813944301797,True,False,262.69343417595167,0.5004919960447729,1.155079650072494,0.921975446403892,125.98275605729688,0.31871794697196704,1.0550196957709583,0.9485155872615659
REFUGE1-val-245,5675,2107,0.37127753303964756,3568,62.87224669603524,True,False,279.76450198781714,0.4721268184391029,1.1343905201678957,0.9111513307127798,170.8528137423857,0.5017128733186453,1.156023638036233,0.9070477045823718
REFUGE1-val-246,3681,588,0.15973920130399347,3093,84.02607986960065,True,False,226.06601717798213,0.5903637004244646,1.2389465069574987,0.905117820192617,88.42640687119285,0.3607360327912629,1.0721929432987145,0.9449813418777925
REFUGE1-val-247,5022,2512,0.5001991238550378,2510,49.98008761449621,True,False,262.9360748630709,0.36002721091144807,1.0718782211318658,0.9128222585052803,185.58073580374355,0.4096250269888095,1.0961859459863432,0.9165659396448531
REFUGE1-val-248,4249,785,0.1847493527888915,3464,81.52506472111085,True,False,242.55129855222071,0.5198153775435429,1.1705782725927094,0.9075893414854205,102.91168824543142,0.5140647928816644,1.1658390196706476,0.9314297713960725
REFUGE1-val-249,4965,1229,0.2475327291037261,3736,75.2467270896274,True,False,264.69343417595167,0.5959912376385796,1.2453440681745067,0.8905181587276952,130.81118318204307,0.5446235339382623,1.1923489814258939,0.9025515142807238
REFUGE1-val-25,7050,1732,0.24567375886524823,5318,75.43262411347517,True,False,313.32085117392114,0.5080397204637646,1.1609902963435406,0.9024442572782008,153.53910524340094,0.5161952042299446,1.1675819061536261,0.923250902574153
REFUGE1-val-250,3426,765,0.22329246935201402,2661,77.6707530647986,True,False,225.23759005323592,0.7843775610985946,1.6121655862962296,0.8486243299928543,101.25483399593904,0.353871891829561,1.069182635809836,0.9376478609401229
REFUGE1-val-251,5328,2414,0.4530780780780781,2914,54.69219219219219,True,False,270.69343417595167,0.5538814221015059,1.2010633317783972,0.9137315830267329,180.8528137423857,0.3758999387293618,1.0791441523727259,0.9274629932189696
REFUGE1-val-252,3849,1196,0.3107300597557807,2653,68.92699402442193,True,False,231.1370849898476,0.5482250427790604,1.1956990365223865,0.9053541808521403,128.22539674441617,0.48195694159202485,1.1412985827843671,0.9140983829653203
REFUGE1-val-253,6242,1527,0.24463313040692086,4715,75.53668695930791,True,False,294.0071426749364,0.45881423328149207,1.1254515949968926,0.9074398882204705,143.29646455628165,0.3790878877420544,1.0806597148658046,0.934497082928112
REFUGE1-val-254,5277,1462,0.27705135493651695,3815,72.2948645063483,True,False,269.7645019878171,0.4614494287312234,1.1271841119812938,0.9112286304892456,141.05382386916236,0.5921711749914028,1.24098394348322,0.9233949785416111
REFUGE1-val-255,5494,1498,0.27266108481980345,3996,72.73389151801966,True,False,276.9360748630709,0.5604060107679193,1.2074115333455055,0.9002009235826566,143.63961030678928,0.468826588476113,1.1321307157499017,0.9123747149002135
REFUGE1-val-256,4576,768,0.16783216783216784,3808,83.21678321678321,True,False,251.86500705120545,0.5683440732553916,1.2153754857423273,0.9064841485947325,101.49747468305833,0.31650778625188297,1.054196325827992,0.9368296131007533
REFUGE1-val-257,4328,1092,0.25231053604436227,3236,74.76894639556377,True,False,244.20815280171308,0.5155069656982302,1.1670172159578769,0.9119621187253619,121.1543289325507,0.31674971380365646,1.0542860802041687,0.9348773320333857
REFUGE1-val-258,5316,1542,0.29006772009029347,3774,70.99322799097065,True,False,274.1076477383248,0.6619060106889054,1.3340682421025272,0.8891039318550569,144.12489168102786,0.2841586695971525,1.0429951073189678,0.9328595242644548
REFUGE1-val-259,4069,833,0.20471860407962644,3236,79.52813959203735,True,False,238.3086578651014,0.6720336668658322,1.3504013361441927,0.9003635655604012,104.42640687119285,0.24314479533191183,1.0309384586794719,0.9599181327405891
REFUGE1-val-26,5041,2045,0.40567347748462607,2996,59.43265225153739,True,False,263.27922061357856,0.45321693909002864,1.1218305129873811,0.913888882551023,167.6812408671319,0.44200732865160913,1.1148129853147974,0.9139747925425296
REFUGE1-val-260,5383,1347,0.2502322125208991,4036,74.97677874791009,True,False,273.5218613006979,0.5817047368275238,1.2294073892447532,0.9041701339148811,134.8111831820431,0.5063943729295326,1.1596865136498156,0.931377236077067
REFUGE1-val-261,6239,1950,0.31255008815515306,4289,68.74499118448469,True,False,294.0071426749364,0.5717677929460665,1.2188945738542418,0.9070037588285029,163.53910524340094,0.5886504487134306,1.2370302251983134,0.9162231077502253
REFUGE1-val-262,4237,875,0.20651404295492093,3362,79.3485957045079,True,False,241.37972567696687,0.45594975675076804,1.1235885413205249,0.9138328151713031,108.91168824543142,0.41182197472644344,1.0973764449189762,0.9269769534251737
REFUGE1-val-263,4570,1091,0.2387308533916849,3479,76.12691466083152,True,False,250.20815280171308,0.41938169534153397,1.1015520885529033,0.9173248335209438,120.8111831820431,0.49088660481847113,1.1478111301315508,0.9393346423344732
REFUGE1-val-264,6299,1291,0.20495316716939196,5008,79.5046832830608,True,False,293.4213562373095,0.30514238273112204,1.0500818259824485,0.9193863088185169,131.63961030678928,0.24784125356587652,1.0322040894172062,0.9361876987687925
REFUGE1-val-265,3401,645,0.18965010291090856,2756,81.03498970890914,True,False,215.8233764908628,0.22032553192521184,1.0251926756999368,0.9175284314940536,92.08326112068522,0.4315874821777261,1.10856008455075,0.9558906109763573
REFUGE1-val-266,4890,1544,0.31574642126789365,3346,68.42535787321063,True,False,261.27922061357856,0.5598685413417237,1.2068819572159952,0.9001377578549686,145.29646455628165,0.2453252842155741,1.0315224803848075,0.91906677483074
REFUGE1-val-267,4402,1048,0.2380736029077692,3354,76.19263970922307,True,False,247.37972567696687,0.6124297700543204,1.2649821309875449,0.9039235371104559,118.8111831820431,0.4167347784307506,1.1000759790523025,0.9329459957264183
REFUGE1-val-268,5010,932,0.18602794411177645,4078,81.39720558882235,True,False,260.9360748630709,0.16783680924731886,1.0143893228504166,0.9246541846463209,114.32590180780451,0.4836321972878599,1.142502865027814,0.8960587906592978
REFUGE1-val-269,4386,1046,0.23848609211126312,3340,76.15139078887368,True,False,250.06601717798213,0.7051357089774778,1.4102932737401086,0.8813920666363055,118.5685424949238,0.10038147022388606,1.0050766178358885,0.9349805701706464
REFUGE1-val-27,5085,939,0.18466076696165193,4146,81.53392330383481,True,False,265.86500705120545,0.5819568515045341,1.229680052584812,0.9040208814582896,111.74011537017762,0.3297454275237625,1.0592436142026924,0.9450553073933525
REFUGE1-val-270,5400,2005,0.3712962962962963,3395,62.87037037037037,True,False,272.1076477383247,0.4301105195344644,1.1076941935176692,0.9164781763162014,164.71067811865476,0.4872333645391138,1.145118841877517,0.928711301647357
REFUGE1-val-271,6019,3316,0.5509220800797474,2703,44.90779199202525,True,False,288.5929291125633,0.43646635886427965,1.1114561842932347,0.9081609737181074,212.65180361560903,0.42081698558146124,1.1023589218107877,0.9214807026445502
REFUGE1-val-272,5042,1457,0.2889726299087664,3585,71.10273700912336,True,False,268.69343417595167,0.6787016627586501,1.3616296528713567,0.8776040063682669,139.98275605729688,0.553695283426958,1.2008847729602212,0.9343731196282061
REFUGE1-val-273,3566,631,0.17694896242288277,2935,82.30510375771172,True,False,223.7228714274745,0.6825726366958244,1.3683301874397817,0.8953038114432492,91.01219330881975,0.5818458703461947,1.2295599889736595,0.95728237306211
REFUGE1-val-274,4820,1293,0.2682572614107884,3527,73.17427385892115,True,False,260.45079348883235,0.6581982075399603,1.3282952248309852,0.892905570718225,130.81118318204307,0.31752900787557164,1.054575818523729,0.9495517558706069
REFUGE1-val-275,4078,652,0.15988229524276606,3426,84.0117704757234,True,False,238.3086578651014,0.5839122626059932,1.231805052318563,0.9023550308074013,92.42640687119285,0.22410237329862503,1.0260981823552597,0.9591031556455505
REFUGE1-val-276,5394,1133,0.21004820170559882,4261,78.99517982944012,True,False,273.27922061357856,0.515788422619181,1.1672479573924592,0.9076273731691498,124.91168824543142,0.3990351520384434,1.0905890975838959,0.9125015643551339
REFUGE1-val-277,4854,1480,0.3049031726411207,3374,69.50968273588792,True,False,259.6223663640862,0.4961428693044383,1.1517540866502078,0.9049517577700523,142.22539674441617,0.3470717144606185,1.066281563070699,0.9194270389976551
REFUGE1-val-278,3771,605,0.16043489790506496,3166,83.9565102094935,True,False,228.65180361560903,0.6200609865244499,1.2746101507387722,0.906394232718941,89.25483399593904,0.4546108980603746,1.1227248976837687,0.9543369639365532
REFUGE1-val-279,4027,861,0.21380680407251054,3166,78.61931959274895,True,False,235.9655121145938,0.5467599421321871,1.1943301577961982,0.9088546390234585,108.32590180780451,0.5630815711806764,1.210065828755499,0.9220370850607137
REFUGE1-val-28,4191,1237,0.29515628728227156,2954,70.48437127177284,True,False,240.55129855222071,0.4331209578910727,1.1094644115304597,0.910148197901454,129.05382386916236,0.4095124963074339,1.0961252423948373,0.9333355524049841
REFUGE1-val-280,5495,1481,0.2695177434030937,4014,73.04822565969063,True,False,274.9360748630709,0.5094395474373045,1.162106340998867,0.913511679874124,142.71067811865476,0.3754949166784244,1.078952973518114,0.9138017448463979
REFUGE1-val-281,3636,849,0.2334983498349835,2787,76.65016501650165,True,False,224.65180361560903,0.639977318530276,1.3014160188363615,0.9053446076589152,107.49747468305833,0.37049049409425994,1.076616025282061,0.9232536436939089
REFUGE1-val-282,4920,901,0.183130081300813,4019,81.6869918699187,True,False,262.69343417595167,0.6099208852083425,1.2618896653784963,0.8959350575364702,108.91168824543142,0.285568466459217,1.0434510654616465,0.9545214114698074
REFUGE1-val-283,5670,2138,0.37707231040564376,3532,62.29276895943563,True,False,279.1787155501902,0.4638538359268353,1.1287806108249374,0.9141728378910746,170.61017305526642,0.33571276392102956,1.061611240058009,0.9230127876960682
REFUGE1-val-284,3762,877,0.23312068048910153,2885,76.68793195108985,True,False,228.06601717798213,0.5835368650160524,1.2313956890625612,0.9088819917325905,108.32590180780451,0.1989603530104648,1.0204003127101542,0.9391713398353612
REFUGE1-val-285,4962,1294,0.2607819427650141,3668,73.9218057234986,True,False,262.1076477383248,0.4791907154513021,1.139327434101132,0.907626647601698,132.46803743153546,0.2332160003134324,1.0283569880585992,0.9266632419044027
REFUGE1-val-286,4707,1113,0.23645634161886553,3594,76.35436583811345,True,False,254.69343417595164,0.23595163909270006,1.0290555917736086,0.911839840678292,121.98275605729688,0.355227373795112,1.0697705102055142,0.9399573438258325
REFUGE1-val-287,5982,2225,0.37194918087596124,3757,62.80508191240388,True,False,287.1787155501902,0.4739752088091771,1.1356690862957475,0.9114897206801835,173.4386001800126,0.2220237282263085,1.025597621539521,0.9294977866665414
REFUGE1-val-288,4777,1257,0.2631358593259368,3520,73.68641406740633,True,False,257.03657992645924,0.5440877882886547,1.1918549193086174,0.9086052406330978,131.63961030678928,0.3192895831941066,1.055233900720002,0.9115320970971125
REFUGE1-val-289,4580,927,0.20240174672489084,3653,79.75982532751091,True,False,253.03657992645924,0.5886549890410276,1.2370352844925958,0.8988945019388824,111.49747468305833,0.43584385588822544,1.1110835858757375,0.9370430328596405
REFUGE1-val-29,5715,971,0.16990376202974627,4744,83.00962379702537,True,False,281.7645019878171,0.5561401281939208,1.2032412365337315,0.9045936675577809,115.39696961966999,0.41619431549813096,1.0997764530061656,0.9163054835248315
REFUGE1-val-290,4141,1082,0.2612895435885052,3059,73.87104564114948,True,False,237.9655121145938,0.2610822058894129,1.0359295906639623,0.9189397844624776,119.9827560572969,0.3303345147252889,1.0594747545843286,0.9444945526580327
REFUGE1-val-291,5260,1580,0.30038022813688214,3680,69.96197718631178,True,False,272.9360748630709,0.645590802448421,1.3094429515883295,0.8873066266756975,145.53910524340094,0.2761469740444903,1.040457764160753,0.9373624450992322
REFUGE1-val-292,5375,1354,0.25190697674418605,4021,74.8093023255814,True,False,273.5218613006978,0.5388183274485436,1.1870535329419671,0.9028263923077257,136.12489168102786,0.44402235502321924,1.1160518633037142,0.9182341361576404
REFUGE1-val-293,4981,1152,0.2312788596667336,3829,76.87211403332664,True,False,263.5218613006978,0.5622876555127916,1.2092750763211666,0.9013492611822587,124.81118318204308,0.3896113902485988,1.0858006741824346,0.9292987279207894
REFUGE1-val-294,4842,891,0.18401486988847585,3951,81.59851301115242,True,False,258.69343417595167,0.5351330004696907,1.1837572109791383,0.9092092319461708,108.91168824543142,0.42218619717704176,1.1031328417106039,0.9439273891449484
REFUGE1-val-295,7754,1844,0.23781274181067835,5910,76.21872581893217,True,False,326.73506473629425,0.36974867373766984,1.0762735603760976,0.9127338789661967,158.36753236814712,0.4340131810367482,1.1099930761303898,0.9239287499024929
REFUGE1-val-296,4494,956,0.21272808188696038,3538,78.72719181130397,True,False,249.03657992645927,0.4954601707697644,1.151237285196616,0.9105769345900632,113.49747468305833,0.3915761131931263,1.0867843835531035,0.9325998883283253
REFUGE1-val-297,3828,767,0.2003657262277952,3061,79.96342737722048,True,False,230.06601717798213,0.5478858794492104,1.1953814032726309,0.9088178423410179,100.91168824543142,0.4745307227400097,1.1360551703309176,0.9465036303810768
REFUGE1-val-298,4544,937,0.20620598591549297,3607,79.3794014084507,True,False,250.45079348883235,0.40488121853931985,1.0936500281777157,0.9103394484676577,111.7401153701776,0.3427006911827941,1.0644586756834822,0.9430424100400121
REFUGE1-val-299,4426,833,0.18820605512878447,3593,81.17939448712156,True,False,246.20815280171308,0.3725495090122696,1.0775719029129776,0.9175218469751565,104.66904755831214,0.13285242957393031,1.0089434470255183,0.955472783667896
REFUGE1-val-3,6454,1549,0.24000619770684847,4905,75.99938022931515,True,False,296.8355697996826,0.21939409904025847,1.0249720918428098,0.9204642862024387,145.0538238691624,0.3679307959245482,1.0754386020561184,0.9251303264862212
REFUGE1-val-30,5614,2185,0.38920555753473457,3429,61.079444246526535,True,False,278.9360748630709,0.41563111665175423,1.099464999883722,0.9067193870787569,171.78174593052023,0.3088738888990841,1.0514108332195589,0.9304805093071957
REFUGE1-val-300,3911,671,0.17156737407312708,3240,82.8432625926873,True,False,230.3086578651014,0.245478694378061,1.0315638036277754,0.926567687956765,93.59797974644667,0.424176636646898,1.1042653134511606,0.9624971106475951
REFUGE1-val-301,3158,646,0.2045598480050665,2512,79.54401519949334,True,False,210.16652224137044,0.651215307195815,1.3177087768816007,0.8984520712077282,93.25483399593904,0.4329813293315622,1.1093818447990544,0.9334685174914719
REFUGE1-val-302,5332,1557,0.2920105026256564,3775,70.79894973743436,True,False,273.5218613006979,0.6262430765226114,1.2826632344572686,0.8956037811692636,145.0538238691624,0.20870169928009097,1.022516481910995,0.9299082752350202
REFUGE1-val-303,5311,1226,0.23084164940689136,4085,76.91583505931087,True,False,270.1076477383248,0.4161547274726833,1.0997545381008265,0.9147710328500108,128.81118318204307,0.3182403338136007,1.0548411174643715,0.9285241319891763
REFUGE1-val-304,4494,668,0.14864263462394303,3826,85.1357365376057,True,False,259.96551211459376,0.7923801199181012,1.6392699317046948,0.8356250650384364,94.42640687119285,0.2684492399488778,1.0381048517351257,0.9414546355879952
REFUGE1-val-305,4681,1013,0.2164067506942961,3668,78.3593249305704,True,False,254.20815280171306,0.44605496157070473,1.117311481560155,0.9102685865230543,115.74011537017762,0.1487606175307313,1.011251960996859,0.9502797779100584
REFUGE1-val-306,5258,1085,0.20635222518067706,4173,79.3647774819323,True,False,271.27922061357856,0.6273967267413295,1.284191964303148,0.8978367703848553,120.22539674441617,0.2853294962916896,1.0433735764598269,0.9432942005356062
REFUGE1-val-307,3804,1139,0.29942166140904314,2665,70.05783385909568,True,False,228.65180361560903,0.4560822800632286,1.1236742735247143,0.914326083601923,124.32590180780451,0.3388507743886197,1.0628798312423058,0.9259986465032204
REFUGE1-val-308,5302,1508,0.2844209732176537,3794,71.55790267823463,True,False,269.27922061357856,0.3069520674283401,1.050723713386819,0.9188484861513567,141.88225099390854,0.31804188631634456,1.0547670238452465,0.9413585369865647
REFUGE1-val-309,6192,2037,0.32897286821705424,4155,67.10271317829456,True,False,294.2497833620557,0.5519321850391279,1.1992003742285284,0.8986871008284515,166.61017305526642,0.4010745831164615,1.0916489484758962,0.9221421256094555
REFUGE1-val-31,5944,2131,0.35851278600269176,3813,64.14872139973082,True,False,285.4213562373095,0.43153670994217413,1.1085302355532023,0.9168868283874053,171.53910524340094,0.38279334294661976,1.0824455494539542,0.9100537275200546
REFUGE1-val-310,4494,1018,0.22652425456163774,3476,77.34757454383623,True,False,249.27922061357856,0.46612738145454763,1.1303041549458615,0.908805142436742,115.9827560572969,0.2400763572601762,1.0301270893371202,0.9509787071212117
REFUGE1-val-311,3865,608,0.1573091849935317,3257,84.26908150064682,True,False,233.1370849898476,0.6633724616360751,1.336381410405354,0.8935865808308454,89.59797974644665,0.38307791354399157,1.082583784182698,0.9517371211460466
REFUGE1-val-312,6360,2319,0.36462264150943396,4041,63.53773584905661,True,False,297.6639969244288,0.5812546089952532,1.2289213176510596,0.9020162502937318,177.6812408671319,0.3775597742735842,1.079930850626752,0.9230547375011935
REFUGE1-val-313,4761,1146,0.240705734089477,3615,75.92942659105229,True,False,258.5512985522207,0.6106666817568229,1.2628052445988271,0.8949826141933928,125.1543289325507,0.4367029676444196,1.1115980441483342,0.9193962538111343
REFUGE1-val-314,3753,600,0.15987210231814547,3153,84.01278976818544,True,False,227.1370849898476,0.5398471855455926,1.187982783696285,0.9141391999561373,89.01219330881975,0.3692701924501496,1.0760532042592488,0.9516168197766208
REFUGE1-val-315,6345,2020,0.31836091410559497,4325,68.1639085894405,True,False,295.6639969244288,0.449355558907191,1.1193783426960222,0.9121045102071637,165.19595949289334,0.15612708175741188,1.0124152724850062,0.9301701359731346
REFUGE1-val-316,3687,810,0.21969080553295361,2877,78.03091944670464,True,False,227.7228714274745,0.6574430742128728,1.3271325869218602,0.8934488598899261,105.25483399593904,0.3987143250994309,1.0904231420737385,0.9187784106425545
REFUGE1-val-317,4436,849,0.19138863841298467,3587,80.86113615870153,True,False,247.6223663640862,0.5058663905084452,1.1592699612433268,0.9091209427533024,105.74011537017762,0.5411429294759517,1.1891587254678784,0.954196884941997
REFUGE1-val-318,4370,858,0.19633867276887873,3512,80.36613272311213,True,False,245.6223663640862,0.5312123408899979,1.180304884846979,0.9102390827245944,107.74011537017762,0.48927237561814046,1.146616689128321,0.9288429291170691
REFUGE1-val-319,4357,1808,0.4149644250631168,2549,58.50355749368832,True,False,246.79393923933998,0.6247930732923831,1.2807534867255421,0.8989353182808894,157.88225099390854,0.5753256931985649,1.2226068608376675,0.9114685138226277
REFUGE1-val-32,4927,1090,0.22122995737771464,3837,77.87700426222854,True,False,259.5218613006978,0.2822252909145629,1.04237444283351,0.9192730572229596,120.5685424949238,0.16553923147809946,1.0139898088621115,0.94225476009508
REFUGE1-val-320,4124,725,0.17580019398642094,3399,82.4199806013579,True,False,240.3086578651014,0.653890982450275,1.3217219518961336,0.8974074794628841,98.42640687119285,0.3325994653478885,1.0603687190676752,0.9404259582242414
REFUGE1-val-321,4353,837,0.19228118538938663,3516,80.77188146106134,True,False,244.45079348883237,0.3230231911629578,1.0566456655151617,0.9154099497303727,105.49747468305833,0.20054941746995547,1.0207377289985835,0.9450421829015773
REFUGE1-val-322,4334,893,0.20604522381172127,3441,79.39547761882787,True,False,243.96551211459376,0.5158615380247542,1.1673079412107559,0.9150438293219134,109.1543289325507,0.3785424499053044,1.080399050087064,0.9418449096749529
REFUGE1-val-323,4809,788,0.1638594302349761,4021,83.6140569765024,True,False,256.69343417595167,0.21828248741748799,1.024710245764951,0.9171389135490949,103.25483399593904,0.33043582308211017,1.059514561829969,0.92878522031826
REFUGE1-val-324,5447,1095,0.20102808885625115,4352,79.89719111437489,True,False,275.5218613006978,0.5235740981022935,1.1737362759004302,0.9016855541713757,121.9827560572969,0.46749403783528504,1.1312265510911037,0.9247558773488647
REFUGE1-val-325,5225,1300,0.24880382775119617,3925,75.11961722488039,True,False,268.1076477383248,0.3398881596677432,1.0633028158208562,0.9134352222756533,132.22539674441617,0.2196922185413991,1.025042575951408,0.9343798380913007
REFUGE1-val-326,3963,945,0.2384557153671461,3018,76.1544284632854,True,False,235.37972567696687,0.6052968473727615,1.2562816781117827,0.8988678177626449,112.32590180780451,0.3759683564618759,1.0791764773591623,0.9411998396454068
REFUGE1-val-327,5746,1895,0.3297946397493909,3851,67.02053602506092,True,False,281.4213562373095,0.30724136670391244,1.0508267880734807,0.9117197911017099,160.61017305526642,0.15297734608474745,1.011910494380995,0.9231514968914899
REFUGE1-val-328,4973,756,0.15202091292982103,4217,84.7979087070179,True,False,263.27922061357856,0.5889338715907557,1.2373462376882325,0.901561081715183,100.32590180780451,0.2724476133423877,1.039316708884978,0.9438555092332133
REFUGE1-val-329,5777,1811,0.3134845075298598,3966,68.65154924701402,True,False,281.4213562373095,0.4155318260042332,1.0994101625598125,0.9166385717359168,157.1959594928933,0.31450121088447697,1.0534554123567303,0.92097015473516
REFUGE1-val-33,4583,1450,0.3163866463015492,3133,68.36133536984508,True,False,251.03657992645927,0.3949176647333895,1.0884750429628332,0.913872696400969,139.88225099390854,0.4175941821895568,1.1005535692055124,0.9312207432835462
REFUGE1-val-330,5080,1416,0.27874015748031494,3664,72.1259842519685,True,False,265.03657992645924,0.574876305611651,1.2221348259381588,0.9087866504808719,139.29646455628165,0.5959963892510917,1.2453499981938827,0.9170498193597119
REFUGE1-val-331,4663,1166,0.2500536135535063,3497,74.99463864464937,True,False,254.20815280171308,0.510431609786544,1.1629011032596528,0.9067683014221323,124.5685424949238,0.418289555429349,1.1009411808383018,0.9442601207045844
REFUGE1-val-332,4130,704,0.17046004842615012,3426,82.95399515738498,True,False,236.89444430272832,0.27635808820163377,1.040523460038734,0.9248049897909207,96.66904755831214,0.4375783077814234,1.1121240002438464,0.9466896820953156
REFUGE1-val-333,4649,1624,0.3493224349322435,3025,65.06775650677565,True,False,252.45079348883235,0.4673656662337824,1.131139698224806,0.9166761457316192,149.29646455628165,0.55892657700298,1.2059567270686062,0.9155811482915386
REFUGE1-val-334,3890,880,0.2262210796915167,3010,77.37789203084833,True,False,232.3086578651014,0.5712115328798898,1.2183192966696534,0.9057924029952459,107.49747468305833,0.3702171268039379,1.0764897060588619,0.9569649074801413
REFUGE1-val-335,5745,1378,0.23986074847693648,4367,76.01392515230636,True,False,280.9360748630709,0.4839688223385915,1.1427458185273234,0.9147130527210259,137.88225099390854,0.22124812074700903,1.0254122276620792,0.9108405395280721
REFUGE1-val-336,5224,1246,0.2385145482388974,3978,76.14854517611026,True,False,268.79393923934,0.5700295551581358,1.217101461531908,0.9086028364157434,130.22539674441617,0.4771791356011537,1.1379075060165762,0.9232865901368534
REFUGE1-val-337,6854,1420,0.20717829004960606,5434,79.2821709950394,True,False,309.0782104868019,0.534258925936744,1.182982719032884,0.9016068153778581,137.29646455628165,0.35918841859041944,1.0715069474050156,0.9466283356968214
REFUGE1-val-338,5022,1081,0.21525288729589806,3941,78.4747112704102,True,False,262.9360748630709,0.28087160098718966,1.0419430490055128,0.9128222585052803,120.5685424949238,0.28443160653621824,1.0430831581695215,0.934474674919983
REFUGE1-val-339,5796,2277,0.39285714285714285,3519,60.71428571428571,True,False,282.35028842544403,0.4033214987117181,1.092826494718117,0.9136119455979579,176.2670273047588,0.2798620378850492,1.0416230181115949,0.9209387224425729
REFUGE1-val-34,2709,786,0.2901439645625692,1923,70.98560354374308,True,False,195.09545442950497,0.6388157078288094,1.2997819860175364,0.894385124695596,102.42640687119285,0.5197901809075379,1.1705572652633365,0.941474440843957
REFUGE1-val-340,3636,732,0.20132013201320131,2904,79.86798679867987,True,False,225.7228714274745,0.5955569873227381,1.2448446911531121,0.8967731691019513,98.08326112068522,0.30123876754737966,1.0487140878047956,0.9561612758814341
REFUGE1-val-341,4002,608,0.1519240379810095,3394,84.80759620189905,True,False,233.1370849898476,0.3905664204168042,1.0862778926598928,0.9252609305265312,89.01219330881976,0.26681692878545976,1.0376164695048589,0.9643050440403088
REFUGE1-val-342,5994,3339,0.5570570570570571,2655,44.294294294294296,True,False,288.5929291125633,0.5427184759536854,1.190597132789461,0.9043889145150916,214.89444430272832,0.4785989357800133,1.138908538031949,0.9086066427033705
REFUGE1-val-343,4501,876,0.19462341701844035,3625,80.53765829815596,True,False,251.37972567696687,0.6372125399729481,1.2975417338748838,0.8950728438942234,107.49747468305833,0.24245795977804216,1.030755780492351,0.9526150669915951
REFUGE1-val-344,5334,2280,0.42744656917885265,3054,57.25534308211474,True,False,270.9360748630709,0.40189680187429744,1.0920786459681742,0.9131228398303135,176.8528137423857,0.4243108084153235,1.1043419687321785,0.9160533416162274
REFUGE1-val-345,5850,1861,0.31811965811965814,3989,68.18803418803418,True,False,283.4213562373095,0.3794764136282759,1.0808457356094652,0.9151674947497255,158.61017305526642,0.22775544903128744,1.0269910020859208,0.9295958135725987
REFUGE1-val-346,5598,1818,0.3247588424437299,3780,67.52411575562701,True,False,280.69343417595167,0.6238185205005738,1.2794771953681423,0.8928494803470696,157.78174593052023,0.5195876035876746,1.1703884474420656,0.9176778051896349
REFUGE1-val-347,10558,6343,0.6007766622466376,4215,39.92233377533624,True,False,380.91883092036784,0.1714669458348409,1.0150327638197174,0.9143798270972509,295.6639969244288,0.2420979924850633,1.0306602847609554,0.9118170068154514
REFUGE1-val-348,3609,974,0.2698808534220006,2635,73.01191465779995,True,False,221.8233764908628,0.506419658285308,1.159706484742202,0.9216841579128303,114.32590180780451,0.21210584444054079,1.0232830676207691,0.9364391224272061
REFUGE1-val-349,3891,905,0.23258802364430736,2986,76.74119763556926,True,False,232.3086578651014,0.5097546929573149,1.1623584666493396,0.9060252545127254,110.32590180780451,0.484796949455174,1.1433448865289007,0.9343368358810993
REFUGE1-val-35,4049,1009,0.2491973326747345,3040,75.08026673252655,True,False,237.7228714274745,0.6191468563790214,1.2734388852075436,0.9003589913480003,118.22539674441617,0.40624495720543613,1.0943742237867846,0.907150762692416
REFUGE1-val-350,5583,1183,0.21189324735805123,4400,78.81067526419487,True,False,278.1076477383248,0.40444939794605994,1.0934215218131158,0.9070926089804444,126.91168824543142,0.22116337406614653,1.0253920160134393,0.9229780352273086
REFUGE1-val-351,5046,770,0.15259611573523582,4276,84.74038842647641,True,False,264.45079348883235,0.5024784529951988,1.1566179463607322,0.906707819809366,101.49747468305833,0.3837829147525813,1.0829269210771746,0.9392692735515367
REFUGE1-val-352,5181,961,0.18548542752364408,4220,81.45145724763559,True,False,268.1076477383247,0.49878169293945995,1.1537649660319234,0.9057431361933325,113.1543289325507,0.31585360408822644,1.0539540841701565,0.9431720121802281
REFUGE1-val-353,5737,1018,0.1774446574864912,4719,82.25553425135088,True,False,283.76450198781714,0.6118911002790172,1.264315174560689,0.8953206111889787,117.1543289325507,0.39784554046144993,1.0899747914072337,0.9320537553360695
REFUGE1-val-354,4795,1038,0.2164754953076121,3757,78.35245046923879,True,False,260.2081528017131,0.6613006547787804,1.3331183406162281,0.8899316984252962,117.9827560572969,0.4481861820501482,1.1186430135971666,0.9370659203440278
REFUGE1-val-355,3867,865,0.22368761313679855,3002,77.63123868632015,True,False,230.3086578651014,0.5053003180738024,1.1588243377779888,0.9161435053256994,107.7401153701776,0.06572638358879238,1.0021670023012288,0.9364209017322437
REFUGE1-val-356,5284,1309,0.24772899318697955,3975,75.22710068130203,True,False,268.1076477383248,0.24710864690288084,1.0320047592546358,0.9237496104314933,132.81118318204307,0.18392764441421364,1.017356317147975,0.932567377361961
REFUGE1-val-357,5199,1392,0.26774379688401617,3807,73.22562031159838,True,False,268.1076477383248,0.5489856283105408,1.196412977910504,0.9088898986815545,136.71067811865476,0.30122049154218905,1.0487077382054513,0.9359318447987781
REFUGE1-val-358,3999,1248,0.31207801950487624,2751,68.79219804951238,True,False,238.89444430272832,0.6970259131095795,1.3946107881416312,0.8805401599840392,130.8111831820431,0.59650519373223,1.2459363534294388,0.9165047110027199
REFUGE1-val-359,4126,750,0.18177411536597188,3376,81.82258846340281,True,False,236.5512985522207,0.4474244812723102,1.1181658467567508,0.9265917193676241,100.42640687119285,0.3378707571392491,1.0624818869655228,0.9344913343710685
REFUGE1-val-36,4637,1080,0.23290920854000433,3557,76.70907914599957,True,False,254.45079348883237,0.5987504862384392,1.2485398133177683,0.899993433682159,119.98275605729688,0.4315216898354756,1.108521406367595,0.9427487216919366
REFUGE1-val-360,5209,860,0.16509886734497983,4349,83.49011326550202,True,False,267.5218613006978,0.2614930167095416,1.036048941772377,0.9146304726948631,107.84062043356596,0.2948860410058749,1.0465369564425284,0.9292735151262779
REFUGE1-val-361,5644,1913,0.33894401133947555,3731,66.10559886605245,True,False,278.69343417595167,0.5128328836129474,1.164838024350742,0.9131526731303103,161.78174593052023,0.33028878706751674,1.0594567922141285,0.9184717397181061
REFUGE1-val-362,5476,1949,0.3559167275383492,3527,64.40832724616509,True,False,274.35028842544403,0.5134244644319239,1.1653180952746542,0.9142447208724523,162.0243866176395,0.25229343721312697,1.0334306820942627,0.9329555039135269
REFUGE1-val-363,4905,1314,0.26788990825688075,3591,73.21100917431193,True,False,260.1076477383248,0.3440802121931253,1.0650304870543013,0.9110508812333237,133.63961030678928,0.4328554920748713,1.1093074718871034,0.9245594206198364
REFUGE1-val-364,6230,2078,0.33354735152487963,4152,66.64526484751204,True,False,294.0071426749364,0.4506954203326441,1.1202250244898535,0.9056953706526003,168.2670273047588,0.31762801813880853,1.0546126982367885,0.9222684724042637
REFUGE1-val-365,4543,939,0.2066916134712745,3604,79.33083865287254,True,False,254.20815280171308,0.670563647059966,1.347977757221978,0.8834330674159869,113.9827560572969,0.5850736549139921,1.233075789680589,0.908232730210657
REFUGE1-val-366,5175,995,0.19227053140096617,4180,80.77294685990339,True,False,267.1787155501902,0.5158573252471151,1.1673044845695484,0.9109960686697698,118.32590180780451,0.472584568061517,1.1347062867884627,0.8930449081448198
REFUGE1-val-367,3705,933,0.25182186234817816,2772,74.81781376518218,True,False,228.06601717798213,0.664785274849134,1.3386262685836074,0.8951110524639149,110.91168824543142,0.0684478528455717,1.0023508178899885,0.9530965024468501
REFUGE1-val-368,3266,506,0.15492957746478872,2760,84.50704225352112,True,False,212.40916292848974,0.578929898252681,1.2264260683607413,0.9096609454614766,82.18376618407356,0.28857066752150934,1.0444315821836032,0.9414305814158875
REFUGE1-val-369,3959,705,0.17807527153321545,3254,82.19247284667846,True,False,232.3086578651014,0.46097108725759,1.126868292426231,0.9218591577013313,97.25483399593904,0.34189760787426715,1.0641272776040422,0.9366483819684758
REFUGE1-val-37,5556,2062,0.37113030957523396,3494,62.8869690424766,True,False,278.9360748630709,0.6170567739821844,1.270779412086527,0.8973517838634792,168.12489168102786,0.49805138366827195,1.1532063211961128,0.9167153213033181
REFUGE1-val-370,3226,622,0.19280843149411037,2604,80.71915685058897,True,False,212.16652224137044,0.6533100170573501,1.320846058854141,0.9005762961086974,91.59797974644667,0.6174477335296964,1.2712749295655155,0.931597809015653
REFUGE1-val-371,3398,729,0.21453796350794585,2669,78.54620364920541,True,False,215.4802307403552,0.4004520259359379,1.091324517315453,0.919641105227215,97.84062043356595,0.193944339584116,1.0193549671159772,0.9569714829481101
REFUGE1-val-372,4865,818,0.16813977389516957,4047,83.18602261048305,True,False,258.69343417595167,0.3703534617924914,1.0765526873480855,0.913528069685692,105.25483399593904,0.3796935226437933,1.080949809245347,0.9278527653155676
REFUGE1-val-373,6619,1158,0.1749508989273304,5461,82.50491010726697,True,False,302.492424049175,0.46953960016578994,1.1326164605485043,0.9090195859880391,125.05382386916237,0.2709317661072989,1.0388546656254105,0.9305173417470101
REFUGE1-val-374,4483,668,0.14900736114209234,3815,85.09926388579076,True,False,249.03657992645924,0.43007923091093014,1.1076759041114108,0.908348108092402,93.84062043356595,0.3421258818350411,1.0642213659250637,0.9532451087742133
REFUGE1-val-375,4448,1195,0.26866007194244607,3253,73.1339928057554,True,False,252.79393923933998,0.7286154951011631,1.4600182199933114,0.8746641525032345,126.5685424949238,0.47901645987329566,1.1392039840749213,0.9374027242444521
REFUGE1-val-376,4389,1368,0.3116883116883117,3021,68.83116883116884,True,False,245.3797256769669,0.5415402322790546,1.1895205605574075,0.9160055217969815,136.22539674441617,0.4023949541413472,1.0923396595792743,0.9263600096067582
REFUGE1-val-377,4726,1052,0.2225983918747355,3674,77.74016081252645,True,False,258.45079348883235,0.6582520418483331,1.3283782783729268,0.8890943319435423,117.7401153701776,0.4206921195582003,1.1022885496995993,0.9536229400717111
REFUGE1-val-378,4693,1516,0.3230343064138078,3177,67.69656935861921,True,False,254.45079348883235,0.4249248239638328,1.1046932827761198,0.9108624507807577,144.22539674441617,0.44610767627687176,1.1173442826093274,0.9158525958216396
REFUGE1-val-379,4125,715,0.17333333333333334,3410,82.66666666666667,True,False,237.7228714274745,0.438614720133314,1.1127490693576023,0.9172587896543594,97.84062043356593,0.23310081906592148,1.0283277838075788,0.9385934297776392
REFUGE1-val-38,5120,1505,0.2939453125,3615,70.60546875,True,False,266.1076477383247,0.46427687444593996,1.1290630667376433,0.9085840590577154,143.05382386916236,0.42329856795685966,1.1037646448577,0.9241605415928209
REFUGE1-val-380,4687,871,0.18583315553659058,3816,81.41668444634095,True,False,256.5512985522207,0.6172627850409953,1.271040407237327,0.8948626527943653,107.74011537017762,0.3392287373414453,1.0630337340978153,0.9429163068309641
REFUGE1-val-381,5735,1888,0.3292066259808195,3847,67.07933740191805,True,False,281.7645019878171,0.5235281648656521,1.1736973914333713,0.9077593496839674,159.53910524340094,0.3591981949254695,1.071511267486244,0.9321322841788536
REFUGE1-val-382,3843,1211,0.3151183970856102,2632,68.48816029143899,True,False,233.1370849898476,0.706933973385424,1.4138681156163375,0.8885001889089105,127.39696961966999,0.4543283565843241,1.122543219947578,0.9376393215755542
REFUGE1-val-383,5632,3596,0.6384943181818182,2036,36.15056818181818,True,False,278.35028842544403,0.486120622913467,1.1443065267755668,0.9134592097733307,222.65180361560903,0.42361200136445226,1.1039431651670866,0.9115428985707568
REFUGE1-val-384,5018,1294,0.2578716620167397,3724,74.21283379832603,True,False,267.86500705120545,0.7222280260735933,1.4458074602139745,0.8788374510491481,132.22539674441617,0.3182103039618509,1.0548299013574118,0.9300673157616486
REFUGE1-val-385,4367,693,0.15869017632241814,3674,84.1309823677582,True,False,246.20815280171308,0.44591717289182303,1.1172257762678937,0.9052909863851126,96.42640687119285,0.39716129892817176,1.0896227536690613,0.9365934810850844
REFUGE1-val-386,4230,929,0.21962174940898346,3301,78.03782505910165,True,False,243.1370849898476,0.606087160845571,1.257231855735956,0.8991824466897367,110.91168824543142,0.3192390998126767,1.0552149627525633,0.9490103438082784
REFUGE1-val-387,5097,2029,0.3980773003727683,3068,60.19226996272317,True,False,265.03657992645924,0.3713365015272575,1.077007827020481,0.9118278656498039,167.4386001800126,0.5504682530069184,1.1978112201427993,0.9094540094498047
REFUGE1-val-388,3842,763,0.19859448204060384,3079,80.14055179593961,True,False,230.06601717798213,0.5321153534613667,1.1810951075708909,0.9121416275533414,101.49747468305833,0.3409943519866742,1.0637558398042377,0.9307304619737954
REFUGE1-val-389,3242,547,0.1687230104873535,2695,83.12769895126465,True,False,211.82337649086284,0.5676342327198677,1.2146523089219394,0.9079775311940728,85.25483399593904,0.5315126186209295,1.1805673317526353,0.9457125757284566
REFUGE1-val-39,6581,1667,0.25330496884971887,4914,74.6695031150281,True,False,300.8355697996826,0.5433289765114127,1.1911570265561844,0.913783655719655,150.12489168102783,0.2986235450829856,1.0478105631843608,0.9294800008992302
REFUGE1-val-390,2863,532,0.18581907090464547,2331,81.41809290953546,True,False,201.82337649086284,0.7127133609271932,1.4256074060362942,0.8832594177904246,82.76955262170047,0.3301344625071552,1.0593961967808754,0.9758437405339927
REFUGE1-val-391,3713,853,0.22973336924319956,2860,77.02666307568005,True,False,225.4802307403552,0.5720721419526006,1.2192099102402096,0.9177362197813118,107.49747468305833,0.22719624162713087,1.026853242849794,0.927603484182455
REFUGE1-val-392,6728,1462,0.21730083234244946,5266,78.26991676575506,True,False,304.492424049175,0.14436271001550544,1.0105860510999185,0.9118908618260804,139.88225099390857,0.1817779856115063,1.0169426743066965,0.9389273977107201
REFUGE1-val-393,4423,800,0.18087271082975356,3623,81.91272891702465,True,False,246.55129855222071,0.1401474633756343,1.0099677329813948,0.9143494645591721,102.66904755831214,0.2977340258628248,1.0475055695725335,0.9537197684558194
REFUGE1-val-394,4932,1163,0.23580697485806976,3769,76.41930251419302,True,False,259.27922061357856,0.34402249901018406,1.0650065003960438,0.921929064924869,124.81118318204308,0.3043661184836815,1.0498080099404008,0.9381722400797553
REFUGE1-val-395,4066,1075,0.264387604525332,2991,73.5612395474668,True,False,238.55129855222071,0.6042530292431351,1.2550319047714824,0.8978704287556034,120.32590180780451,0.14036044014603372,1.009998507388173,0.9330396027814435
REFUGE1-val-396,5428,1561,0.2875829034635225,3867,71.24170965364776,True,False,272.350288425444,0.371851877556599,1.0772471555377956,0.9195895426524375,146.22539674441617,0.30222141591594404,1.0490562252101405,0.9174177749446217
REFUGE1-val-397,4952,1028,0.20759289176090467,3924,79.24071082390954,True,False,262.1076477383248,0.5549459553275904,1.2020872044475626,0.9057974927294656,115.98275605729691,0.22811564706262624,1.0270799446668022,0.9603203447157226
REFUGE1-val-398,7135,2891,0.4051857042747022,4244,59.481429572529784,True,False,313.56349186104046,0.3397275880455282,1.0632372265293821,0.9119118456970685,199.3380951166243,0.5631047237508129,1.2100889291223964,0.9142760600199387
REFUGE1-val-399,3947,659,0.16696224980998225,3288,83.30377501900176,True,False,233.9655121145938,0.5932851820774286,1.242247821268642,0.9060940973634356,93.25483399593904,0.2827356373255865,1.0425377581072943,0.952253487657709
REFUGE1-val-4,4032,567,0.140625,3465,85.9375,True,False,240.3086578651014,0.7273698402736232,1.4572041006663805,0.877387719979231,86.76955262170047,0.18221971498185716,1.0170272349937994,0.9463639894558221
REFUGE1-val-40,5631,1100,0.19534718522464925,4531,80.46528147753507,True,False,279.1787155501902,0.4969974524814933,1.1524029916934926,0.9078848765722471,123.25483399593904,0.26123665466942686,1.0359744351561084,0.9099020153789821
REFUGE1-val-400,5519,1979,0.35857945279942016,3540,64.14205472005798,True,False,279.5218613006979,0.6432263746479402,1.3060353463432857,0.8876437489025891,164.36753236814712,0.5722873598828747,1.2194331469706634,0.920499565524724
REFUGE1-val-41,5711,2721,0.4764489581509368,2990,52.355104184906324,True,False,280.35028842544403,0.5119152726001736,1.1640956430072764,0.9131035047091127,193.09545442950497,0.4465974012147313,1.117649331244,0.9170527236301941
REFUGE1-val-42,4377,1172,0.2677633082019648,3205,73.22366917980352,True,False,246.79393923933998,0.5195802352002318,1.1703823096125954,0.9030617140499088,125.63961030678928,0.4254815410508168,1.1050125427209159,0.9330057372586447
REFUGE1-val-43,5031,1377,0.2737030411449016,3654,72.62969588550983,True,False,262.45079348883235,0.21475573456295985,1.023889606020876,0.9178430020607595,136.46803743153546,0.29349291737883887,1.0460675076710164,0.929141615918202
REFUGE1-val-44,5497,1249,0.22721484446061488,4248,77.2785155539385,True,False,278.69343417595167,0.6513132192507616,1.317854699920451,0.8893692849392836,130.66904755831212,0.4895989699642363,1.1468577329412513,0.9192356338561875
REFUGE1-val-45,4786,1119,0.2338069368992896,3667,76.61930631007104,True,False,255.86500705120545,0.3798376273411354,1.0810189369247911,0.9186726128182054,121.39696961966999,0.22089404402846277,1.0253278415122746,0.9541667070610189
REFUGE1-val-46,5891,3439,0.5837718553726022,2452,41.62281446273977,True,False,285.0782104868019,0.38485910293269165,1.0834525701616526,0.9109002868950233,216.8944443027283,0.5190450904804103,1.169937027241381,0.9186396454939586
REFUGE1-val-47,3646,862,0.23642347778387274,2784,76.35765222161272,True,False,225.48023074035524,0.46217201516502954,1.1276623176233849,0.9011759378730575,106.91168824543142,0.40596790415688216,1.0942267847130063,0.947690996687475
REFUGE1-val-48,5907,1655,0.28017606229896735,4252,71.98239377010327,True,False,286.8355697996826,0.4207230105630151,1.102305956082461,0.9022166188493641,150.12489168102786,0.3181208812165292,1.054796510475813,0.9227890830763201
REFUGE1-val-49,5803,3161,0.5447182491814578,2642,45.52817508185421,True,False,281.76450198781714,0.24984547228081064,1.0327530159592448,0.9185226689130008,207.8233764908628,0.30939425893913014,1.0515978550781235,0.9196986878602824
REFUGE1-val-5,3188,556,0.17440401505646172,2632,82.55959849435382,True,False,213.58073580374355,0.7006688566491143,1.4015679838999107,0.8782214090782324,85.59797974644665,0.44291964022568725,1.1153726831665003,0.9535810810863505
REFUGE1-val-50,4814,1081,0.22455338595762359,3733,77.54466140423763,True,False,258.1076477383247,0.5214431418640456,1.1719399641921928,0.9080592864344369,120.81118318204308,0.3911173772182732,1.0865540185029838,0.9307247922672465
REFUGE1-val-51,4804,1028,0.21398834304746045,3776,78.60116569525395,True,False,257.27922061357856,0.49549080861572137,1.1512604478362571,0.9120180630393339,118.56854249492379,0.4016645422536963,1.0919571247806865,0.918891038370387
REFUGE1-val-52,3681,634,0.17223580548763923,3047,82.77641945123607,True,False,226.06601717798213,0.6485873847445703,1.3138184000084658,0.905117820192617,92.42640687119285,0.5022234474892469,1.1564197868391262,0.9326248476676059
REFUGE1-val-53,4281,920,0.21490306003270265,3361,78.50969399672974,True,False,243.7228714274745,0.6069698908694707,1.2582971681411466,0.9056544378815363,111.7401153701776,0.4913632450615369,1.1481652864085992,0.9259327825366181
REFUGE1-val-54,5455,2539,0.46544454628780935,2916,53.45554537121906,True,False,275.5218613006978,0.5863500517650028,1.2344798324009998,0.9030098582714988,188.26702730475878,0.5929034249677456,1.2418140027623388,0.9001689622133158
REFUGE1-val-55,4716,832,0.17642069550466496,3884,82.3579304495335,True,False,255.6223663640862,0.5964429573074455,1.2458645597447533,0.9069554578429796,106.08326112068522,0.34901672229565606,1.0671031872703098,0.9290508101208137
REFUGE1-val-56,5292,1380,0.26077097505668934,3912,73.92290249433107,True,False,270.350288425444,0.44190115801118085,1.1147479798580684,0.9098630428417246,137.63961030678928,0.2615899237578552,1.0360771291363904,0.9153813960864621
REFUGE1-val-57,4376,582,0.1329981718464351,3794,86.70018281535648,True,False,243.3797256769669,0.3929126738925589,1.0874579480727593,0.9283641961222726,88.42640687119285,0.3792182080039684,1.080722078436654,0.9353386751239374
REFUGE1-val-58,4733,1424,0.30086625818719626,3309,69.91337418128037,True,False,255.62236636408616,0.48642403201736056,1.1445276636491482,0.9102248053373247,137.88225099390854,0.44843210306220394,1.1187973746250741,0.941245956667616
REFUGE1-val-59,6272,1332,0.21237244897959184,4940,78.76275510204081,True,False,295.4213562373095,0.5711156511439641,1.2182202757800276,0.9030922981830922,135.0538238691624,0.46516411265714497,1.1296569885003986,0.9176991269111011
REFUGE1-val-6,6239,2830,0.4535983330661965,3409,54.64016669338035,True,False,294.24978336205567,0.3997493345840164,1.0909592779576562,0.9055085306958511,196.16652224137044,0.5098459675755809,1.1624315488043544,0.9241586102269326
REFUGE1-val-60,4349,668,0.1535985283973327,3681,84.64014716026674,True,False,244.79393923933998,0.5570076147276536,1.20408321181641,0.9120065334362036,95.01219330881975,0.4796327686092056,1.139640985022798,0.9298815677392903
REFUGE1-val-61,5784,1721,0.29754495159059474,4063,70.24550484094053,True,False,283.6639969244288,0.5401094471575753,1.188220288123725,0.903295220658476,153.53910524340094,0.3544776163740362,1.0694449418318792,0.9173872998441787
REFUGE1-val-62,3280,685,0.20884146341463414,2595,79.11585365853658,True,False,211.82337649086284,0.5231477505268926,1.1733756337572587,0.9186200809119551,96.08326112068522,0.5081900303553294,1.1611098333318437,0.9324057988149103
REFUGE1-val-63,5777,1540,0.2665743465466505,4237,73.34256534533495,True,False,282.5929291125633,0.40045877287889436,1.0913280290770424,0.9090539319759469,143.88225099390857,0.25262946478172127,1.0335243246081003,0.9347944766618331
REFUGE1-val-64,5282,1337,0.2531238167360848,3945,74.68761832639152,True,False,269.27922061357856,0.4336047284806845,1.109750828939332,0.9153824413148748,134.22539674441617,0.39718563823617353,1.0896352598418313,0.9325494679143363
REFUGE1-val-65,4156,829,0.19947064485081809,3327,80.05293551491819,True,False,241.7228714274745,0.6290841304982098,1.286442964080468,0.8938196821673862,106.66904755831213,0.6388012152611847,1.2997616569551895,0.9155615799748422
REFUGE1-val-66,4736,1242,0.2622466216216216,3494,73.77533783783784,True,False,256.2081528017131,0.5885762620952025,1.2369475732506416,0.906641652023298,129.0538238691624,0.1951348963821337,1.0196003765878219,0.9371081294155131
REFUGE1-val-67,4254,1110,0.2609308885754584,3144,73.90691114245416,True,False,241.9655121145938,0.5012857584981919,1.1556928660644352,0.913062298818949,121.9827560572969,0.45601415747255075,1.1236301979808536,0.9374237660796712
REFUGE1-val-68,5023,1389,0.2765279713318734,3634,72.34720286681267,True,False,263.5218613006979,0.52803315583191,1.1775459576042921,0.908949475791705,137.78174593052023,0.19714656841576625,1.0200188638542287,0.9194513236461762
REFUGE1-val-69,4213,1201,0.2850700213624496,3012,71.49299786375505,True,False,241.6223663640862,0.4480111428840583,1.1185332345407453,0.906832458330691,128.22539674441617,0.45705562210770073,1.1243053164376173,0.9179198644994563
REFUGE1-val-7,3859,751,0.19461000259134492,3108,80.5389997408655,True,False,230.89444430272832,0.5780842100905812,1.2255245720043444,0.9096151313381593,99.84062043356595,0.2387160871576154,1.0297713025396207,0.946749879926574
REFUGE1-val-70,6185,2002,0.3236863379143088,4183,67.63136620856912,True,False,291.7645019878171,0.48845236183477836,1.1460128526222706,0.9130291950315247,165.78174593052023,0.45222489514549036,1.1211969712951553,0.9153781022174722
REFUGE1-val-71,3778,756,0.20010587612493383,3022,79.98941238750662,True,False,232.89444430272832,0.7053930348051597,1.4108026032585839,0.8752932120113163,100.32590180780451,0.3113928860461957,1.052320027264976,0.9438555092332133
REFUGE1-val-72,4981,1438,0.28869704878538444,3543,71.13029512146156,True,False,263.03657992645924,0.4690658961915498,1.1322935940377152,0.9046781631896411,140.12489168102786,0.1599517680376305,1.0130431011704109,0.9203185383758998
REFUGE1-val-73,3577,914,0.25552138663684654,2663,74.44786133631534,True,False,222.40916292848976,0.5561040978606248,1.2032063323353752,0.9087061201311408,109.7401153701776,0.20500997371047852,1.0217010487128917,0.953729541268058
REFUGE1-val-74,3776,1060,0.2807203389830508,2716,71.92796610169492,True,False,229.7228714274745,0.5743566658360043,1.2215901384308727,0.899152544059587,119.7401153701776,0.45427164046381674,1.1225067750012487,0.9290442179580793
REFUGE1-val-75,5804,3416,0.5885596140592695,2388,41.14403859407305,True,False,283.1787155501902,0.5186113667522345,1.1695768438811167,0.9095279565662069,216.99494936611666,0.4929883612194298,1.1493778526181233,0.9116507105918185
REFUGE1-val-76,5358,1094,0.204180664427025,4264,79.5819335572975,True,False,273.86500705120545,0.5906141895607373,1.2392278954083424,0.8977170738030611,121.74011537017762,0.24792551730236226,1.0322270614461995,0.9275979240962783
REFUGE1-val-77,5728,1368,0.2388268156424581,4360,76.11731843575419,True,False,282.35028842544403,0.578761058120409,1.2262458219197518,0.9028932409222055,138.22539674441617,0.6008808584447259,1.2510342960231993,0.8997467178759478
REFUGE1-val-78,5557,1187,0.2136044628396617,4370,78.63955371603383,True,False,277.5218613006979,0.5770950298311714,1.2244742987007435,0.9066838114587515,126.81118318204308,0.2681476287346341,1.038014334249763,0.9275673936404922
REFUGE1-val-79,5118,1315,0.25693630324345446,3803,74.30636967565455,True,False,269.5218613006978,0.667460722543458,1.3429217854594289,0.8853645955602545,133.88225099390854,0.2620691742122263,1.0362167162128746,0.9219122920672673
REFUGE1-val-8,3536,804,0.22737556561085973,2732,77.26244343891403,True,False,224.75230867899737,0.7272189518365143,1.4568646508452232,0.8796578795949449,103.49747468305833,0.3408415082515265,1.0636931228516164,0.9432056775969663
REFUGE1-val-80,3279,777,0.23696248856358645,2502,76.30375114364135,True,False,216.40916292848976,0.7352841956170418,1.4754508906168526,0.879832479844835,102.08326112068522,0.4337468123263469,1.1098350529144343,0.9369616423269422
REFUGE1-val-81,4614,1126,0.24403987863025575,3488,75.59601213697442,True,False,251.9655121145938,0.4189233181677135,1.101295369368387,0.9132827461654558,123.39696961966999,0.4153222210026593,1.099294469563171,0.9292643271831823
REFUGE1-val-82,5036,983,0.19519459888800636,4053,80.48054011119936,True,False,264.69343417595167,0.6040625428555153,1.2548044680663217,0.9032526580770741,115.49747468305833,0.33669860658554734,1.0620080226527935,0.9260158166212761
REFUGE1-val-83,4834,1215,0.2513446421183285,3619,74.86553578816715,True,False,257.9655121145938,0.3142029016394965,1.0533457989420183,0.9128369551301505,128.22539674441617,0.35518928726467663,1.0697539480700033,0.9286200127950369
REFUGE1-val-84,3624,757,0.2088852097130243,2867,79.11147902869757,True,False,224.06601717798213,0.5454924715164624,1.1931526562636792,0.9070809869630395,101.49747468305833,0.48044856926916496,1.1402210781997937,0.9234114806214456
REFUGE1-val-85,5071,1266,0.2496549004141195,3805,75.03450995858805,True,False,264.35028842544403,0.37227405498877936,1.0774435712796997,0.9118930324694213,130.5685424949238,0.4007737412428082,1.0914920726974189,0.9331822236987759
REFUGE1-val-86,5623,1259,0.2239018317624044,4364,77.60981682375956,True,False,278.9360748630709,0.396729362676901,1.0894010125383922,0.9081729806811275,130.22539674441617,0.5019370371829128,1.1561974645214055,0.9329195962939795
REFUGE1-val-87,3618,565,0.15616362631288006,3053,84.38363736871199,True,False,224.06601717798213,0.5923810117728889,1.241221533951454,0.9055791972495246,87.01219330881975,0.4093559390227073,1.096040833583309,0.9377737671227925
REFUGE1-val-88,3990,833,0.20877192982456141,3157,79.12280701754386,True,False,234.65180361560903,0.5358442951800795,1.1843895290988609,0.9106153489271579,104.9116882454314,0.2211035314441053,1.025377749239099,0.9510582426423835
REFUGE1-val-89,7299,1668,0.22852445540484997,5631,77.14755445951499,True,False,316.63455967290594,0.10712935191269359,1.005788219178364,0.9148641248747652,150.12489168102783,0.3516645687380905,1.0682321805882873,0.9300375773844728
REFUGE1-val-9,5401,954,0.17663395667468987,4447,82.33660433253101,True,False,274.1076477383247,0.5860652097917252,1.2341658236710429,0.9033202287338534,113.7401153701776,0.34693250015034843,1.0662230037656217,0.9266823895180591
REFUGE1-val-90,5273,1512,0.28674378911435616,3761,71.32562108856439,True,False,269.5218613006978,0.5321266017075189,1.1811049693493696,0.9121780993335722,142.46803743153546,0.26779257712538307,1.0379079392776154,0.9361097567079013
REFUGE1-val-91,4288,1498,0.3493470149253731,2790,65.06529850746269,True,False,242.20815280171308,0.14576997675342035,1.0107968162644303,0.9185168454942235,141.88225099390854,0.40375671149991077,1.093055780742322,0.9351161063699429
REFUGE1-val-92,4893,2191,0.44778254649499283,2702,55.22174535050072,True,False,262.69343417595167,0.6675715278334873,1.3431009538202225,0.8910183407573067,173.09545442950497,0.35425587425716426,1.0693488430460547,0.9189267945544827
REFUGE1-val-93,3825,901,0.23555555555555555,2924,76.44444444444444,True,False,230.55129855222071,0.592139998910767,1.2409486627734254,0.9042867307347386,109.74011537017762,0.3702924787552411,1.0765245114012054,0.9401644602653391
REFUGE1-val-94,4933,1298,0.2631258868842489,3635,73.6874113115751,True,False,259.27922061357856,0.39545800070883225,1.0887505214712263,0.9221159929591198,132.22539674441617,0.3070031744335941,1.0507419130786404,0.9329423306480834
REFUGE1-val-95,7041,3624,0.5146996165317427,3417,48.530038346825734,True,False,310.14927829866735,0.1459339571242026,1.0108215171014128,0.9198195978517327,223.4802307403552,0.18992762580920808,1.0185393578710469,0.9118425010632348
REFUGE1-val-96,4310,1023,0.23735498839907193,3287,76.2645011600928,True,False,243.48023074035524,0.435493224457791,1.1108741146325452,0.9136076446195063,117.15432893255071,0.3154951187408205,1.0538216213756897,0.9366316225037318
REFUGE1-val-97,4255,353,0.08296122209165688,3902,91.70387779083431,True,False,245.9655121145938,0.6800553711261568,1.363957349895133,0.8838142393401208,67.698484809835,0.6210858802083119,1.27592925124893,0.9678914915089044
REFUGE1-val-98,7345,2115,0.28795098706603134,5230,71.20490129339687,True,False,318.3919189857867,0.5022283848833913,1.1564236216647419,0.910495054391378,168.02438661763952,0.2900060629124127,1.0449049924845666,0.9414030443518009
REFUGE1-val-99,5322,1098,0.20631341600901917,4224,79.36865839909808,True,False,274.69343417595167,0.6512927724420371,1.3178242212419438,0.8863151573756788,121.9827560572969,0.4952917458965427,1.1511100041708981,0.9272894550950259
