image_id,disc_pixels,cup_pixels,ratio_cup_disc,absolute_difference,discrepancy_pct,predominance,glaucoma_flag
CRFO-v4-1,6620,654,0.09879154078549848,5966,90.12084592145015,Disc,False
CRFO-v4-10,3616,2547,0.7043694690265486,1069,29.563053097345133,Disc,False
CRFO-v4-11,3693,1703,0.4611427024099648,1990,53.88572975900352,Disc,False
CRFO-v4-21,8729,3634,0.41631343796540266,5095,58.368656203459736,Disc,False
CRFO-v4-3,3915,678,0.1731800766283525,3237,82.68199233716476,Disc,False
CRFO-v4-36,3971,1605,0.4041803072273986,2366,59.581969277260136,Disc,False
CRFO-v4-37,3971,1649,0.4152606396373709,2322,58.473936036262906,Disc,False
CRFO-v4-38,3426,670,0.19556333917104496,2756,80.4436660828955,Disc,False
CRFO-v4-39,3961,719,0.1815198182277203,3242,81.84801817722797,Disc,False
CRFO-v4-4,4626,2692,0.5819282317336792,1934,41.80717682663208,Disc,False
CRFO-v4-40,3408,828,0.24295774647887325,2580,75.70422535211267,Disc,False
CRFO-v4-41,3951,1348,0.34117944824095164,2603,65.88205517590482,Disc,False
CRFO-v4-42,4137,1630,0.3940053178631859,2507,60.599468213681405,Disc,False
CRFO-v4-43,3993,1233,0.30879038317054847,2760,69.12096168294516,Disc,False
CRFO-v4-44,5937,2030,0.34192353040256024,3907,65.80764695974398,Disc,False
CRFO-v4-45,7079,3060,0.4322644441305269,4019,56.77355558694731,Disc,False
CRFO-v4-46,7240,3002,0.41464088397790055,4238,58.53591160220994,Disc,False
CRFO-v4-47,3954,767,0.19398077895801719,3187,80.60192210419828,Disc,False
CRFO-v4-48,4021,394,0.09798557572743098,3627,90.20144242725691,Disc,False
CRFO-v4-49,4482,1161,0.25903614457831325,3321,74.09638554216868,Disc,False
CRFO-v4-5,4904,1083,0.22084013050570964,3821,77.91598694942904,Disc,False
CRFO-v4-50,4679,1561,0.33361829450737335,3118,66.63817054926267,Disc,False
CRFO-v4-51,5120,2101,0.4103515625,3019,58.96484374999999,Disc,False
CRFO-v4-53,4732,667,0.14095519864750633,4065,85.90448013524936,Disc,False
CRFO-v4-6,3875,1690,0.43612903225806454,2185,56.387096774193544,Disc,False
CRFO-v4-64,5831,1658,0.2843423083519122,4173,71.56576916480878,Disc,False
CRFO-v4-65,5996,2288,0.3815877251501001,3708,61.84122748498999,Disc,False
CRFO-v4-66,6378,2891,0.4532768893069928,3487,54.67231106930072,Disc,False
CRFO-v4-67,6436,2843,0.44173399627097576,3593,55.826600372902426,Disc,False
CRFO-v4-68,4493,1120,0.24927665257066547,3373,75.07233474293345,Disc,False
CRFO-v4-69,5007,865,0.17275813860595166,4142,82.72418613940484,Disc,False
CRFO-v4-7,4387,846,0.19284248917255528,3541,80.71575108274448,Disc,False
CRFO-v4-70,5359,2276,0.42470610188468,3083,57.529389811532006,Disc,False
CRFO-v4-71,5638,2634,0.46718694572543457,3004,53.28130542745655,Disc,False
CRFO-v4-72,4747,1231,0.2593216768485359,3516,74.0678323151464,Disc,False
CRFO-v4-73,5129,1150,0.2242152466367713,3979,77.57847533632287,Disc,False
CRFO-v4-74,5337,2666,0.4995315720442196,2671,50.04684279557804,Disc,False
CRFO-v4-75,5555,2289,0.41206120612061203,3266,58.793879387938794,Disc,False
CRFO-v4-76,4349,1227,0.28213382386755576,3122,71.78661761324442,Disc,False
CRFO-v4-77,4863,1818,0.3738433066008637,3045,62.61566933991364,Disc,False
CRFO-v4-78,4432,1252,0.2824909747292419,3180,71.75090252707581,Disc,False
CRFO-v4-79,4514,561,0.12428001772264068,3953,87.57199822773593,Disc,False
CRFO-v4-8,4621,685,0.14823631248647479,3936,85.17636875135251,Disc,False
CRFO-v4-9,4948,1177,0.23787388843977364,3771,76.21261115602263,Disc,False
DRISHTI-GS1-test-1,11441,7911,0.6914605366663753,3530,30.85394633336247,Disc,False
DRISHTI-GS1-test-10,10636,7852,0.7382474614516735,2784,26.175253854832643,Disc,False
DRISHTI-GS1-test-11,8563,7000,0.817470512670793,1563,18.252948732920704,Disc,False
DRISHTI-GS1-test-12,7489,5234,0.6988917078381627,2255,30.11082921618374,Disc,False
DRISHTI-GS1-test-13,5929,3524,0.5943666722887502,2405,40.563332771124976,Disc,False
DRISHTI-GS1-test-14,7862,6185,0.786695497328924,1677,21.330450267107608,Disc,False
DRISHTI-GS1-test-15,6512,4582,0.7036240786240786,1930,29.63759213759214,Disc,False
DRISHTI-GS1-test-16,6847,5261,0.7683657076091719,1586,23.16342923908281,Disc,False
DRISHTI-GS1-test-17,7394,5526,0.7473627265350284,1868,25.263727346497163,Disc,False
DRISHTI-GS1-test-18,7712,5384,0.6981327800829875,2328,30.186721991701244,Disc,False
DRISHTI-GS1-test-19,8961,5957,0.6647695569690882,3004,33.52304430309117,Disc,False
DRISHTI-GS1-test-2,7373,4847,0.6573986165739861,2526,34.26013834260138,Disc,False
DRISHTI-GS1-test-20,7930,5962,0.7518284993694829,1968,24.817150063051702,Disc,False
DRISHTI-GS1-test-21,6659,5341,0.8020723832407268,1318,19.792761675927316,Disc,False
DRISHTI-GS1-test-22,9857,5972,0.6058638530993202,3885,39.41361469006797,Disc,False
DRISHTI-GS1-test-23,6180,4175,0.6755663430420712,2005,32.44336569579288,Disc,False
DRISHTI-GS1-test-24,8820,6327,0.7173469387755103,2493,28.26530612244898,Disc,False
DRISHTI-GS1-test-25,8229,6491,0.7887957224450115,1738,21.120427755498845,Disc,False
DRISHTI-GS1-test-26,5292,3501,0.6615646258503401,1791,33.843537414965986,Disc,False
DRISHTI-GS1-test-27,5790,4153,0.7172711571675302,1637,28.27288428324698,Disc,False
DRISHTI-GS1-test-28,6478,1824,0.2815683853041062,4654,71.84316146958938,Disc,False
DRISHTI-GS1-test-29,6924,4393,0.6344598497978048,2531,36.55401502021952,Disc,False
DRISHTI-GS1-test-3,12887,10182,0.7900985489252735,2705,20.990145107472646,Disc,False
DRISHTI-GS1-test-30,7551,5508,0.7294398092967819,2043,27.056019070321813,Disc,False
DRISHTI-GS1-test-31,7434,4081,0.5489642184557438,3353,45.10357815442561,Disc,False
DRISHTI-GS1-test-32,7257,5190,0.7151715584952459,2067,28.4828441504754,Disc,False
DRISHTI-GS1-test-33,7199,4583,0.6366161966939853,2616,36.338380330601474,Disc,False
DRISHTI-GS1-test-34,7147,3270,0.4575346299146495,3877,54.24653700853504,Disc,False
DRISHTI-GS1-test-35,7790,5401,0.6933247753530167,2389,30.667522464698333,Disc,False
DRISHTI-GS1-test-36,6957,5754,0.8270806382061233,1203,17.29193617938767,Disc,False
DRISHTI-GS1-test-37,8851,6455,0.7292961247316687,2396,27.07038752683313,Disc,False
DRISHTI-GS1-test-38,7201,3754,0.5213164838216914,3447,47.868351617830854,Disc,False
DRISHTI-GS1-test-39,7436,5540,0.7450242065626681,1896,25.49757934373319,Disc,False
DRISHTI-GS1-test-4,9580,5748,0.6,3832,40.0,Disc,False
DRISHTI-GS1-test-40,7001,4666,0.6664762176831881,2335,33.35237823168119,Disc,False
DRISHTI-GS1-test-41,7842,4942,0.6301963784748789,2900,36.980362152512114,Disc,False
DRISHTI-GS1-test-42,8114,5578,0.6874537835839291,2536,31.2546216416071,Disc,False
DRISHTI-GS1-test-43,8877,6310,0.71082572941309,2567,28.917427058690997,Disc,False
DRISHTI-GS1-test-44,6791,4671,0.6878221175084671,2120,31.217788249153287,Disc,False
DRISHTI-GS1-test-45,5926,1938,0.327033412082349,3988,67.29665879176511,Disc,False
DRISHTI-GS1-test-46,7564,1864,0.2464304600740349,5700,75.35695399259652,Disc,False
DRISHTI-GS1-test-47,6200,2011,0.3243548387096774,4189,67.56451612903226,Disc,False
DRISHTI-GS1-test-48,6844,1942,0.28375219170075977,4902,71.62478082992402,Disc,False
DRISHTI-GS1-test-49,9863,3250,0.32951434654770356,6613,67.04856534522965,Disc,False
DRISHTI-GS1-test-5,10112,6903,0.6826542721518988,3209,31.734572784810126,Disc,False
DRISHTI-GS1-test-50,8784,3965,0.4513888888888889,4819,54.861111111111114,Disc,False
DRISHTI-GS1-test-51,8279,1116,0.13479888875468052,7163,86.52011112453195,Disc,False
DRISHTI-GS1-test-6,7434,2491,0.33508205542103847,4943,66.49179445789615,Disc,False
DRISHTI-GS1-test-7,6064,4426,0.7298812664907651,1638,27.011873350923484,Disc,False
DRISHTI-GS1-test-8,8131,4842,0.595498708645923,3289,40.4501291354077,Disc,False
DRISHTI-GS1-test-9,8058,5808,0.7207743857036486,2250,27.922561429635145,Disc,False
DRISHTI-GS1-train-1,5435,3316,0.6101195952161913,2119,38.98804047838087,Disc,False
DRISHTI-GS1-train-10,5521,3256,0.5897482340155769,2265,41.02517659844231,Disc,False
DRISHTI-GS1-train-11,8214,5784,0.704163623082542,2430,29.5836376917458,Disc,False
DRISHTI-GS1-train-12,6652,5087,0.7647324113048707,1565,23.52675886951293,Disc,False
DRISHTI-GS1-train-13,7372,4702,0.6378187737384698,2670,36.21812262615301,Disc,False
DRISHTI-GS1-train-14,11267,7237,0.6423182746072601,4030,35.76817253927398,Disc,False
DRISHTI-GS1-train-15,10128,7256,0.7164296998420221,2872,28.35703001579779,Disc,False
DRISHTI-GS1-train-16,8091,5680,0.7020145841057965,2411,29.798541589420342,Disc,False
DRISHTI-GS1-train-17,8818,5355,0.6072805624858244,3463,39.27194375141755,Disc,False
DRISHTI-GS1-train-18,6513,4220,0.6479348994319054,2293,35.206510056809456,Disc,False
DRISHTI-GS1-train-19,6354,3602,0.5668870003147624,2752,43.31129996852376,Disc,False
DRISHTI-GS1-train-2,6866,4964,0.7229828138654238,1902,27.701718613457615,Disc,False
DRISHTI-GS1-train-20,7923,6349,0.8013378770667676,1574,19.866212293323233,Disc,False
DRISHTI-GS1-train-21,8555,3954,0.46218585622443015,4601,53.78141437755698,Disc,False
DRISHTI-GS1-train-22,8307,3068,0.36932707355242567,5239,63.06729264475743,Disc,False
DRISHTI-GS1-train-23,6987,4947,0.708029197080292,2040,29.1970802919708,Disc,False
DRISHTI-GS1-train-24,6035,2534,0.419884009942005,3501,58.01159900579951,Disc,False
DRISHTI-GS1-train-25,6776,2980,0.4397874852420307,3796,56.02125147579693,Disc,False
DRISHTI-GS1-train-26,6105,2223,0.36412776412776415,3882,63.58722358722358,Disc,False
DRISHTI-GS1-train-27,8255,6075,0.7359176256814052,2180,26.408237431859476,Disc,False
DRISHTI-GS1-train-28,6073,4161,0.6851638399473078,1912,31.483616005269226,Disc,False
DRISHTI-GS1-train-29,5835,2761,0.47317909168808914,3074,52.68209083119109,Disc,False
DRISHTI-GS1-train-3,6718,3434,0.5111640369157487,3284,48.883596308425126,Disc,False
DRISHTI-GS1-train-30,6221,4049,0.6508599903552483,2172,34.914000964475164,Disc,False
DRISHTI-GS1-train-31,7940,5766,0.7261964735516373,2174,27.38035264483627,Disc,False
DRISHTI-GS1-train-32,8147,5908,0.7251749110101878,2239,27.482508898981223,Disc,False
DRISHTI-GS1-train-33,8424,4847,0.5753798670465338,3577,42.46201329534663,Disc,False
DRISHTI-GS1-train-34,10193,6545,0.6421073285588149,3648,35.78926714411851,Disc,False
DRISHTI-GS1-train-35,8265,5940,0.7186932849364791,2325,28.13067150635209,Disc,False
DRISHTI-GS1-train-36,6948,4376,0.6298215313759356,2572,37.01784686240645,Disc,False
DRISHTI-GS1-train-37,10636,7082,0.6658518239939827,3554,33.41481760060173,Disc,False
DRISHTI-GS1-train-38,10465,7495,0.7161968466316292,2970,28.380315336837075,Disc,False
DRISHTI-GS1-train-39,9408,5204,0.5531462585034014,4204,44.685374149659864,Disc,False
DRISHTI-GS1-train-4,8932,7253,0.8120241827138379,1679,18.797581728616212,Disc,False
DRISHTI-GS1-train-40,8457,6579,0.7779354380986165,1878,22.206456190138347,Disc,False
DRISHTI-GS1-train-41,8792,6385,0.7262283894449499,2407,27.377161055505006,Disc,False
DRISHTI-GS1-train-42,6703,4479,0.6682082649559898,2224,33.179173504401014,Disc,False
DRISHTI-GS1-train-43,7325,5536,0.7557679180887372,1789,24.42320819112628,Disc,False
DRISHTI-GS1-train-44,6542,3507,0.5360745949250993,3035,46.39254050749007,Disc,False
DRISHTI-GS1-train-45,6974,2088,0.2993977631201606,4886,70.06022368798394,Disc,False
DRISHTI-GS1-train-46,7229,2730,0.3776455941347351,4499,62.235440586526494,Disc,False
DRISHTI-GS1-train-47,7141,2147,0.3006581711244924,4994,69.93418288755076,Disc,False
DRISHTI-GS1-train-48,5914,3684,0.6229286438958404,2230,37.70713561041596,Disc,False
DRISHTI-GS1-train-49,9349,4783,0.5116055193068777,4566,48.839448069312226,Disc,False
DRISHTI-GS1-train-5,6190,4919,0.7946688206785137,1271,20.533117932148627,Disc,False
DRISHTI-GS1-train-50,8050,915,0.11366459627329192,7135,88.63354037267081,Disc,False
DRISHTI-GS1-train-6,7024,5792,0.8246013667425968,1232,17.539863325740317,Disc,False
DRISHTI-GS1-train-7,6300,4953,0.7861904761904762,1347,21.38095238095238,Disc,False
DRISHTI-GS1-train-8,6484,2803,0.43229487970388647,3681,56.77051202961135,Disc,False
DRISHTI-GS1-train-9,6466,2698,0.4172595112898237,3768,58.27404887101763,Disc,False
G1020-1,4989,673,0.13489677290038085,4316,86.51032270996191,Disc,False
G1020-10,3488,577,0.1654243119266055,2911,83.45756880733946,Disc,False
G1020-100,3771,632,0.16759480243967118,3139,83.24051975603288,Disc,False
G1020-1000,3778,692,0.18316569613552144,3086,81.68343038644785,Disc,False
G1020-1001,5321,1207,0.2268370607028754,4114,77.31629392971246,Disc,False
G1020-1002,4808,1128,0.23460898502495842,3680,76.53910149750416,Disc,False
G1020-1003,4136,2409,0.5824468085106383,1727,41.755319148936174,Disc,False
G1020-1005,4254,560,0.1316408086506817,3694,86.83591913493183,Disc,False
G1020-1006,3016,394,0.1306366047745358,2622,86.93633952254642,Disc,False
G1020-1007,5300,1646,0.31056603773584907,3654,68.9433962264151,Disc,False
G1020-1008,3710,673,0.18140161725067386,3037,81.85983827493261,Disc,False
G1020-1009,5964,2151,0.3606639839034205,3813,63.933601609657956,Disc,False
G1020-101,4332,1249,0.2883194829178209,3083,71.16805170821792,Disc,False
G1020-1011,5412,2131,0.39375461936437545,3281,60.62453806356245,Disc,False
G1020-1012,5323,1522,0.2859289874131129,3801,71.40710125868871,Disc,False
G1020-1013,4149,889,0.21426849843335743,3260,78.57315015666425,Disc,False
G1020-1014,5862,2315,0.3949164107813033,3547,60.508358921869664,Disc,False
G1020-1015,4413,1526,0.3457965103104464,2887,65.42034896895535,Disc,False
G1020-1016,4256,602,0.14144736842105263,3654,85.85526315789474,Disc,False
G1020-1017,5112,2037,0.3984741784037559,3075,60.152582159624416,Disc,False
G1020-1018,4203,1060,0.25220080894599095,3143,74.77991910540091,Disc,False
G1020-1019,4386,1462,0.3333333333333333,2924,66.66666666666666,Disc,False
G1020-102,4002,740,0.18490754622688654,3262,81.50924537731134,Disc,False
G1020-103,3924,980,0.24974515800203873,2944,75.02548419979613,Disc,False
G1020-104,3880,822,0.21185567010309278,3058,78.81443298969072,Disc,False
G1020-105,4424,935,0.21134719710669078,3489,78.86528028933093,Disc,False
G1020-108,5438,1774,0.32622287605737404,3664,67.3777123942626,Disc,False
G1020-109,4401,828,0.18813905930470348,3573,81.18609406952966,Disc,False
G1020-11,4131,1102,0.26676349552166545,3029,73.32365044783346,Disc,False
G1020-110,4591,1094,0.23829231104334567,3497,76.17076889566543,Disc,False
G1020-111,5462,1867,0.3418161845477847,3595,65.81838154522153,Disc,False
G1020-113,5752,1455,0.2529554937413074,4297,74.70445062586927,Disc,False
G1020-114,6729,1735,0.2578392034477634,4994,74.21607965522365,Disc,False
G1020-115,4073,1133,0.27817333660692367,2940,72.18266633930763,Disc,False
G1020-116,5041,1446,0.28684784764927596,3595,71.3152152350724,Disc,False
G1020-117,3799,1085,0.2856014740721242,2714,71.43985259278757,Disc,False
G1020-118,3043,529,0.17384160368057838,2514,82.61583963194217,Disc,False
G1020-119,4115,1626,0.3951397326852977,2489,60.48602673147023,Disc,False
G1020-12,4811,850,0.17667844522968199,3961,82.3321554770318,Disc,False
G1020-120,3928,717,0.1825356415478615,3211,81.74643584521385,Disc,False
G1020-122,6075,2723,0.44823045267489714,3352,55.17695473251029,Disc,False
G1020-123,4843,1806,0.37290935370638034,3037,62.70906462936197,Disc,False
G1020-124,4161,780,0.18745493871665464,3381,81.25450612833454,Disc,False
G1020-125,4252,767,0.1803857008466604,3485,81.96142991533397,Disc,False
G1020-126,3553,544,0.15311004784688995,3009,84.688995215311,Disc,False
G1020-128,3603,549,0.1523730224812656,3054,84.76269775187345,Disc,False
G1020-129,4914,823,0.16748066748066748,4091,83.25193325193325,Disc,False
G1020-130,5033,1248,0.24796344128750247,3785,75.20365587124975,Disc,False
G1020-131,3507,891,0.2540633019674936,2616,74.59366980325063,Disc,False
G1020-133,6088,2214,0.36366622864651776,3874,63.633377135348226,Disc,False
G1020-134,3819,858,0.2246661429693637,2961,77.53338570306363,Disc,False
G1020-137,3984,1536,0.3855421686746988,2448,61.44578313253012,Disc,False
G1020-138,5561,1256,0.22585865851465564,4305,77.41413414853444,Disc,False
G1020-139,6050,1265,0.20909090909090908,4785,79.0909090909091,Disc,False
G1020-140,4829,758,0.15696831642161937,4071,84.30316835783806,Disc,False
G1020-141,4868,1173,0.24096138044371404,3695,75.9038619556286,Disc,False
G1020-142,4528,996,0.21996466431095407,3532,78.00353356890459,Disc,False
G1020-143,4255,723,0.1699177438307873,3532,83.00822561692127,Disc,False
G1020-144,6153,1703,0.27677555663903786,4450,72.32244433609621,Disc,False
G1020-145,5354,1518,0.28352633545013073,3836,71.64736645498692,Disc,False
G1020-146,6396,1669,0.2609443402126329,4727,73.9055659787367,Disc,False
G1020-147,3505,499,0.14236804564907277,3006,85.76319543509273,Disc,False
G1020-148,5246,1115,0.21254288982081587,4131,78.74571101791842,Disc,False
G1020-15,4486,805,0.1794471689701293,3681,82.05528310298708,Disc,False
G1020-151,4414,903,0.20457634798368826,3511,79.54236520163117,Disc,False
G1020-152,3328,668,0.20072115384615385,2660,79.92788461538461,Disc,False
G1020-154,3187,671,0.210542830247882,2516,78.9457169752118,Disc,False
G1020-155,4590,1897,0.4132897603485839,2693,58.671023965141615,Disc,False
G1020-158,3856,1060,0.274896265560166,2796,72.5103734439834,Disc,False
G1020-159,4814,1595,0.3313253012048193,3219,66.86746987951807,Disc,False
G1020-16,2411,288,0.11945250933222729,2123,88.05474906677728,Disc,False
G1020-161,5902,769,0.13029481531684176,5133,86.97051846831583,Disc,False
G1020-164,4995,1258,0.2518518518518518,3737,74.81481481481481,Disc,False
G1020-165,5850,1491,0.2548717948717949,4359,74.51282051282051,Disc,False
G1020-166,3796,772,0.20337197049525815,3024,79.66280295047419,Disc,False
G1020-167,4499,1102,0.24494332073794176,3397,75.50566792620582,Disc,False
G1020-169,5057,954,0.18864939687561796,4103,81.1350603124382,Disc,False
G1020-17,4128,684,0.16569767441860464,3444,83.43023255813954,Disc,False
G1020-170,3624,596,0.16445916114790288,3028,83.55408388520972,Disc,False
G1020-173,3708,717,0.19336569579288027,2991,80.66343042071198,Disc,False
G1020-175,3840,623,0.16223958333333333,3217,83.77604166666667,Disc,False
G1020-176,3618,781,0.21586511885019347,2837,78.41348811498065,Disc,False
G1020-177,3643,785,0.21548174581388965,2858,78.45182541861104,Disc,False
G1020-178,3597,841,0.23380594940227967,2756,76.61940505977202,Disc,False
G1020-179,6177,1378,0.22308564027845232,4799,77.69143597215476,Disc,False
G1020-18,4827,1247,0.2583385125336648,3580,74.16614874663352,Disc,False
G1020-183,4214,757,0.17963929757949693,3457,82.0360702420503,Disc,False
G1020-184,6861,1999,0.29135694505174176,4862,70.86430549482583,Disc,False
G1020-185,5226,2542,0.4864140834290088,2684,51.35859165709912,Disc,False
G1020-186,6146,1909,0.3106085258704849,4237,68.93914741295151,Disc,False
G1020-187,5255,1122,0.21351094196003806,4133,78.6489058039962,Disc,False
G1020-188,4074,517,0.12690230731467844,3557,87.30976926853215,Disc,False
G1020-189,4569,1174,0.25694900415845917,3395,74.30509958415408,Disc,False
G1020-19,5586,1389,0.24865735767991407,4197,75.13426423200859,Disc,False
G1020-190,4187,1165,0.2782421781705278,3022,72.17578218294722,Disc,False
G1020-191,5608,2094,0.37339514978601995,3514,62.660485021398,Disc,False
G1020-192,3727,947,0.2540917628119131,2780,74.59082371880869,Disc,False
G1020-193,3965,886,0.22345523329129888,3079,77.65447667087011,Disc,False
G1020-195,4574,1203,0.2630083078268474,3371,73.69916921731526,Disc,False
G1020-196,5096,1092,0.21428571428571427,4004,78.57142857142857,Disc,False
G1020-197,5211,2677,0.5137209748608712,2534,48.62790251391287,Disc,False
G1020-198,6953,1727,0.24838199338415073,5226,75.16180066158493,Disc,False
G1020-2,5160,1524,0.29534883720930233,3636,70.46511627906978,Disc,False
G1020-20,4732,868,0.1834319526627219,3864,81.65680473372781,Disc,False
G1020-200,4716,320,0.06785411365564037,4396,93.21458863443596,Disc,False
G1020-201,5202,1541,0.2962322183775471,3661,70.37677816224529,Disc,False
G1020-202,3858,687,0.1780715396578538,3171,82.19284603421461,Disc,False
G1020-203,4829,1088,0.2253054462621661,3741,77.46945537378339,Disc,False
G1020-204,3662,430,0.1174221736755871,3232,88.25778263244129,Disc,False
G1020-205,4887,1011,0.20687538367096378,3876,79.31246163290362,Disc,False
G1020-207,4397,736,0.16738685467364112,3661,83.2613145326359,Disc,False
G1020-208,4276,954,0.22310570626753976,3322,77.68942937324603,Disc,False
G1020-21,4615,1452,0.31462621885157094,3163,68.53737811484291,Disc,False
G1020-210,4106,788,0.1919142717973697,3318,80.80857282026302,Disc,False
G1020-211,4582,984,0.21475338280226974,3598,78.52466171977302,Disc,False
G1020-213,5533,1770,0.31989878908367975,3763,68.01012109163203,Disc,False
G1020-215,4889,1010,0.20658621394968296,3879,79.34137860503171,Disc,False
G1020-217,4833,1714,0.3546451479412373,3119,64.53548520587627,Disc,False
G1020-219,4911,804,0.16371411117898596,4107,83.62858888210141,Disc,False
G1020-220,5883,2056,0.34948155702872685,3827,65.05184429712732,Disc,False
G1020-221,3359,1221,0.3635010419767788,2138,63.64989580232212,Disc,False
G1020-222,3003,588,0.1958041958041958,2415,80.41958041958041,Disc,False
G1020-223,3420,808,0.23625730994152047,2612,76.37426900584795,Disc,False
G1020-225,5057,1344,0.26577021949772595,3713,73.4229780502274,Disc,False
G1020-226,4616,1834,0.39731369150779894,2782,60.26863084922011,Disc,False
G1020-227,5429,1378,0.2538220666789464,4051,74.61779333210536,Disc,False
G1020-228,3523,551,0.15640079477717855,2972,84.35992052228215,Disc,False
G1020-23,2851,559,0.19607155384075764,2292,80.39284461592425,Disc,False
G1020-230,3173,1088,0.3428931610463284,2085,65.71068389536717,Disc,False
G1020-231,4203,716,0.17035450868427313,3487,82.96454913157268,Disc,False
G1020-232,3358,772,0.22989874925550924,2586,77.01012507444908,Disc,False
G1020-233,4449,1186,0.2665767588222072,3263,73.34232411777928,Disc,False
G1020-234,5631,1059,0.18806606286627597,4572,81.1933937133724,Disc,False
G1020-235,4374,824,0.18838591678097852,3550,81.16140832190214,Disc,False
G1020-236,4792,592,0.12353923205342238,4200,87.64607679465777,Disc,False
G1020-237,5055,757,0.14975272007912957,4298,85.02472799208705,Disc,False
G1020-238,5324,1627,0.30559729526671675,3697,69.44027047332833,Disc,False
G1020-239,2976,1008,0.3387096774193548,1968,66.12903225806451,Disc,False
G1020-24,4376,862,0.1969835466179159,3514,80.3016453382084,Disc,False
G1020-241,4832,1051,0.21750827814569537,3781,78.24917218543047,Disc,False
G1020-243,4129,1214,0.29401792201501575,2915,70.59820779849842,Disc,False
G1020-244,5245,2099,0.4001906577693041,3146,59.980934223069596,Disc,False
G1020-245,3865,1518,0.39275549805950843,2347,60.72445019404916,Disc,False
G1020-246,3739,677,0.18106445573682803,3062,81.8935544263172,Disc,False
G1020-247,4914,1081,0.21998371998372,3833,78.00162800162799,Disc,False
G1020-248,4458,1488,0.33378196500672946,2970,66.62180349932704,Disc,False
G1020-249,4253,440,0.10345638372913238,3813,89.65436162708677,Disc,False
G1020-25,3806,622,0.16342616920651604,3184,83.6573830793484,Disc,False
G1020-253,4044,406,0.10039564787339268,3638,89.96043521266073,Disc,False
G1020-254,4907,942,0.1919706541675158,3965,80.80293458324842,Disc,False
G1020-255,4795,852,0.17768508863399374,3943,82.23149113660062,Disc,False
G1020-256,4266,741,0.17369901547116737,3525,82.63009845288326,Disc,False
G1020-257,4579,907,0.1980781830093907,3672,80.19218169906092,Disc,False
G1020-259,4476,1359,0.30361930294906164,3117,69.63806970509383,Disc,False
G1020-26,4201,2097,0.4991668650321352,2104,50.083313496786474,Disc,False
G1020-260,4492,391,0.08704363312555655,4101,91.29563668744434,Disc,False
G1020-261,4791,2524,0.5268211229388436,2267,47.317887706115634,Disc,False
G1020-262,4239,1059,0.24982307147912244,3180,75.01769285208776,Disc,False
G1020-263,4800,805,0.16770833333333332,3995,83.22916666666667,Disc,False
G1020-264,5252,1204,0.22924600152322924,4048,77.07539984767708,Disc,False
G1020-265,4549,1023,0.22488459001978456,3526,77.51154099802154,Disc,False
G1020-267,5552,1296,0.2334293948126801,4256,76.657060518732,Disc,False
G1020-269,5774,1020,0.17665396605472808,4754,82.33460339452719,Disc,False
G1020-27,4094,1144,0.2794333170493405,2950,72.05666829506595,Disc,False
G1020-270,5066,800,0.15791551519936833,4266,84.20844848006317,Disc,False
G1020-271,3439,849,0.2468740913056121,2590,75.3125908694388,Disc,False
G1020-272,4668,1325,0.2838474721508141,3343,71.6152527849186,Disc,False
G1020-273,3973,650,0.16360432922225018,3323,83.63956707777498,Disc,False
G1020-274,3081,334,0.10840636157091853,2747,89.15936384290815,Disc,False
G1020-275,5018,838,0.16699880430450378,4180,83.30011956954962,Disc,False
G1020-276,1948,218,0.11190965092402463,1730,88.80903490759754,Disc,False
G1020-277,6489,2501,0.38542148250886116,3988,61.45785174911389,Disc,False
G1020-278,6939,1835,0.26444732670413607,5104,73.5552673295864,Disc,False
G1020-279,5249,2640,0.5029529434177938,2609,49.70470565822062,Disc,False
G1020-28,4685,1647,0.35154749199573104,3038,64.8452508004269,Disc,False
G1020-280,4737,892,0.18830483428330166,3845,81.16951657166983,Disc,False
G1020-281,4782,1918,0.4010874111250523,2864,59.89125888749477,Disc,False
G1020-282,3399,371,0.10914974992644895,3028,89.0850250073551,Disc,False
G1020-284,4604,1115,0.24218071242397915,3489,75.78192875760209,Disc,False
G1020-286,4525,1331,0.2941436464088398,3194,70.58563535911601,Disc,False
G1020-287,4411,707,0.16028111539333484,3704,83.9718884606665,Disc,False
G1020-288,5726,1099,0.19193154034229828,4627,80.80684596577017,Disc,False
G1020-289,4249,899,0.21157919510473053,3350,78.84208048952695,Disc,False
G1020-29,5311,1016,0.19130107324421014,4295,80.869892675579,Disc,False
G1020-290,4150,669,0.16120481927710845,3481,83.87951807228916,Disc,False
G1020-291,3864,472,0.12215320910973085,3392,87.78467908902692,Disc,False
G1020-292,4927,1277,0.2591840876801299,3650,74.081591231987,Disc,False
G1020-293,5885,1711,0.2907391673746814,4174,70.92608326253186,Disc,False
G1020-295,2994,411,0.1372745490981964,2583,86.27254509018036,Disc,False
G1020-297,4365,1106,0.2533791523482245,3259,74.66208476517755,Disc,False
G1020-298,3697,845,0.22856370029753856,2852,77.14362997024614,Disc,False
G1020-299,4350,581,0.1335632183908046,3769,86.64367816091954,Disc,False
G1020-3,4332,1048,0.24192059095106186,3284,75.80794090489381,Disc,False
G1020-300,4592,1272,0.2770034843205575,3320,72.29965156794425,Disc,False
G1020-301,3876,578,0.14912280701754385,3298,85.08771929824562,Disc,False
G1020-302,5751,1493,0.25960702486524084,4258,74.03929751347592,Disc,False
G1020-303,4186,969,0.23148590539894887,3217,76.85140946010512,Disc,False
G1020-305,5844,2818,0.48220396988364134,3026,51.779603011635864,Disc,False
G1020-306,5369,1739,0.3238964425405103,3630,67.61035574594897,Disc,False
G1020-307,4326,1137,0.26282940360610263,3189,73.71705963938973,Disc,False
G1020-308,5309,2021,0.38067432661518175,3288,61.932567338481824,Disc,False
G1020-309,3286,668,0.20328667072428486,2618,79.67133292757151,Disc,False
G1020-31,3948,776,0.19655521783181357,3172,80.34447821681864,Disc,False
G1020-310,4163,745,0.1789574825846745,3418,82.10425174153255,Disc,False
G1020-311,5477,2307,0.4212159941573854,3170,57.878400584261456,Disc,False
G1020-312,3963,618,0.15594246782740348,3345,84.40575321725964,Disc,False
G1020-313,4279,593,0.1385837812573031,3686,86.14162187426969,Disc,False
G1020-314,5238,981,0.1872852233676976,4257,81.27147766323024,Disc,False
G1020-315,4501,1720,0.3821373028215952,2781,61.78626971784048,Disc,False
G1020-316,4418,827,0.18718877320054322,3591,81.28112267994567,Disc,False
G1020-317,3356,358,0.1066746126340882,2998,89.33253873659119,Disc,False
G1020-318,3600,836,0.23222222222222222,2764,76.77777777777777,Disc,False
G1020-319,4938,1822,0.3689752936411503,3116,63.10247063588498,Disc,False
G1020-32,3812,815,0.21379853095487933,2997,78.62014690451207,Disc,False
G1020-321,4973,1216,0.24452041021516188,3757,75.5479589784838,Disc,False
G1020-322,5126,876,0.17089348419820521,4250,82.91065158017948,Disc,False
G1020-323,4060,1062,0.26157635467980295,2998,73.8423645320197,Disc,False
G1020-324,4560,616,0.13508771929824562,3944,86.49122807017544,Disc,False
G1020-326,4978,1680,0.3374849337083166,3298,66.25150662916835,Disc,False
G1020-327,4803,952,0.19820945242556737,3851,80.17905475744327,Disc,False
G1020-328,4206,1271,0.302187351402758,2935,69.7812648597242,Disc,False
G1020-329,4476,811,0.18118856121537086,3665,81.88114387846291,Disc,False
G1020-33,4347,741,0.1704623878536922,3606,82.95376121463079,Disc,False
G1020-330,4156,758,0.1823869104908566,3398,81.76130895091434,Disc,False
G1020-331,3554,352,0.09904333145751266,3202,90.09566685424873,Disc,False
G1020-333,3907,591,0.1512669567443051,3316,84.87330432556949,Disc,False
G1020-334,3972,424,0.1067472306143001,3548,89.32527693856998,Disc,False
G1020-335,4859,750,0.15435274747890512,4109,84.56472525210948,Disc,False
G1020-336,4037,1439,0.3564528114936834,2598,64.35471885063166,Disc,False
G1020-337,5193,931,0.1792797997304063,4262,82.07202002695936,Disc,False
G1020-338,4243,606,0.14282347395710582,3637,85.71765260428941,Disc,False
G1020-339,4270,689,0.1613583138173302,3581,83.86416861826697,Disc,False
G1020-34,4736,582,0.12288851351351351,4154,87.71114864864865,Disc,False
G1020-340,4011,706,0.17601595612066817,3305,82.39840438793318,Disc,False
G1020-341,5806,1330,0.22907337237340683,4476,77.09266276265932,Disc,False
G1020-342,3826,670,0.17511761630946157,3156,82.48823836905385,Disc,False
G1020-343,3716,1033,0.2779870828848224,2683,72.20129171151775,Disc,False
G1020-344,4408,1502,0.3407441016333938,2906,65.92558983666062,Disc,False
G1020-345,5018,858,0.17098445595854922,4160,82.90155440414507,Disc,False
G1020-346,5499,2128,0.38697945080923807,3371,61.3020549190762,Disc,False
G1020-348,5982,2129,0.3559010364426613,3853,64.40989635573386,Disc,False
G1020-349,5906,1572,0.2661699966136133,4334,73.38300033863867,Disc,False
G1020-35,4718,1208,0.2560406952098347,3510,74.39593047901654,Disc,False
G1020-350,3446,618,0.17933836331979106,2828,82.06616366802089,Disc,False
G1020-353,2987,375,0.12554402410445262,2612,87.44559758955474,Disc,False
G1020-354,4444,1084,0.24392439243924394,3360,75.60756075607561,Disc,False
G1020-355,5475,2357,0.4305022831050228,3118,56.949771689497716,Disc,False
G1020-356,4741,782,0.16494410461927864,3959,83.50558953807213,Disc,False
G1020-357,4123,1726,0.41862721319427604,2397,58.1372786805724,Disc,False
G1020-358,5158,950,0.18417991469561845,4208,81.58200853043816,Disc,False
G1020-359,5472,963,0.17598684210526316,4509,82.40131578947368,Disc,False
G1020-36,5560,688,0.1237410071942446,4872,87.62589928057554,Disc,False
G1020-360,5003,918,0.18348990605636617,4085,81.65100939436338,Disc,False
G1020-361,5261,1421,0.27010074130393463,3840,72.98992586960654,Disc,False
G1020-362,3272,730,0.22310513447432762,2542,77.68948655256723,Disc,False
G1020-363,4009,584,0.14567223746570218,3425,85.4327762534298,Disc,False
G1020-364,4849,1239,0.2555166013611054,3610,74.44833986388946,Disc,False
G1020-365,3641,558,0.15325460038450975,3083,84.67453996154902,Disc,False
G1020-366,3412,715,0.20955451348182885,2697,79.04454865181711,Disc,False
G1020-367,5320,1002,0.18834586466165412,4318,81.16541353383458,Disc,False
G1020-368,4282,1615,0.37716020551144325,2667,62.283979448855675,Disc,False
G1020-369,3914,738,0.1885539090444558,3176,81.14460909555442,Disc,False
G1020-37,5971,1006,0.16848099145871714,4965,83.15190085412829,Disc,False
G1020-371,3200,691,0.2159375,2509,78.40625,Disc,False
G1020-372,4759,1165,0.2447993275898298,3594,75.52006724101702,Disc,False
G1020-373,5693,806,0.14157737572457404,4887,85.8422624275426,Disc,False
G1020-374,4626,1396,0.3017725897103329,3230,69.8227410289667,Disc,False
G1020-375,3888,640,0.1646090534979424,3248,83.53909465020575,Disc,False
G1020-377,4288,278,0.0648320895522388,4010,93.51679104477611,Disc,False
G1020-379,4087,884,0.21629557132370933,3203,78.37044286762907,Disc,False
G1020-380,3921,1042,0.26574853353736294,2879,73.42514664626371,Disc,False
G1020-381,4158,618,0.14862914862914864,3540,85.13708513708514,Disc,False
G1020-382,3976,530,0.13329979879275655,3446,86.67002012072435,Disc,False
G1020-384,5691,321,0.05640484976278334,5370,94.35951502372166,Disc,False
G1020-385,3599,501,0.13920533481522646,3098,86.07946651847736,Disc,False
G1020-386,5062,747,0.14757013038324773,4315,85.24298696167523,Disc,False
G1020-388,4836,637,0.13172043010752688,4199,86.82795698924731,Disc,False
G1020-39,3749,475,0.12670045345425446,3274,87.32995465457455,Disc,False
G1020-390,4434,1125,0.25372124492557513,3309,74.62787550744248,Disc,False
G1020-391,5566,1102,0.1979877829680201,4464,80.20122170319799,Disc,False
G1020-392,4630,1133,0.2447084233261339,3497,75.5291576673866,Disc,False
G1020-393,2904,506,0.17424242424242425,2398,82.57575757575758,Disc,False
G1020-394,4106,866,0.2109108621529469,3240,78.90891378470532,Disc,False
G1020-395,4306,1129,0.2621922898281468,3177,73.78077101718532,Disc,False
G1020-396,4860,540,0.1111111111111111,4320,88.88888888888889,Disc,False
G1020-397,5098,1706,0.3346410357002746,3392,66.53589642997254,Disc,False
G1020-398,3586,722,0.20133853876185165,2864,79.86614612381484,Disc,False
G1020-4,4404,723,0.16416893732970028,3681,83.58310626702998,Disc,False
G1020-40,3403,738,0.21686746987951808,2665,78.3132530120482,Disc,False
G1020-401,4998,1516,0.3033213285314126,3482,69.66786714685874,Disc,False
G1020-402,4636,923,0.19909404659188956,3713,80.09059534081105,Disc,False
G1020-403,5093,1963,0.38543098370312195,3130,61.45690162968781,Disc,False
G1020-405,5024,858,0.17078025477707007,4166,82.921974522293,Disc,False
G1020-406,5100,961,0.18843137254901962,4139,81.15686274509804,Disc,False
G1020-408,3942,858,0.2176560121765601,3084,78.23439878234399,Disc,False
G1020-409,4313,605,0.14027359146765592,3708,85.97264085323441,Disc,False
G1020-41,3633,920,0.253234241673548,2713,74.6765758326452,Disc,False
G1020-411,6169,2640,0.4279461825255309,3529,57.205381747446914,Disc,False
G1020-412,5318,1392,0.2617525385483264,3926,73.82474614516735,Disc,False
G1020-413,4675,917,0.19614973262032084,3758,80.38502673796792,Disc,False
G1020-414,4023,875,0.2174993785732041,3148,78.25006214267958,Disc,False
G1020-416,5344,1038,0.1942365269461078,4306,80.57634730538922,Disc,False
G1020-417,3974,770,0.1937594363361852,3204,80.62405636638148,Disc,False
G1020-418,5913,1721,0.29105361068831387,4192,70.8946389311686,Disc,False
G1020-419,4090,934,0.22836185819070903,3156,77.1638141809291,Disc,False
G1020-42,5432,1431,0.26343888070692195,4001,73.65611192930781,Disc,False
G1020-420,4362,469,0.10751948647409446,3893,89.24805135259055,Disc,False
G1020-421,3936,1336,0.3394308943089431,2600,66.05691056910568,Disc,False
G1020-422,8161,2798,0.34285014091410365,5363,65.71498590858963,Disc,False
G1020-424,4495,351,0.07808676307007786,4144,92.19132369299221,Disc,False
G1020-425,4562,918,0.20122753178430514,3644,79.87724682156949,Disc,False
G1020-426,3987,1017,0.255079006772009,2970,74.4920993227991,Disc,False
G1020-427,6119,1536,0.25102140872691614,4583,74.89785912730838,Disc,False
G1020-428,4307,1182,0.2744369630833527,3125,72.55630369166474,Disc,False
G1020-429,5316,309,0.05812641083521445,5007,94.18735891647856,Disc,False
G1020-43,4563,1997,0.4376506684198992,2566,56.23493315801008,Disc,False
G1020-431,4548,719,0.15809146877748462,3829,84.19085312225154,Disc,False
G1020-432,4574,567,0.1239615216440752,4007,87.60384783559248,Disc,False
G1020-433,4975,1020,0.2050251256281407,3955,79.49748743718594,Disc,False
G1020-434,3740,684,0.18288770053475936,3056,81.71122994652407,Disc,False
G1020-435,3498,591,0.16895368782161235,2907,83.10463121783876,Disc,False
G1020-436,4445,598,0.13453318335208098,3847,86.5466816647919,Disc,False
G1020-437,5285,2057,0.3892147587511826,3228,61.07852412488174,Disc,False
G1020-439,5343,1994,0.3731985775781396,3349,62.680142242186044,Disc,False
G1020-44,5412,1663,0.307280118255728,3749,69.27198817442721,Disc,False
G1020-440,6832,1648,0.24121779859484777,5184,75.87822014051523,Disc,False
G1020-441,3752,1616,0.43070362473347545,2136,56.929637526652456,Disc,False
G1020-443,4222,1289,0.3053055423969683,2933,69.46944576030317,Disc,False
G1020-444,4655,966,0.2075187969924812,3689,79.24812030075188,Disc,False
G1020-445,6128,1293,0.21099869451697129,4835,78.90013054830287,Disc,False
G1020-446,3135,445,0.1419457735247209,2690,85.8054226475279,Disc,False
G1020-447,3303,829,0.2509839539812292,2474,74.90160460187708,Disc,False
G1020-448,5635,1399,0.24826974267968058,4236,75.17302573203195,Disc,False
G1020-449,3485,879,0.2522238163558106,2606,74.77761836441894,Disc,False
G1020-45,5912,1411,0.23866711772665763,4501,76.13328822733423,Disc,False
G1020-451,5245,890,0.16968541468064824,4355,83.03145853193517,Disc,False
G1020-452,4402,966,0.2194457064970468,3436,78.05542935029533,Disc,False
G1020-454,2887,569,0.19709040526498095,2318,80.29095947350191,Disc,False
G1020-457,4663,680,0.1458288655372078,3983,85.41711344627923,Disc,False
G1020-459,6267,1642,0.2620073400351045,4625,73.79926599648955,Disc,False
G1020-46,4728,1344,0.28426395939086296,3384,71.57360406091371,Disc,False
G1020-460,7593,2828,0.37244830765178455,4765,62.75516923482155,Disc,False
G1020-461,4850,1046,0.2156701030927835,3804,78.43298969072164,Disc,False
G1020-462,4006,2121,0.5294558162755866,1885,47.05441837244134,Disc,False
G1020-464,4420,1667,0.3771493212669683,2753,62.28506787330317,Disc,False
G1020-465,4435,888,0.20022547914317926,3547,79.97745208568207,Disc,False
G1020-466,3565,1637,0.4591865357643759,1928,54.081346423562415,Disc,False
G1020-467,5019,1242,0.2474596533173939,3777,75.2540346682606,Disc,False
G1020-469,4255,1117,0.2625146886016451,3138,73.74853113983548,Disc,False
G1020-47,3370,616,0.1827893175074184,2754,81.72106824925815,Disc,False
G1020-470,6905,3072,0.44489500362056483,3833,55.510499637943525,Disc,False
G1020-472,5315,1810,0.3405456255879586,3505,65.94543744120413,Disc,False
G1020-473,3626,846,0.23331494760066188,2780,76.66850523993382,Disc,False
G1020-475,4628,516,0.111495246326707,4112,88.8504753673293,Disc,False
G1020-476,3613,509,0.14088015499584833,3104,85.91198450041517,Disc,False
G1020-477,3115,419,0.13451043338683788,2696,86.54895666131621,Disc,False
G1020-478,5413,1029,0.1900979124330316,4384,80.99020875669683,Disc,False
G1020-479,3218,890,0.27656929770043504,2328,72.3430702299565,Disc,False
G1020-48,4510,828,0.1835920177383592,3682,81.64079822616408,Disc,False
G1020-480,4900,969,0.19775510204081634,3931,80.22448979591836,Disc,False
G1020-481,3108,519,0.166988416988417,2589,83.3011583011583,Disc,False
G1020-482,3351,682,0.20352133691435392,2669,79.6478663085646,Disc,False
G1020-485,3321,677,0.20385426076482988,2644,79.61457392351701,Disc,False
G1020-486,4285,1142,0.26651108518086347,3143,73.34889148191365,Disc,False
G1020-487,3687,351,0.0951993490642799,3336,90.48006509357201,Disc,False
G1020-49,4548,840,0.18469656992084432,3708,81.53034300791556,Disc,False
G1020-490,4949,928,0.1875126288139018,4021,81.24873711860981,Disc,False
G1020-492,4258,902,0.2118365429779239,3356,78.81634570220761,Disc,False
G1020-493,4716,1547,0.3280322307039864,3169,67.19677692960136,Disc,False
G1020-494,6239,2001,0.320724475076134,4238,67.9275524923866,Disc,False
G1020-495,6021,1307,0.21707357581797043,4714,78.29264241820295,Disc,False
G1020-496,3519,562,0.15970446149474282,2957,84.02955385052572,Disc,False
G1020-497,4514,1093,0.24213557820115197,3421,75.7864421798848,Disc,False
G1020-498,5014,927,0.1848823294774631,4087,81.51176705225369,Disc,False
G1020-502,3374,617,0.1828689982216953,2757,81.71310017783047,Disc,False
G1020-503,3971,710,0.17879627297909848,3261,82.12037270209015,Disc,False
G1020-504,3703,1606,0.4337024034566568,2097,56.62975965433432,Disc,False
G1020-505,4672,1160,0.2482876712328767,3512,75.17123287671232,Disc,False
G1020-506,5272,1143,0.21680576631259485,4129,78.31942336874052,Disc,False
G1020-509,3656,1060,0.2899343544857768,2596,71.00656455142233,Disc,False
G1020-510,3662,1726,0.4713271436373566,1936,52.86728563626434,Disc,False
G1020-511,4880,677,0.1387295081967213,4203,86.12704918032786,Disc,False
G1020-513,4115,986,0.2396111786148238,3129,76.03888213851762,Disc,False
G1020-515,4632,716,0.15457685664939552,3916,84.54231433506045,Disc,False
G1020-518,4533,1047,0.23097286565188616,3486,76.90271343481139,Disc,False
G1020-519,3066,747,0.2436399217221135,2319,75.63600782778866,Disc,False
G1020-52,5658,1297,0.22923294450335807,4361,77.0767055496642,Disc,False
G1020-520,5913,1059,0.17909690512430237,4854,82.09030948756975,Disc,False
G1020-521,3663,280,0.07644007644007644,3383,92.35599235599236,Disc,False
G1020-522,6021,1038,0.17239661185849528,4983,82.76033881415047,Disc,False
G1020-523,5255,1471,0.27992388201712654,3784,72.00761179828734,Disc,False
G1020-524,4372,832,0.19030192131747484,3540,80.96980786825252,Disc,False
G1020-527,3510,1086,0.3094017094017094,2424,69.05982905982906,Disc,False
G1020-528,3310,261,0.07885196374622357,3049,92.11480362537763,Disc,False
G1020-529,6342,1042,0.1643014821822769,5300,83.56985178177231,Disc,False
G1020-53,4216,996,0.23624288425047438,3220,76.37571157495256,Disc,False
G1020-530,3091,562,0.18181818181818182,2529,81.81818181818183,Disc,False
G1020-531,4711,1086,0.23052430481850988,3625,76.94756951814902,Disc,False
G1020-535,5477,950,0.17345262004747125,4527,82.65473799525289,Disc,False
G1020-536,5987,954,0.1593452480374144,5033,84.06547519625856,Disc,False
G1020-537,4679,1069,0.2284676212865997,3610,77.15323787134002,Disc,False
G1020-538,4842,575,0.1187525815778604,4267,88.12474184221396,Disc,False
G1020-539,5688,1371,0.2410337552742616,4317,75.89662447257383,Disc,False
G1020-540,3143,536,0.17053770283168948,2607,82.94622971683106,Disc,False
G1020-541,5781,1422,0.2459782044628957,4359,75.40217955371044,Disc,False
G1020-542,5152,1647,0.31968167701863354,3505,68.03183229813664,Disc,False
G1020-543,3821,671,0.1756084794556399,3150,82.43915205443602,Disc,False
G1020-544,3906,333,0.08525345622119816,3573,91.47465437788019,Disc,False
G1020-545,4077,942,0.23105224429727741,3135,76.89477557027226,Disc,False
G1020-546,4324,1295,0.29949121184088806,3029,70.05087881591119,Disc,False
G1020-547,6199,2370,0.38231972898854655,3829,61.76802710114535,Disc,False
G1020-549,5705,1792,0.3141104294478528,3913,68.58895705521473,Disc,False
G1020-55,4212,751,0.17830009496676164,3461,82.16999050332385,Disc,False
G1020-550,4638,1536,0.3311772315653299,3102,66.88227684346701,Disc,False
G1020-551,4584,2025,0.44175392670157065,2559,55.824607329842934,Disc,False
G1020-552,5783,2484,0.42953484350683035,3299,57.046515649316966,Disc,False
G1020-553,3737,918,0.24565159218624566,2819,75.43484078137543,Disc,False
G1020-554,4031,859,0.21309848672785908,3172,78.69015132721408,Disc,False
G1020-556,4732,1408,0.2975486052409129,3324,70.2451394759087,Disc,False
G1020-56,4606,1150,0.2496743378202345,3456,75.03256621797655,Disc,False
G1020-561,4606,1471,0.31936604429005644,3135,68.06339557099436,Disc,False
G1020-562,4742,1239,0.26128215942640237,3503,73.87178405735978,Disc,False
G1020-563,5314,1070,0.20135491155438465,4244,79.86450884456153,Disc,False
G1020-566,4762,1099,0.23078538429231416,3663,76.92146157076859,Disc,False
G1020-567,4045,1013,0.25043263288009887,3032,74.95673671199012,Disc,False
G1020-568,5469,1960,0.35838361674894864,3509,64.16163832510514,Disc,False
G1020-569,5040,1248,0.24761904761904763,3792,75.23809523809524,Disc,False
G1020-57,5154,1594,0.3092743500194024,3560,69.07256499805976,Disc,False
G1020-570,3908,484,0.12384851586489252,3424,87.61514841351075,Disc,False
G1020-571,3015,1023,0.33930348258706466,1992,66.06965174129354,Disc,False
G1020-577,2949,471,0.15971515768056968,2478,84.02848423194304,Disc,False
G1020-578,4814,2101,0.4364353967594516,2713,56.35646032405484,Disc,False
G1020-581,3333,361,0.10831083108310831,2972,89.16891689168916,Disc,False
G1020-582,3897,683,0.17526302283808057,3214,82.47369771619194,Disc,False
G1020-583,4988,748,0.14995990376904572,4240,85.00400962309543,Disc,False
G1020-584,6581,1013,0.15392797447196474,5568,84.60720255280353,Disc,False
G1020-585,5405,1071,0.19814986123959297,4334,80.1850138760407,Disc,False
G1020-586,5374,760,0.14142165984369184,4614,85.85783401563081,Disc,False
G1020-587,3177,468,0.14730878186968838,2709,85.26912181303116,Disc,False
G1020-588,3482,372,0.10683515221137277,3110,89.31648477886273,Disc,False
G1020-589,4955,1296,0.2615539858728557,3659,73.84460141271443,Disc,False
G1020-59,4911,1041,0.2119731215638363,3870,78.80268784361637,Disc,False
G1020-590,4510,815,0.18070953436807094,3695,81.92904656319291,Disc,False
G1020-595,6128,2744,0.44778067885117495,3384,55.22193211488251,Disc,False
G1020-596,5344,1097,0.20527694610778444,4247,79.47230538922156,Disc,False
G1020-597,3670,463,0.12615803814713897,3207,87.3841961852861,Disc,False
G1020-598,4561,1079,0.23657092742819558,3482,76.34290725718044,Disc,False
G1020-599,3704,622,0.16792656587473,3082,83.207343412527,Disc,False
G1020-6,4855,2113,0.43522142121524204,2742,56.4778578784758,Disc,False
G1020-60,4924,1478,0.3001624695369618,3446,69.98375304630382,Disc,False
G1020-600,5482,1798,0.3279824881430135,3684,67.20175118569865,Disc,False
G1020-601,4245,555,0.13074204946996468,3690,86.92579505300353,Disc,False
G1020-602,5141,1641,0.3191985994942618,3500,68.08014005057382,Disc,False
G1020-605,4873,493,0.1011697106505233,4380,89.88302893494767,Disc,False
G1020-607,5350,1185,0.22149532710280373,4165,77.85046728971963,Disc,False
G1020-609,5032,1103,0.21919713831478538,3929,78.08028616852147,Disc,False
G1020-61,3867,1360,0.3516938194983191,2507,64.83061805016808,Disc,False
G1020-610,5072,1947,0.38387223974763407,3125,61.61277602523659,Disc,False
G1020-611,2926,485,0.1657552973342447,2441,83.42447026657554,Disc,False
G1020-612,3513,478,0.13606604042129233,3035,86.39339595787077,Disc,False
G1020-613,5249,1057,0.2013716898456849,4192,79.86283101543151,Disc,False
G1020-614,5304,2025,0.38178733031674206,3279,61.821266968325794,Disc,False
G1020-616,4243,686,0.16167805797784587,3557,83.83219420221542,Disc,False
G1020-617,5765,1922,0.33339115351257587,3843,66.66088464874241,Disc,False
G1020-618,3603,453,0.1257285595337219,3150,87.42714404662782,Disc,False
G1020-619,6230,1356,0.2176565008025682,4874,78.23434991974317,Disc,False
G1020-621,4286,1292,0.3014465702286514,2994,69.85534297713485,Disc,False
G1020-622,6058,2235,0.3689336414658303,3823,63.10663585341697,Disc,False
G1020-623,5351,1894,0.35395253223696505,3457,64.60474677630349,Disc,False
G1020-624,4658,1123,0.24109059682267067,3535,75.89094031773294,Disc,False
G1020-625,4643,1060,0.22830066767176393,3583,77.16993323282361,Disc,False
G1020-626,4338,742,0.1710465652374366,3596,82.89534347625634,Disc,False
G1020-628,4174,1472,0.3526593195975084,2702,64.73406804024916,Disc,False
G1020-629,5537,2489,0.4495214014809464,3048,55.047859851905365,Disc,False
G1020-63,4148,434,0.10462873674059787,3714,89.5371263259402,Disc,False
G1020-631,3686,557,0.15111231687466087,3129,84.88876831253391,Disc,False
G1020-632,5064,1473,0.2908767772511848,3591,70.91232227488152,Disc,False
G1020-634,5719,934,0.16331526490645218,4785,83.66847350935478,Disc,False
G1020-635,6108,1209,0.19793713163064833,4899,80.20628683693516,Disc,False
G1020-636,5929,1043,0.17591499409681227,4886,82.40850059031877,Disc,False
G1020-637,4552,1251,0.2748242530755712,3301,72.51757469244289,Disc,False
G1020-638,4491,1935,0.4308617234468938,2556,56.91382765531062,Disc,False
G1020-639,5312,411,0.07737198795180723,4901,92.26280120481928,Disc,False
G1020-640,2615,574,0.21950286806883365,2041,78.04971319311663,Disc,False
G1020-641,5317,1530,0.2877562535264247,3787,71.22437464735754,Disc,False
G1020-643,5142,666,0.1295215869311552,4476,87.04784130688448,Disc,False
G1020-646,4277,1360,0.31797989244797753,2917,68.20201075520225,Disc,False
G1020-648,3759,502,0.1335461558925246,3257,86.64538441074754,Disc,False
G1020-649,5403,778,0.14399407736442718,4625,85.60059226355729,Disc,False
G1020-650,4396,746,0.1696997270245678,3650,83.03002729754321,Disc,False
G1020-651,4731,1268,0.26801944620587614,3463,73.19805537941238,Disc,False
G1020-652,3849,665,0.17277214861002857,3184,82.72278513899714,Disc,False
G1020-653,3895,714,0.18331193838254173,3181,81.66880616174583,Disc,False
G1020-654,4299,858,0.19958129797627355,3441,80.04187020237265,Disc,False
G1020-655,3385,580,0.17134416543574593,2805,82.86558345642541,Disc,False
G1020-656,3820,1199,0.3138743455497382,2621,68.61256544502618,Disc,False
G1020-657,4179,585,0.1399856424982053,3594,86.00143575017947,Disc,False
G1020-658,4341,1185,0.27297857636489287,3156,72.70214236351072,Disc,False
G1020-659,4920,1221,0.24817073170731707,3699,75.1829268292683,Disc,False
G1020-66,7480,3177,0.4247326203208556,4303,57.52673796791444,Disc,False
G1020-660,3964,912,0.23007063572149344,3052,76.99293642785065,Disc,False
G1020-661,5510,1301,0.23611615245009074,4209,76.38838475499092,Disc,False
G1020-663,5987,2925,0.48855854351094036,3062,51.14414564890596,Disc,False
G1020-665,3421,864,0.25255773165741013,2557,74.74422683425898,Disc,False
G1020-666,5512,1179,0.21389695210449927,4333,78.61030478955007,Disc,False
G1020-667,3604,534,0.14816870144284128,3070,85.18312985571586,Disc,False
G1020-668,4290,1305,0.3041958041958042,2985,69.58041958041959,Disc,False
G1020-669,5028,1372,0.2728719172633254,3656,72.71280827366746,Disc,False
G1020-67,5257,1390,0.2644093589499715,3867,73.55906410500286,Disc,False
G1020-671,3724,374,0.1004296455424275,3350,89.95703544575726,Disc,False
G1020-672,4161,854,0.20523912521028598,3307,79.47608747897141,Disc,False
G1020-674,4199,566,0.13479399857108834,3633,86.52060014289117,Disc,False
G1020-676,4880,704,0.14426229508196722,4176,85.57377049180329,Disc,False
G1020-677,4274,438,0.10248011230697239,3836,89.75198876930276,Disc,False
G1020-678,5484,1400,0.2552881108679796,4084,74.47118891320204,Disc,False
G1020-679,3983,517,0.12980165704243032,3466,87.01983429575697,Disc,False
G1020-68,3815,594,0.15570117955439056,3221,84.42988204456094,Disc,False
G1020-680,5723,2120,0.37043508649309803,3603,62.9564913506902,Disc,False
G1020-682,3723,1025,0.27531560569433255,2698,72.46843943056675,Disc,False
G1020-683,3633,690,0.18992568125516102,2943,81.0074318744839,Disc,False
G1020-684,5163,1078,0.20879333720705018,4085,79.12066627929498,Disc,False
G1020-686,4940,1449,0.29331983805668016,3491,70.66801619433198,Disc,False
G1020-687,5576,1020,0.18292682926829268,4556,81.70731707317073,Disc,False
G1020-688,3529,396,0.11221309152734486,3133,88.77869084726552,Disc,False
G1020-69,4508,939,0.2082963620230701,3569,79.17036379769299,Disc,False
G1020-691,5459,1097,0.20095255541307933,4362,79.90474445869206,Disc,False
G1020-693,3482,1997,0.5735209649626651,1485,42.64790350373349,Disc,False
G1020-695,4396,713,0.16219290263876252,3683,83.78070973612375,Disc,False
G1020-696,4524,704,0.15561450044208666,3820,84.43854995579133,Disc,False
G1020-697,2783,403,0.14480776140855192,2380,85.51922385914482,Disc,False
G1020-698,5000,1074,0.2148,3926,78.52,Disc,False
G1020-699,4275,845,0.1976608187134503,3430,80.23391812865496,Disc,False
G1020-70,4588,788,0.17175239755884916,3800,82.82476024411508,Disc,False
G1020-700,3546,468,0.1319796954314721,3078,86.80203045685279,Disc,False
G1020-701,6178,1361,0.2202978310132729,4817,77.9702168986727,Disc,False
G1020-702,5607,1462,0.26074549670055286,4145,73.92545032994471,Disc,False
G1020-704,5536,1062,0.19183526011560695,4474,80.81647398843931,Disc,False
G1020-707,3367,950,0.28215028215028215,2417,71.78497178497179,Disc,False
G1020-708,5769,1180,0.20454151499393308,4589,79.54584850060668,Disc,False
G1020-709,4318,908,0.21028253821213524,3410,78.97174617878647,Disc,False
G1020-71,6185,1796,0.29037995149555373,4389,70.96200485044463,Disc,False
G1020-710,4938,1180,0.2389631429728635,3758,76.10368570271365,Disc,False
G1020-711,5256,1328,0.2526636225266362,3928,74.73363774733637,Disc,False
G1020-712,4806,825,0.17166042446941324,3981,82.83395755305868,Disc,False
G1020-713,4636,935,0.20168248490077653,3701,79.83175150992234,Disc,False
G1020-714,6725,617,0.09174721189591079,6108,90.82527881040893,Disc,False
G1020-715,4065,624,0.15350553505535056,3441,84.64944649446494,Disc,False
G1020-717,4786,908,0.18972001671541996,3878,81.02799832845801,Disc,False
G1020-719,5311,1146,0.215778572773489,4165,78.4221427226511,Disc,False
G1020-72,4569,977,0.21383234843510615,3592,78.6167651564894,Disc,False
G1020-720,5000,1522,0.3044,3478,69.56,Disc,False
G1020-721,4089,1003,0.24529224749327463,3086,75.47077525067255,Disc,False
G1020-722,5385,1486,0.27595171773444754,3899,72.40482822655525,Disc,False
G1020-723,2851,415,0.14556296036478428,2436,85.44370396352157,Disc,False
G1020-724,4355,680,0.15614236509758897,3675,84.3857634902411,Disc,False
G1020-725,3251,405,0.12457705321439556,2846,87.54229467856044,Disc,False
G1020-726,3766,592,0.1571959638874137,3174,84.28040361125862,Disc,False
G1020-727,3903,719,0.18421726876761466,3184,81.57827312323853,Disc,False
G1020-728,4799,1003,0.2090018753907064,3796,79.09981246092937,Disc,False
G1020-729,3845,600,0.15604681404421328,3245,84.39531859557867,Disc,False
G1020-73,4279,1145,0.2675858845524655,3134,73.24141154475345,Disc,False
G1020-730,4897,1063,0.2170716765366551,3834,78.29283234633449,Disc,False
G1020-731,3885,1041,0.26795366795366793,2844,73.20463320463321,Disc,False
G1020-732,2789,470,0.16851918250268913,2319,83.14808174973109,Disc,False
G1020-733,4480,1543,0.3444196428571429,2937,65.55803571428571,Disc,False
G1020-734,4177,864,0.20684701939190805,3313,79.3152980608092,Disc,False
G1020-735,4253,911,0.2142017399482718,3342,78.57982600517282,Disc,False
G1020-736,4255,742,0.1743830787309048,3513,82.56169212690952,Disc,False
G1020-737,5142,1107,0.21528588098016335,4035,78.47141190198367,Disc,False
G1020-738,5153,1019,0.19774888414515815,4134,80.22511158548419,Disc,False
G1020-740,4110,647,0.15742092457420925,3463,84.25790754257908,Disc,False
G1020-741,4935,719,0.14569402228976697,4216,85.4305977710233,Disc,False
G1020-742,5797,1892,0.32637571157495254,3905,67.36242884250474,Disc,False
G1020-743,4820,1067,0.22136929460580912,3753,77.86307053941908,Disc,False
G1020-744,5077,2262,0.44553870395903095,2815,55.4461296040969,Disc,False
G1020-745,4232,986,0.2329867674858223,3246,76.70132325141778,Disc,False
G1020-747,4114,875,0.21268838113757899,3239,78.73116188624209,Disc,False
G1020-748,4930,1607,0.3259634888438134,3323,67.40365111561866,Disc,False
G1020-75,3995,2374,0.5942428035043805,1621,40.575719649561954,Disc,False
G1020-750,5517,1715,0.3108573500090629,3802,68.91426499909372,Disc,False
G1020-751,4087,946,0.23146562270614143,3141,76.85343772938586,Disc,False
G1020-752,3904,1086,0.2781762295081967,2818,72.18237704918032,Disc,False
G1020-756,4416,709,0.16055253623188406,3707,83.9447463768116,Disc,False
G1020-757,2931,477,0.16274309109518936,2454,83.72569089048106,Disc,False
G1020-758,2874,567,0.19728601252609604,2307,80.27139874739039,Disc,False
G1020-759,4213,1574,0.3736055067647757,2639,62.639449323522435,Disc,False
G1020-76,5446,1215,0.22309952258538376,4231,77.69004774146163,Disc,False
G1020-760,6226,1673,0.2687118535175072,4553,73.12881464824927,Disc,False
G1020-761,4562,1019,0.2233669443226655,3543,77.66330556773346,Disc,False
G1020-764,4886,836,0.1711011051985264,4050,82.88988948014736,Disc,False
G1020-765,4135,455,0.11003627569528417,3680,88.99637243047158,Disc,False
G1020-766,3931,890,0.22640549478504196,3041,77.3594505214958,Disc,False
G1020-768,5010,809,0.16147704590818363,4201,83.85229540918164,Disc,False
G1020-770,3891,1405,0.36108969416602416,2486,63.89103058339758,Disc,False
G1020-771,3828,817,0.21342737722048066,3011,78.65726227795193,Disc,False
G1020-772,4947,1568,0.3169597736001617,3379,68.30402263998383,Disc,False
G1020-773,5582,805,0.14421354353278396,4777,85.57864564672161,Disc,False
G1020-775,5164,752,0.14562354763749033,4412,85.43764523625097,Disc,False
G1020-777,4383,1126,0.2569016655258955,3257,74.30983344741044,Disc,False
G1020-778,6493,464,0.07146157400277221,6029,92.85384259972278,Disc,False
G1020-779,4059,809,0.19931017491993103,3250,80.0689825080069,Disc,False
G1020-78,3470,467,0.1345821325648415,3003,86.54178674351584,Disc,False
G1020-780,4344,1020,0.23480662983425415,3324,76.51933701657458,Disc,False
G1020-782,5074,2878,0.5672053606621994,2196,43.27946393378006,Disc,False
G1020-783,5177,1490,0.2878114738265405,3687,71.21885261734595,Disc,False
G1020-784,4148,993,0.23939247830279653,3155,76.06075216972035,Disc,False
G1020-786,3456,680,0.19675925925925927,2776,80.32407407407408,Disc,False
G1020-789,4272,1096,0.2565543071161049,3176,74.34456928838952,Disc,False
G1020-79,4577,1082,0.23639938824557571,3495,76.36006117544242,Disc,False
G1020-791,3878,2425,0.6253223310985044,1453,37.46776689014956,Disc,False
G1020-793,3263,337,0.10327919092859332,2926,89.67208090714067,Disc,False
G1020-794,5606,820,0.14627185158758474,4786,85.37281484124154,Disc,False
G1020-795,4746,1456,0.30678466076696165,3290,69.32153392330383,Disc,False
G1020-796,3520,876,0.24886363636363637,2644,75.11363636363636,Disc,False
G1020-797,5057,1255,0.24817085228396282,3802,75.18291477160372,Disc,False
G1020-798,5621,1429,0.25422522682796656,4192,74.57747731720335,Disc,False
G1020-80,3656,1716,0.46936542669584247,1940,53.06345733041575,Disc,False
G1020-800,4820,935,0.19398340248962656,3885,80.60165975103735,Disc,False
G1020-801,4633,529,0.11418087632203755,4104,88.58191236779625,Disc,False
G1020-802,4522,1089,0.24082264484741264,3433,75.91773551525873,Disc,False
G1020-803,3749,502,0.13390237396639104,3247,86.60976260336089,Disc,False
G1020-804,2788,685,0.2456958393113343,2103,75.43041606886656,Disc,False
G1020-805,5017,716,0.1427147697827387,4301,85.72852302172613,Disc,False
G1020-807,4622,1054,0.22803980960623108,3568,77.19601903937689,Disc,False
G1020-808,4677,788,0.16848407098567458,3889,83.15159290143255,Disc,False
G1020-809,5437,1990,0.36601066764759976,3447,63.398933235240015,Disc,False
G1020-81,4040,758,0.18762376237623762,3282,81.23762376237624,Disc,False
G1020-810,3120,430,0.13782051282051283,2690,86.21794871794873,Disc,False
G1020-811,5140,1213,0.23599221789883268,3927,76.40077821011673,Disc,False
G1020-812,4036,1486,0.3681863230921705,2550,63.18136769078295,Disc,False
G1020-814,6059,1065,0.17577157946855917,4994,82.42284205314408,Disc,False
G1020-816,5337,1086,0.2034851039910062,4251,79.65148960089938,Disc,False
G1020-817,4901,832,0.16976127320954906,4069,83.0238726790451,Disc,False
G1020-818,5596,1479,0.26429592566118654,4117,73.57040743388134,Disc,False
G1020-821,4734,1006,0.21250528094634558,3728,78.74947190536544,Disc,False
G1020-822,5597,610,0.1089869572985528,4987,89.10130427014472,Disc,False
G1020-823,4253,1038,0.24406301434281683,3215,75.59369856571831,Disc,False
G1020-825,4980,1028,0.20642570281124498,3952,79.35742971887551,Disc,False
G1020-826,5071,1580,0.31157562610924866,3491,68.84243738907513,Disc,False
G1020-827,4949,744,0.15033340068700748,4205,84.96665993129925,Disc,False
G1020-828,2879,274,0.09517193469954846,2605,90.48280653004515,Disc,False
G1020-829,4380,770,0.17579908675799086,3610,82.42009132420091,Disc,False
G1020-83,4280,1103,0.25771028037383176,3177,74.22897196261682,Disc,False
G1020-830,4599,250,0.05435964340073929,4349,94.56403565992608,Disc,False
G1020-831,4629,1043,0.22531864333549362,3586,77.46813566645064,Disc,False
G1020-832,4861,1712,0.3521909072207365,3149,64.78090927792636,Disc,False
G1020-834,4331,839,0.19371969522050334,3492,80.62803047794966,Disc,False
G1020-835,3648,404,0.11074561403508772,3244,88.92543859649122,Disc,False
G1020-836,3690,463,0.12547425474254742,3227,87.45257452574525,Disc,False
G1020-837,3093,531,0.1716779825412221,2562,82.83220174587778,Disc,False
G1020-838,3505,629,0.17945791726105564,2876,82.05420827389443,Disc,False
G1020-839,3600,1201,0.33361111111111114,2399,66.63888888888889,Disc,False
G1020-84,4819,1463,0.3035899564224943,3356,69.64100435775057,Disc,False
G1020-840,4884,771,0.15786240786240785,4113,84.2137592137592,Disc,False
G1020-841,5398,1534,0.2841793256761764,3864,71.58206743238237,Disc,False
G1020-843,4662,1244,0.26683826683826684,3418,73.31617331617332,Disc,False
G1020-845,3855,449,0.11647211413748379,3406,88.35278858625162,Disc,False
G1020-846,3429,689,0.20093321668124817,2740,79.90667833187518,Disc,False
G1020-847,4050,1220,0.3012345679012346,2830,69.87654320987654,Disc,False
G1020-848,4235,643,0.15182998819362456,3592,84.81700118063755,Disc,False
G1020-849,4047,1200,0.2965159377316531,2847,70.3484062268347,Disc,False
G1020-85,5164,839,0.16247095274980636,4325,83.75290472501936,Disc,False
G1020-851,3480,467,0.13419540229885057,3013,86.58045977011494,Disc,False
G1020-852,3470,715,0.20605187319884727,2755,79.39481268011528,Disc,False
G1020-854,5797,1635,0.2820424357426255,4162,71.79575642573745,Disc,False
G1020-855,4576,772,0.1687062937062937,3804,83.12937062937063,Disc,False
G1020-857,3658,557,0.15226899945325315,3101,84.77310005467469,Disc,False
G1020-858,3501,327,0.0934018851756641,3174,90.6598114824336,Disc,False
G1020-859,4481,854,0.19058245927248382,3627,80.94175407275162,Disc,False
G1020-86,4045,1354,0.33473423980222494,2691,66.52657601977751,Disc,False
G1020-860,3688,631,0.1710954446854664,3057,82.89045553145337,Disc,False
G1020-861,3311,416,0.1256418000604047,2895,87.43581999395953,Disc,False
G1020-863,5170,1011,0.1955512572533849,4159,80.4448742746615,Disc,False
G1020-864,6038,2124,0.3517721099701888,3914,64.82278900298112,Disc,False
G1020-865,5321,984,0.18492764517947755,4337,81.50723548205224,Disc,False
G1020-866,3339,693,0.20754716981132076,2646,79.24528301886792,Disc,False
G1020-867,4515,792,0.17541528239202658,3723,82.45847176079735,Disc,False
G1020-868,3374,785,0.23266152934202727,2589,76.73384706579728,Disc,False
G1020-869,3372,638,0.18920521945432978,2734,81.07947805456702,Disc,False
G1020-87,5452,2821,0.5174247982391783,2631,48.25752017608217,Disc,False
G1020-870,5192,1146,0.22072419106317412,4046,77.92758089368259,Disc,False
G1020-871,3843,1183,0.30783242258652094,2660,69.2167577413479,Disc,False
G1020-872,5002,1190,0.23790483806477408,3812,76.20951619352259,Disc,False
G1020-874,4033,1105,0.27398958591619144,2928,72.60104140838087,Disc,False
G1020-876,3881,799,0.20587477454264363,3082,79.41252254573563,Disc,False
G1020-879,5579,1458,0.2613371571966302,4121,73.86628428033698,Disc,False
G1020-88,4302,422,0.09809390980939098,3880,90.1906090190609,Disc,False
G1020-881,4717,756,0.16027135891456434,3961,83.97286410854356,Disc,False
G1020-882,3977,707,0.17777219009303494,3270,82.2227809906965,Disc,False
G1020-883,4200,286,0.0680952380952381,3914,93.19047619047619,Disc,False
G1020-884,5572,1057,0.18969849246231155,4515,81.03015075376885,Disc,False
G1020-887,2607,734,0.28154967395473723,1873,71.84503260452627,Disc,False
G1020-888,6514,1494,0.22935216456862142,5020,77.06478354313786,Disc,False
G1020-89,4019,662,0.16471759144065687,3357,83.52824085593431,Disc,False
G1020-890,4874,545,0.11181780878128847,4329,88.81821912187115,Disc,False
G1020-891,3735,994,0.2661311914323963,2741,73.38688085676037,Disc,False
G1020-892,3843,667,0.17356232110330472,3176,82.64376788966953,Disc,False
G1020-893,7068,1670,0.2362761743067346,5398,76.37238256932655,Disc,False
G1020-894,3976,749,0.18838028169014084,3227,81.16197183098592,Disc,False
G1020-895,4748,752,0.15838247683235046,3996,84.16175231676495,Disc,False
G1020-897,3108,244,0.07850707850707851,2864,92.14929214929215,Disc,False
G1020-899,4295,806,0.18766006984866124,3489,81.23399301513388,Disc,False
G1020-9,4646,1570,0.3379250968575118,3076,66.20749031424882,Disc,False
G1020-901,4344,658,0.1514732965009208,3686,84.85267034990792,Disc,False
G1020-902,5270,707,0.13415559772296015,4563,86.58444022770398,Disc,False
G1020-903,3485,514,0.14748923959827834,2971,85.25107604017217,Disc,False
G1020-904,5317,1224,0.23020500282113973,4093,76.97949971788603,Disc,False
G1020-905,5412,1518,0.2804878048780488,3894,71.95121951219512,Disc,False
G1020-906,3740,486,0.12994652406417112,3254,87.00534759358288,Disc,False
G1020-908,6209,2703,0.43533580286680623,3506,56.46641971331937,Disc,False
G1020-909,6067,1540,0.2538322070215922,4527,74.61677929784078,Disc,False
G1020-91,3669,776,0.21150177159989098,2893,78.8498228400109,Disc,False
G1020-910,2954,561,0.1899119837508463,2393,81.00880162491538,Disc,False
G1020-911,5088,1448,0.28459119496855345,3640,71.54088050314465,Disc,False
G1020-912,5591,2009,0.35932749060990876,3582,64.06725093900913,Disc,False
G1020-913,5536,1598,0.2886560693641618,3938,71.13439306358381,Disc,False
G1020-914,4015,830,0.20672478206724781,3185,79.32752179327521,Disc,False
G1020-915,5769,881,0.1527127751776738,4888,84.72872248223263,Disc,False
G1020-916,7274,1938,0.266428375034369,5336,73.3571624965631,Disc,False
G1020-917,6196,1116,0.1801162040025823,5080,81.98837959974176,Disc,False
G1020-920,3609,294,0.08146300914380715,3315,91.85369908561928,Disc,False
G1020-921,3384,550,0.16252955082742318,2834,83.74704491725768,Disc,False
G1020-922,4275,691,0.1616374269005848,3584,83.83625730994152,Disc,False
G1020-923,5602,1305,0.23295251695822922,4297,76.70474830417709,Disc,False
G1020-925,4889,685,0.14011045203518102,4204,85.98895479648189,Disc,False
G1020-927,3982,770,0.19337016574585636,3212,80.66298342541437,Disc,False
G1020-928,4774,1012,0.2119815668202765,3762,78.80184331797236,Disc,False
G1020-93,4955,1861,0.37558022199798186,3094,62.44197780020182,Disc,False
G1020-930,4739,778,0.16416965604557923,3961,83.58303439544208,Disc,False
G1020-931,3419,824,0.24100614214682656,2595,75.89938578531734,Disc,False
G1020-932,6057,1142,0.1885421825986462,4915,81.14578174013538,Disc,False
G1020-933,4400,2231,0.5070454545454546,2169,49.29545454545455,Disc,False
G1020-934,3708,649,0.17502696871628912,3059,82.49730312837109,Disc,False
G1020-936,5227,1123,0.21484599196479817,4104,78.51540080352018,Disc,False
G1020-938,4387,826,0.18828356507864144,3561,81.17164349213586,Disc,False
G1020-939,3811,719,0.1886643925478877,3092,81.13356074521123,Disc,False
G1020-940,4820,1095,0.22717842323651452,3725,77.28215767634855,Disc,False
G1020-941,3210,680,0.2118380062305296,2530,78.81619937694704,Disc,False
G1020-942,5317,904,0.17002068835809667,4413,82.99793116419033,Disc,False
G1020-943,3478,303,0.08711903392754457,3175,91.28809660724554,Disc,False
G1020-944,7497,3071,0.40963051887421636,4426,59.03694811257837,Disc,False
G1020-945,3373,671,0.19893270085976875,2702,80.10672991402312,Disc,False
G1020-946,4364,733,0.16796516956920257,3631,83.20348304307974,Disc,False
G1020-947,4397,749,0.17034341596543098,3648,82.9656584034569,Disc,False
G1020-948,3648,497,0.13623903508771928,3151,86.37609649122807,Disc,False
G1020-950,4640,808,0.17413793103448275,3832,82.58620689655173,Disc,False
G1020-952,3424,700,0.2044392523364486,2724,79.55607476635514,Disc,False
G1020-954,5472,817,0.14930555555555555,4655,85.06944444444444,Disc,False
G1020-955,3244,764,0.23551171393341552,2480,76.44882860665845,Disc,False
G1020-956,3603,996,0.27643630308076605,2607,72.35636969192339,Disc,False
G1020-958,3591,649,0.18072960178223335,2942,81.92703982177666,Disc,False
G1020-96,3594,691,0.1922648859209794,2903,80.77351140790205,Disc,False
G1020-960,4876,874,0.1792452830188679,4002,82.0754716981132,Disc,False
G1020-961,3560,725,0.20365168539325842,2835,79.63483146067416,Disc,False
G1020-962,4445,1446,0.3253093363329584,2999,67.46906636670417,Disc,False
G1020-963,4511,906,0.20084238528042564,3605,79.91576147195744,Disc,False
G1020-964,4536,590,0.1300705467372134,3946,86.99294532627866,Disc,False
G1020-965,4461,1258,0.28199955167002916,3203,71.80004483299709,Disc,False
G1020-966,3500,373,0.10657142857142857,3127,89.34285714285714,Disc,False
G1020-967,4335,906,0.20899653979238755,3429,79.10034602076125,Disc,False
G1020-968,4376,1214,0.2774223034734918,3162,72.25776965265082,Disc,False
G1020-970,6244,2112,0.3382447149263293,4132,66.17552850736708,Disc,False
G1020-971,4901,915,0.1866965925321363,3986,81.33034074678636,Disc,False
G1020-972,4869,1064,0.21852536455124255,3805,78.14746354487573,Disc,False
G1020-973,4159,1079,0.2594373647511421,3080,74.0562635248858,Disc,False
G1020-974,4155,1212,0.29169675090252706,2943,70.83032490974729,Disc,False
G1020-975,3186,756,0.23728813559322035,2430,76.27118644067797,Disc,False
G1020-977,4123,939,0.2277467863206403,3184,77.22532136793598,Disc,False
G1020-978,3993,815,0.20410718757826196,3178,79.5892812421738,Disc,False
G1020-979,3738,561,0.15008025682182985,3177,84.99197431781701,Disc,False
G1020-98,4994,930,0.18622346816179416,4064,81.37765318382058,Disc,False
G1020-980,4622,1266,0.27390739939420167,3356,72.60926006057984,Disc,False
G1020-981,5398,1847,0.34216376435716933,3551,65.78362356428306,Disc,False
G1020-982,3684,1201,0.3260043431053203,2483,67.39956568946796,Disc,False
G1020-983,5088,1775,0.34886006289308175,3313,65.11399371069182,Disc,False
G1020-984,4584,912,0.19895287958115182,3672,80.10471204188482,Disc,False
G1020-986,4003,454,0.11341493879590307,3549,88.6585061204097,Disc,False
G1020-987,2876,1512,0.5257301808066759,1364,47.426981919332405,Disc,False
G1020-988,4628,814,0.17588591184096802,3814,82.4114088159032,Disc,False
G1020-989,4491,1315,0.2928078378980183,3176,70.71921621019818,Disc,False
G1020-99,3892,1373,0.3527749229188078,2519,64.72250770811921,Disc,False
G1020-991,3405,432,0.12687224669603525,2973,87.31277533039648,Disc,False
G1020-992,4540,710,0.15638766519823788,3830,84.36123348017621,Disc,False
G1020-993,3820,785,0.2054973821989529,3035,79.45026178010471,Disc,False
G1020-994,4084,708,0.1733594515181195,3376,82.66405484818804,Disc,False
G1020-995,5827,1528,0.2622275613523254,4299,73.77724386476746,Disc,False
G1020-996,4981,1598,0.32081911262798635,3383,67.91808873720136,Disc,False
G1020-997,4612,1526,0.33087597571552474,3086,66.91240242844752,Disc,False
G1020-998,4216,1279,0.3033681214421252,2937,69.66318785578748,Disc,False
G1020-999,3727,1222,0.3278776495841159,2505,67.21223504158841,Disc,False
ORIGA-1,5977,2883,0.4823490045173164,3094,51.76509954826837,Disc,False
ORIGA-10,3790,813,0.21451187335092348,2977,78.54881266490766,Disc,False
ORIGA-100,5083,1888,0.3714341924060594,3195,62.856580759394056,Disc,False
ORIGA-101,4455,1464,0.32861952861952864,2991,67.13804713804714,Disc,False
ORIGA-102,5487,2195,0.4000364497904137,3292,59.996355020958624,Disc,False
ORIGA-103,5861,2427,0.41409315816413583,3434,58.59068418358642,Disc,False
ORIGA-104,3539,888,0.25091833851370443,2651,74.90816614862955,Disc,False
ORIGA-105,3317,1541,0.4645764244799518,1776,53.54235755200483,Disc,False
ORIGA-106,4883,1370,0.2805652262953103,3513,71.94347737046898,Disc,False
ORIGA-107,5162,1381,0.2675319643549012,3781,73.24680356450988,Disc,False
ORIGA-108,3706,939,0.2533729087965461,2767,74.66270912034538,Disc,False
ORIGA-109,3614,1093,0.3024349750968456,2521,69.75650249031544,Disc,False
ORIGA-11,3730,1419,0.3804289544235925,2311,61.957104557640754,Disc,False
ORIGA-110,5034,2174,0.4318633293603496,2860,56.813667063965035,Disc,False
ORIGA-111,4783,1565,0.32720050177712734,3218,67.27994982228726,Disc,False
ORIGA-112,2745,1051,0.38287795992714024,1694,61.712204007285976,Disc,False
ORIGA-113,2962,942,0.31802835921674544,2020,68.19716407832546,Disc,False
ORIGA-114,4504,1318,0.2926287744227353,3186,70.73712255772647,Disc,False
ORIGA-115,4454,1260,0.2828917826672654,3194,71.71082173327346,Disc,False
ORIGA-116,5024,2798,0.5569267515923567,2226,44.30732484076433,Disc,False
ORIGA-117,4257,2373,0.5574348132487668,1884,44.256518675123324,Disc,False
ORIGA-118,5176,1993,0.3850463678516229,3183,61.49536321483772,Disc,False
ORIGA-119,3610,1352,0.3745152354570637,2258,62.548476454293635,Disc,False
ORIGA-12,3694,1005,0.27206280454791554,2689,72.79371954520845,Disc,False
ORIGA-120,3447,1224,0.35509138381201044,2223,64.49086161879896,Disc,False
ORIGA-121,4991,2320,0.4648367060709277,2671,53.51632939290724,Disc,False
ORIGA-122,5176,1437,0.2776275115919629,3739,72.23724884080372,Disc,False
ORIGA-123,3494,604,0.1728677733257012,2890,82.71322266742987,Disc,False
ORIGA-124,4314,3303,0.7656467315716272,1011,23.435326842837274,Disc,False
ORIGA-125,4549,1513,0.3326005715541877,3036,66.73994284458122,Disc,False
ORIGA-126,4182,1347,0.32209469153515063,2835,67.79053084648493,Disc,False
ORIGA-127,3910,837,0.21406649616368287,3073,78.59335038363172,Disc,False
ORIGA-128,5242,2015,0.3843952689813048,3227,61.56047310186952,Disc,False
ORIGA-129,4873,1541,0.316232300430946,3332,68.37676995690539,Disc,False
ORIGA-13,3319,820,0.24706236818318772,2499,75.29376318168123,Disc,False
ORIGA-130,4967,1215,0.24461445540567747,3752,75.53855445943225,Disc,False
ORIGA-131,4465,873,0.19552071668533036,3592,80.44792833146697,Disc,False
ORIGA-132,4501,785,0.17440568762497222,3716,82.55943123750278,Disc,False
ORIGA-133,4063,1411,0.3472803347280335,2652,65.27196652719665,Disc,False
ORIGA-134,4152,1747,0.4207610789980732,2405,57.923892100192674,Disc,False
ORIGA-135,3767,962,0.2553756304751792,2805,74.46243695248208,Disc,False
ORIGA-136,3818,898,0.2352016762702986,2920,76.47983237297015,Disc,False
ORIGA-137,3854,1778,0.461338868707836,2076,53.866113129216394,Disc,False
ORIGA-138,4168,1745,0.41866602687140114,2423,58.13339731285988,Disc,False
ORIGA-139,5381,1398,0.2598030105928266,3983,74.01969894071733,Disc,False
ORIGA-14,3486,1302,0.37349397590361444,2184,62.65060240963856,Disc,False
ORIGA-140,4974,1232,0.24768797748291113,3742,75.23120225170888,Disc,False
ORIGA-141,3166,679,0.21446620341124448,2487,78.55337965887556,Disc,False
ORIGA-142,2975,770,0.25882352941176473,2205,74.11764705882354,Disc,False
ORIGA-143,6024,2231,0.3703519256308101,3793,62.96480743691899,Disc,False
ORIGA-144,5058,1590,0.3143534994068802,3468,68.56465005931199,Disc,False
ORIGA-145,4821,1280,0.2655050819332089,3541,73.4494918066791,Disc,False
ORIGA-146,4973,1637,0.3291775588176151,3336,67.08224411823849,Disc,False
ORIGA-147,5101,1005,0.1970201921191923,4096,80.29798078808076,Disc,False
ORIGA-148,4382,609,0.1389776357827476,3773,86.10223642172524,Disc,False
ORIGA-149,4703,1226,0.26068466935998297,3477,73.9315330640017,Disc,False
ORIGA-15,4598,1844,0.4010439321444106,2754,59.89560678555894,Disc,False
ORIGA-150,4352,1231,0.2828584558823529,3121,71.71415441176471,Disc,False
ORIGA-151,3219,1539,0.47809878844361603,1680,52.190121155638394,Disc,False
ORIGA-152,3319,1318,0.39710756251883095,2001,60.2892437481169,Disc,False
ORIGA-153,5393,1682,0.3118857778601891,3711,68.81142221398109,Disc,False
ORIGA-154,3859,1298,0.3363565690593418,2561,66.36434309406583,Disc,False
ORIGA-155,3655,1035,0.28317373461012313,2620,71.68262653898769,Disc,False
ORIGA-156,3090,844,0.27313915857605175,2246,72.68608414239482,Disc,False
ORIGA-157,4051,612,0.15107380893606517,3439,84.89261910639348,Disc,False
ORIGA-158,4580,3407,0.743886462882096,1173,25.61135371179039,Disc,False
ORIGA-159,4757,3207,0.6741643893210006,1550,32.583561067899936,Disc,False
ORIGA-16,3722,1158,0.3111230521225148,2564,68.88769478774852,Disc,False
ORIGA-160,4558,2905,0.637340939008337,1653,36.2659060991663,Disc,False
ORIGA-161,4840,2241,0.46301652892561984,2599,53.69834710743802,Disc,False
ORIGA-162,5513,2637,0.47832396154543805,2876,52.16760384545619,Disc,False
ORIGA-163,3445,317,0.09201741654571843,3128,90.79825834542817,Disc,False
ORIGA-164,3696,1125,0.30438311688311687,2571,69.56168831168831,Disc,False
ORIGA-165,5151,2358,0.45777518928363425,2793,54.22248107163657,Disc,False
ORIGA-166,4951,2784,0.5623106443142799,2167,43.768935568572005,Disc,False
ORIGA-167,6317,2710,0.4290011081209435,3607,57.09988918790565,Disc,False
ORIGA-168,6269,3080,0.49130642845748923,3189,50.86935715425107,Disc,False
ORIGA-169,4404,1704,0.3869209809264305,2700,61.30790190735694,Disc,False
ORIGA-17,5335,2079,0.38969072164948454,3256,61.03092783505155,Disc,False
ORIGA-170,4355,1687,0.38737083811710676,2668,61.26291618828932,Disc,False
ORIGA-171,4211,2171,0.5155545001187366,2040,48.44454998812633,Disc,False
ORIGA-172,3953,1609,0.4070326334429547,2344,59.29673665570453,Disc,False
ORIGA-173,3300,1492,0.45212121212121215,1808,54.78787878787878,Disc,False
ORIGA-174,4686,1760,0.3755868544600939,2926,62.441314553990615,Disc,False
ORIGA-175,5207,1886,0.36220472440944884,3321,63.77952755905512,Disc,False
ORIGA-176,5619,2067,0.3678590496529632,3552,63.21409503470369,Disc,False
ORIGA-177,6624,3113,0.46995772946859904,3511,53.0042270531401,Disc,False
ORIGA-178,4494,1755,0.39052069425901204,2739,60.9479305740988,Disc,False
ORIGA-179,4424,1284,0.29023508137432186,3140,70.97649186256781,Disc,False
ORIGA-18,4267,1596,0.37403327865010544,2671,62.59667213498945,Disc,False
ORIGA-180,3955,2042,0.5163084702907712,1913,48.36915297092288,Disc,False
ORIGA-181,3897,2128,0.5460610726199641,1769,45.39389273800359,Disc,False
ORIGA-182,4379,1821,0.4158483672071249,2558,58.415163279287505,Disc,False
ORIGA-183,3548,1444,0.4069898534385569,2104,59.301014656144304,Disc,False
ORIGA-184,3803,1226,0.32237707073363137,2577,67.76229292663687,Disc,False
ORIGA-185,4251,1274,0.2996941896024465,2977,70.03058103975535,Disc,False
ORIGA-186,3310,893,0.26978851963746225,2417,73.02114803625378,Disc,False
ORIGA-187,3472,901,0.2595046082949309,2571,74.04953917050692,Disc,False
ORIGA-188,4732,1830,0.3867286559594252,2902,61.32713440405748,Disc,False
ORIGA-189,4267,893,0.20928052495898758,3374,79.07194750410125,Disc,False
ORIGA-19,3243,640,0.1973481344434166,2603,80.26518655565835,Disc,False
ORIGA-190,3373,988,0.2929143195967981,2385,70.70856804032019,Disc,False
ORIGA-191,5004,1599,0.3195443645083933,3405,68.04556354916068,Disc,False
ORIGA-192,4581,574,0.1253001528050644,4007,87.46998471949357,Disc,False
ORIGA-193,4622,1345,0.2909995672868888,3277,70.90004327131112,Disc,False
ORIGA-194,4636,1767,0.38114754098360654,2869,61.885245901639344,Disc,False
ORIGA-195,3646,1553,0.42594624245748763,2093,57.40537575425123,Disc,False
ORIGA-196,3687,1478,0.4008679142934635,2209,59.91320857065365,Disc,False
ORIGA-197,5995,2963,0.49424520433694746,3032,50.57547956630526,Disc,False
ORIGA-198,5176,2027,0.39161514683153015,3149,60.83848531684699,Disc,False
ORIGA-199,5061,1355,0.26773364947638806,3706,73.22663505236119,Disc,False
ORIGA-2,5394,2721,0.5044493882091212,2673,49.55506117908788,Disc,False
ORIGA-20,3973,856,0.21545431663730177,3117,78.45456833626983,Disc,False
ORIGA-200,5681,650,0.11441647597254005,5031,88.558352402746,Disc,False
ORIGA-201,4957,425,0.08573734113375026,4532,91.42626588662498,Disc,False
ORIGA-202,3744,203,0.05422008547008547,3541,94.57799145299145,Disc,False
ORIGA-203,4705,464,0.09861849096705633,4241,90.13815090329437,Disc,False
ORIGA-204,3550,946,0.26647887323943664,2604,73.35211267605634,Disc,False
ORIGA-205,3740,868,0.2320855614973262,2872,76.79144385026738,Disc,False
ORIGA-206,6501,2004,0.30826026765113057,4497,69.17397323488694,Disc,False
ORIGA-207,5940,2605,0.4385521885521885,3335,56.14478114478114,Disc,False
ORIGA-208,4557,1570,0.3445249067368883,2987,65.54750932631117,Disc,False
ORIGA-209,4032,1340,0.3323412698412698,2692,66.76587301587301,Disc,False
ORIGA-21,4967,2003,0.4032615260720757,2964,59.67384739279243,Disc,False
ORIGA-210,4121,1154,0.2800291191458384,2967,71.99708808541617,Disc,False
ORIGA-211,4385,1365,0.3112884834663626,3020,68.87115165336374,Disc,False
ORIGA-212,3992,1050,0.26302605210420843,2942,73.69739478957916,Disc,False
ORIGA-213,4579,1906,0.4162480891024241,2673,58.37519108975759,Disc,False
ORIGA-214,2649,986,0.3722159305398263,1663,62.77840694601736,Disc,False
ORIGA-215,2542,729,0.2867820613690008,1813,71.32179386309993,Disc,False
ORIGA-216,4542,1510,0.33245266402465873,3032,66.75473359753413,Disc,False
ORIGA-217,4097,1222,0.2982670246521845,2875,70.17329753478154,Disc,False
ORIGA-218,3337,946,0.28348816302067725,2391,71.65118369793227,Disc,False
ORIGA-219,3642,973,0.2671609006040637,2669,73.28390993959363,Disc,False
ORIGA-22,5040,2244,0.4452380952380952,2796,55.47619047619048,Disc,False
ORIGA-220,4747,1330,0.2801769538655993,3417,71.98230461344006,Disc,False
ORIGA-221,4541,1610,0.35454745650737723,2931,64.54525434926228,Disc,False
ORIGA-222,3910,1274,0.32583120204603583,2636,67.41687979539643,Disc,False
ORIGA-223,3529,1148,0.32530461887220175,2381,67.46953811277983,Disc,False
ORIGA-224,4632,2120,0.45768566493955093,2512,54.2314335060449,Disc,False
ORIGA-225,5446,2861,0.5253396988615497,2585,47.46603011384502,Disc,False
ORIGA-226,6095,1883,0.30894175553732567,4212,69.10582444626743,Disc,False
ORIGA-227,6726,1632,0.24264049955396966,5094,75.73595004460303,Disc,False
ORIGA-228,6710,2807,0.41833084947839044,3903,58.16691505216095,Disc,False
ORIGA-229,6539,4495,0.687413977672427,2044,31.258602232757305,Disc,False
ORIGA-23,4943,1911,0.38660732348776045,3032,61.33926765122395,Disc,False
ORIGA-230,4512,1480,0.3280141843971631,3032,67.19858156028369,Disc,False
ORIGA-231,4444,1432,0.32223222322232226,3012,67.77677767776777,Disc,False
ORIGA-232,6372,4374,0.6864406779661016,1998,31.35593220338983,Disc,False
ORIGA-233,6079,4222,0.694522125349564,1857,30.54778746504359,Disc,False
ORIGA-234,4150,1101,0.2653012048192771,3049,73.46987951807229,Disc,False
ORIGA-235,3978,1080,0.27149321266968324,2898,72.85067873303167,Disc,False
ORIGA-236,4412,1380,0.31278331822302813,3032,68.7216681776972,Disc,False
ORIGA-237,3770,1228,0.3257294429708223,2542,67.42705570291777,Disc,False
ORIGA-238,5864,1932,0.3294679399727149,3932,67.05320600272852,Disc,False
ORIGA-239,6559,1942,0.2960817197743558,4617,70.39182802256441,Disc,False
ORIGA-24,5120,2056,0.4015625,3064,59.84374999999999,Disc,False
ORIGA-240,4802,1884,0.3923365264473136,2918,60.766347355268636,Disc,False
ORIGA-241,5485,3332,0.6074749316317228,2153,39.25250683682771,Disc,False
ORIGA-242,5063,1820,0.3594706695634999,3243,64.05293304365,Disc,False
ORIGA-243,3283,931,0.2835820895522388,2352,71.64179104477611,Disc,False
ORIGA-244,3059,742,0.2425629290617849,2317,75.74370709382151,Disc,False
ORIGA-245,4727,1782,0.3769832874973556,2945,62.301671250264434,Disc,False
ORIGA-246,4666,1950,0.41791684526360906,2716,58.2083154736391,Disc,False
ORIGA-247,3930,1292,0.3287531806615776,2638,67.12468193384224,Disc,False
ORIGA-248,5098,2404,0.47155747351902705,2694,52.84425264809729,Disc,False
ORIGA-249,4883,1790,0.36657792340774115,3093,63.34220765922589,Disc,False
ORIGA-25,3814,1193,0.3127949659150498,2621,68.72050340849502,Disc,False
ORIGA-250,5494,1425,0.2593738623953404,4069,74.06261376046596,Disc,False
ORIGA-251,5304,1928,0.363499245852187,3376,63.65007541478129,Disc,False
ORIGA-252,4838,1413,0.29206283588259613,3425,70.79371641174039,Disc,False
ORIGA-253,4258,993,0.23320807891028653,3265,76.67919210897135,Disc,False
ORIGA-254,4549,1487,0.32688502967685207,3062,67.31149703231479,Disc,False
ORIGA-255,3496,1017,0.2909038901601831,2479,70.9096109839817,Disc,False
ORIGA-256,3672,1100,0.2995642701525055,2572,70.04357298474946,Disc,False
ORIGA-257,4816,2162,0.4489202657807309,2654,55.107973421926914,Disc,False
ORIGA-258,4324,1637,0.3785846438482886,2687,62.141535615171136,Disc,False
ORIGA-259,4680,1427,0.30491452991452994,3253,69.50854700854701,Disc,False
ORIGA-26,4210,1972,0.4684085510688836,2238,53.159144893111645,Disc,False
ORIGA-260,4589,1027,0.2237960339943343,3562,77.62039660056658,Disc,False
ORIGA-261,4918,1567,0.31862545750305005,3351,68.137454249695,Disc,False
ORIGA-262,5458,1417,0.25961890802491755,4041,74.03810919750823,Disc,False
ORIGA-263,5419,1958,0.36132127698837424,3461,63.86787230116258,Disc,False
ORIGA-264,4797,1714,0.35730664998957684,3083,64.26933500104232,Disc,False
ORIGA-265,4773,1635,0.34255185417976114,3138,65.74481458202388,Disc,False
ORIGA-266,4883,1689,0.3458939176735613,3194,65.41060823264387,Disc,False
ORIGA-267,4223,967,0.22898413450153918,3256,77.10158654984608,Disc,False
ORIGA-268,3934,997,0.2534316217590239,2937,74.65683782409761,Disc,False
ORIGA-269,6117,3745,0.6122282164459703,2372,38.777178355402974,Disc,False
ORIGA-27,4158,1892,0.455026455026455,2266,54.4973544973545,Disc,False
ORIGA-270,5326,2621,0.492114156965828,2705,50.788584303417196,Disc,False
ORIGA-271,3885,1261,0.3245817245817246,2624,67.54182754182753,Disc,False
ORIGA-272,4207,1054,0.25053482291419066,3153,74.94651770858094,Disc,False
ORIGA-273,3449,1510,0.43780806030733543,1939,56.219193969266456,Disc,False
ORIGA-274,5252,1916,0.3648134044173648,3336,63.51865955826352,Disc,False
ORIGA-275,4870,1604,0.32936344969199177,3266,67.06365503080082,Disc,False
ORIGA-276,5278,1728,0.32739674118984463,3550,67.26032588101553,Disc,False
ORIGA-277,5664,2881,0.5086511299435028,2783,49.134887005649716,Disc,False
ORIGA-278,5669,2985,0.5265478920444523,2684,47.34521079555477,Disc,False
ORIGA-279,4192,1147,0.27361641221374045,3045,72.63835877862596,Disc,False
ORIGA-28,4951,1459,0.29468794182993335,3492,70.53120581700666,Disc,False
ORIGA-280,4240,1097,0.25872641509433963,3143,74.12735849056604,Disc,False
ORIGA-281,4829,1028,0.21288051356388485,3801,78.71194864361152,Disc,False
ORIGA-282,5060,2312,0.45691699604743086,2748,54.308300395256914,Disc,False
ORIGA-283,4335,1164,0.2685121107266436,3171,73.14878892733564,Disc,False
ORIGA-284,4975,3929,0.7897487437185929,1046,21.025125628140703,Disc,False
ORIGA-285,3820,1303,0.34109947643979055,2517,65.89005235602095,Disc,False
ORIGA-286,4060,1846,0.454679802955665,2214,54.5320197044335,Disc,False
ORIGA-287,3754,1172,0.3122003196590304,2582,68.77996803409697,Disc,False
ORIGA-288,3782,1370,0.36224219989423584,2412,63.77578001057641,Disc,False
ORIGA-289,5355,2009,0.37516339869281046,3346,62.48366013071895,Disc,False
ORIGA-29,4001,1711,0.42764308922769306,2290,57.23569107723069,Disc,False
ORIGA-290,6938,3607,0.5198904583453445,3331,48.010954165465556,Disc,False
ORIGA-291,4086,1705,0.41727851199216837,2381,58.272148800783164,Disc,False
ORIGA-292,3204,1332,0.4157303370786517,1872,58.42696629213483,Disc,False
ORIGA-293,4519,1472,0.32573578225271077,3047,67.42642177472892,Disc,False
ORIGA-294,4790,2420,0.5052192066805845,2370,49.478079331941544,Disc,False
ORIGA-295,5417,1580,0.2916743585010153,3837,70.83256414989847,Disc,False
ORIGA-296,4445,991,0.22294713160854893,3454,77.7052868391451,Disc,False
ORIGA-297,4078,1613,0.3955370279548798,2465,60.446297204512014,Disc,False
ORIGA-298,5004,1674,0.3345323741007194,3330,66.54676258992805,Disc,False
ORIGA-299,4189,1827,0.4361422773931726,2362,56.38577226068274,Disc,False
ORIGA-3,5555,5094,0.917011701170117,461,8.298829882988299,Disc,False
ORIGA-30,4463,2138,0.47904996639032044,2325,52.095003360967965,Disc,False
ORIGA-300,4152,1669,0.4019749518304432,2483,59.80250481695568,Disc,False
ORIGA-301,4159,1967,0.47295022842029333,2192,52.70497715797067,Disc,False
ORIGA-302,3754,1130,0.30101225359616407,2624,69.89877464038359,Disc,False
ORIGA-303,3671,1327,0.3614818850449469,2344,63.851811495505316,Disc,False
ORIGA-304,4371,1761,0.40288263555250514,2610,59.711736444749484,Disc,False
ORIGA-305,4785,2307,0.48213166144200625,2478,51.78683385579937,Disc,False
ORIGA-306,5341,3016,0.564688260625351,2325,43.53117393746489,Disc,False
ORIGA-307,3881,1217,0.31357897449111055,2664,68.64210255088895,Disc,False
ORIGA-308,3951,1880,0.47582890407491774,2071,52.417109592508226,Disc,False
ORIGA-309,3293,1197,0.36349832979046465,2096,63.65016702095354,Disc,False
ORIGA-31,4182,1790,0.42802486848397897,2392,57.19751315160211,Disc,False
ORIGA-310,3652,1521,0.4164841182913472,2131,58.35158817086528,Disc,False
ORIGA-311,3891,1390,0.35723464405037264,2501,64.27653559496274,Disc,False
ORIGA-312,3335,1159,0.3475262368815592,2176,65.24737631184408,Disc,False
ORIGA-313,4773,2150,0.45045045045045046,2623,54.95495495495496,Disc,False
ORIGA-314,4133,1958,0.4737478828937818,2175,52.62521171062182,Disc,False
ORIGA-315,2639,917,0.34748010610079577,1722,65.25198938992042,Disc,False
ORIGA-316,2453,1197,0.48797390949857317,1256,51.20260905014268,Disc,False
ORIGA-317,4379,1361,0.3108015528659511,3018,68.91984471340488,Disc,False
ORIGA-318,4525,1235,0.2729281767955801,3290,72.70718232044199,Disc,False
ORIGA-319,3800,1780,0.46842105263157896,2020,53.1578947368421,Disc,False
ORIGA-32,3767,815,0.21635253517387842,2952,78.36474648261216,Disc,False
ORIGA-320,3447,1695,0.4917319408181027,1752,50.826805918189734,Disc,False
ORIGA-321,3988,1372,0.3440320962888666,2616,65.59679037111334,Disc,False
ORIGA-322,3434,1106,0.3220733838089691,2328,67.79266161910309,Disc,False
ORIGA-323,5976,2314,0.3872155287817938,3662,61.27844712182061,Disc,False
ORIGA-324,6197,2411,0.3890592222042924,3786,61.09407777957075,Disc,False
ORIGA-325,4352,1219,0.28010110294117646,3133,71.98988970588235,Disc,False
ORIGA-326,3511,1421,0.4047279977214469,2090,59.52720022785532,Disc,False
ORIGA-327,3369,2673,0.7934105075690115,696,20.658949243098842,Disc,False
ORIGA-328,3463,1459,0.42131100202136873,2004,57.86889979786313,Disc,False
ORIGA-329,3567,1157,0.3243622091393328,2410,67.56377908606672,Disc,False
ORIGA-33,3445,538,0.15616835994194483,2907,84.38316400580551,Disc,False
ORIGA-330,4910,1786,0.36374745417515275,3124,63.62525458248472,Disc,False
ORIGA-331,5032,1665,0.33088235294117646,3367,66.91176470588235,Disc,False
ORIGA-332,3979,1433,0.36014073887911535,2546,63.985926112088464,Disc,False
ORIGA-333,3728,1247,0.3344957081545064,2481,66.55042918454936,Disc,False
ORIGA-334,3190,1397,0.4379310344827586,1793,56.20689655172414,Disc,False
ORIGA-335,3538,1203,0.3400226116449972,2335,65.99773883550029,Disc,False
ORIGA-336,4523,2276,0.5032058368339598,2247,49.679416316604026,Disc,False
ORIGA-337,4416,1566,0.3546195652173913,2850,64.53804347826086,Disc,False
ORIGA-338,4537,2222,0.48975093674234077,2315,51.024906325765926,Disc,False
ORIGA-339,4435,2412,0.5438556933483653,2023,45.614430665163475,Disc,False
ORIGA-34,5045,1845,0.3657086223984143,3200,63.42913776015857,Disc,False
ORIGA-340,4228,2947,0.6970198675496688,1281,30.29801324503311,Disc,False
ORIGA-341,4559,1106,0.24259706075893836,3453,75.74029392410615,Disc,False
ORIGA-342,4890,1735,0.35480572597137017,3155,64.51942740286299,Disc,False
ORIGA-343,2967,1237,0.41691944725311764,1730,58.30805527468824,Disc,False
ORIGA-344,3443,1348,0.39151902410688355,2095,60.84809758931164,Disc,False
ORIGA-345,5342,3646,0.6825159116435792,1696,31.748408835642085,Disc,False
ORIGA-346,3380,967,0.286094674556213,2413,71.39053254437869,Disc,False
ORIGA-347,3389,1464,0.4319858365299498,1925,56.801416347005016,Disc,False
ORIGA-348,4302,1616,0.37563923756392376,2686,62.436076243607616,Disc,False
ORIGA-349,4288,1799,0.4195429104477612,2489,58.04570895522389,Disc,False
ORIGA-35,4454,1280,0.28738212842388866,3174,71.26178715761114,Disc,False
ORIGA-350,5420,2041,0.37656826568265683,3379,62.34317343173432,Disc,False
ORIGA-351,5755,1264,0.21963509991311903,4491,78.03649000868809,Disc,False
ORIGA-352,2916,828,0.2839506172839506,2088,71.60493827160494,Disc,False
ORIGA-353,5220,1860,0.3563218390804598,3360,64.36781609195403,Disc,False
ORIGA-354,4950,1840,0.3717171717171717,3110,62.82828282828283,Disc,False
ORIGA-355,3853,1452,0.3768492084090319,2401,62.31507915909681,Disc,False
ORIGA-356,3720,1711,0.4599462365591398,2009,54.00537634408602,Disc,False
ORIGA-357,4198,1674,0.3987613149118628,2524,60.123868508813715,Disc,False
ORIGA-358,4965,2564,0.5164149043303122,2401,48.358509566968785,Disc,False
ORIGA-359,4627,1579,0.3412578344499676,3048,65.87421655500324,Disc,False
ORIGA-36,5183,1583,0.3054215705190044,3600,69.45784294809955,Disc,False
ORIGA-360,3465,1148,0.33131313131313134,2317,66.86868686868686,Disc,False
ORIGA-361,3464,1241,0.35825635103926096,2223,64.1743648960739,Disc,False
ORIGA-362,5681,3860,0.6794578419292379,1821,32.05421580707622,Disc,False
ORIGA-363,4472,2531,0.5659660107334525,1941,43.40339892665474,Disc,False
ORIGA-364,4655,2043,0.4388829215896885,2612,56.11170784103115,Disc,False
ORIGA-365,3811,1325,0.3476777748622409,2486,65.23222251377592,Disc,False
ORIGA-366,6358,3520,0.5536332179930796,2838,44.636678200692046,Disc,False
ORIGA-367,6156,3268,0.5308641975308642,2888,46.913580246913575,Disc,False
ORIGA-368,3818,1596,0.4180199057097957,2222,58.19800942902042,Disc,False
ORIGA-369,4133,1433,0.3467215097991774,2700,65.32784902008227,Disc,False
ORIGA-37,5106,884,0.17312965139052094,4222,82.6870348609479,Disc,False
ORIGA-370,4155,1728,0.41588447653429605,2427,58.411552346570396,Disc,False
ORIGA-371,4737,2005,0.42326366898881146,2732,57.673633101118845,Disc,False
ORIGA-372,4505,1836,0.4075471698113208,2669,59.24528301886792,Disc,False
ORIGA-373,3966,1385,0.3492183560262229,2581,65.07816439737772,Disc,False
ORIGA-374,4549,1443,0.3172125741921301,3106,68.27874258078698,Disc,False
ORIGA-375,6883,2374,0.3449077437164027,4509,65.50922562835973,Disc,False
ORIGA-376,6770,1917,0.28316100443131464,4853,71.68389955686854,Disc,False
ORIGA-377,4772,2545,0.5333193629505448,2227,46.66806370494552,Disc,False
ORIGA-378,4657,2139,0.4593085677474769,2518,54.069143225252304,Disc,False
ORIGA-379,4006,1605,0.40064902646030953,2401,59.93509735396905,Disc,False
ORIGA-38,4410,1667,0.3780045351473923,2743,62.19954648526077,Disc,False
ORIGA-380,3824,1416,0.3702928870292887,2408,62.97071129707113,Disc,False
ORIGA-381,3862,1640,0.4246504401864319,2222,57.5349559813568,Disc,False
ORIGA-382,3357,1363,0.4060172773309503,1994,59.398272266904975,Disc,False
ORIGA-383,4870,3377,0.6934291581108829,1493,30.657084188911703,Disc,False
ORIGA-384,3825,1032,0.2698039215686274,2793,73.01960784313725,Disc,False
ORIGA-385,4126,2106,0.5104217159476491,2020,48.95782840523509,Disc,False
ORIGA-386,3570,1707,0.4781512605042017,1863,52.18487394957984,Disc,False
ORIGA-387,4984,2987,0.5993178170144462,1997,40.06821829855537,Disc,False
ORIGA-388,5971,1979,0.3314352704739575,3992,66.85647295260425,Disc,False
ORIGA-389,7092,3345,0.47165820642978,3747,52.834179357021995,Disc,False
ORIGA-39,3259,640,0.1963792574409328,2619,80.36207425590672,Disc,False
ORIGA-390,6950,3669,0.5279136690647482,3281,47.20863309352518,Disc,False
ORIGA-391,5982,2713,0.4535272484119024,3269,54.64727515880976,Disc,False
ORIGA-392,4582,1627,0.3550851156700131,2955,64.4914884329987,Disc,False
ORIGA-393,4697,2315,0.49286778794975517,2382,50.71322120502448,Disc,False
ORIGA-394,4946,1891,0.38232915487262437,3055,61.76708451273757,Disc,False
ORIGA-395,4611,1960,0.4250704836261115,2651,57.492951637388856,Disc,False
ORIGA-396,4034,1479,0.3666336142786316,2555,63.33663857213684,Disc,False
ORIGA-397,4020,1378,0.3427860696517413,2642,65.72139303482587,Disc,False
ORIGA-398,4271,2340,0.5478810583001639,1931,45.211894169983616,Disc,False
ORIGA-399,4529,1761,0.3888275557518216,2768,61.11724442481784,Disc,False
ORIGA-4,4056,2151,0.5303254437869822,1905,46.967455621301774,Disc,False
ORIGA-40,3177,1059,0.3333333333333333,2118,66.66666666666666,Disc,False
ORIGA-400,5365,1714,0.31947809878844363,3651,68.05219012115565,Disc,False
ORIGA-401,5621,2299,0.4090019569471624,3322,59.099804305283755,Disc,False
ORIGA-402,5116,2636,0.5152462861610634,2480,48.475371383893666,Disc,False
ORIGA-403,5639,2652,0.47029615179996453,2987,52.970384820003545,Disc,False
ORIGA-404,3352,702,0.2094272076372315,2650,79.05727923627684,Disc,False
ORIGA-405,3564,976,0.2738496071829405,2588,72.61503928170595,Disc,False
ORIGA-406,5224,2667,0.5105283307810107,2557,48.947166921898926,Disc,False
ORIGA-407,5302,3379,0.6373066767257639,1923,36.26933232742361,Disc,False
ORIGA-408,3716,1040,0.2798708288482239,2676,72.01291711517761,Disc,False
ORIGA-409,3525,547,0.15517730496453902,2978,84.4822695035461,Disc,False
ORIGA-41,4939,2276,0.4608220287507593,2663,53.91779712492407,Disc,False
ORIGA-410,5555,1322,0.237983798379838,4233,76.2016201620162,Disc,False
ORIGA-411,4960,1206,0.24314516129032257,3754,75.68548387096774,Disc,False
ORIGA-412,2775,331,0.11927927927927928,2444,88.07207207207207,Disc,False
ORIGA-413,2974,450,0.15131136516476126,2524,84.86886348352387,Disc,False
ORIGA-414,4385,902,0.20570125427594071,3483,79.42987457240594,Disc,False
ORIGA-415,4233,735,0.17363571934798017,3498,82.63642806520198,Disc,False
ORIGA-416,3952,1286,0.32540485829959515,2666,67.45951417004049,Disc,False
ORIGA-417,4491,1918,0.42707637497216655,2573,57.29236250278335,Disc,False
ORIGA-418,4643,2107,0.45380142149472324,2536,54.61985785052767,Disc,False
ORIGA-419,5014,1985,0.3958915037893897,3029,60.410849621061026,Disc,False
ORIGA-42,3665,1590,0.43383356070941337,2075,56.61664392905866,Disc,False
ORIGA-420,3871,895,0.2312064066132782,2976,76.87935933867219,Disc,False
ORIGA-421,3649,1138,0.311866264730063,2511,68.81337352699369,Disc,False
ORIGA-422,4589,1499,0.32665068642405753,3090,67.33493135759426,Disc,False
ORIGA-423,4242,1284,0.3026874115983027,2958,69.73125884016973,Disc,False
ORIGA-424,4890,2578,0.52719836400818,2312,47.280163599182,Disc,False
ORIGA-425,4425,915,0.20677966101694914,3510,79.3220338983051,Disc,False
ORIGA-426,3527,1415,0.40119081372271054,2112,59.88091862772895,Disc,False
ORIGA-427,4264,1853,0.43456848030018763,2411,56.543151969981245,Disc,False
ORIGA-428,4517,2302,0.5096302855877795,2215,49.03697144122205,Disc,False
ORIGA-429,4383,2353,0.5368469085101528,2030,46.31530914898471,Disc,False
ORIGA-43,4398,1987,0.4517962710322874,2411,54.82037289677126,Disc,False
ORIGA-430,3666,837,0.22831423895253683,2829,77.16857610474632,Disc,False
ORIGA-431,3617,1215,0.33591374066906277,2402,66.40862593309372,Disc,False
ORIGA-432,5383,2966,0.5509938695894483,2417,44.90061304105517,Disc,False
ORIGA-433,5536,2535,0.45791184971098264,3001,54.20881502890174,Disc,False
ORIGA-434,3301,739,0.22387155407452286,2562,77.61284459254772,Disc,False
ORIGA-435,3354,668,0.19916517590936195,2686,80.0834824090638,Disc,False
ORIGA-436,2845,631,0.221792618629174,2214,77.8207381370826,Disc,False
ORIGA-437,3070,808,0.26319218241042347,2262,73.68078175895766,Disc,False
ORIGA-438,3714,1499,0.4036079698438341,2215,59.63920301561658,Disc,False
ORIGA-439,4022,1876,0.46643460964694183,2146,53.356539035305815,Disc,False
ORIGA-44,4913,1479,0.30103806228373703,3434,69.8961937716263,Disc,False
ORIGA-440,4317,2912,0.6745425063701644,1405,32.54574936298356,Disc,False
ORIGA-441,3766,2579,0.6848114710568242,1187,31.51885289431758,Disc,False
ORIGA-442,4621,2622,0.5674096515905648,1999,43.259034840943514,Disc,False
ORIGA-443,4743,2482,0.5232974910394266,2261,47.67025089605735,Disc,False
ORIGA-444,3962,1552,0.3917213528520949,2410,60.827864714790515,Disc,False
ORIGA-445,3499,1132,0.3235210060017148,2367,67.64789939982853,Disc,False
ORIGA-446,4363,1531,0.35090534036213616,2832,64.90946596378639,Disc,False
ORIGA-447,4431,1697,0.38298352516361994,2734,61.701647483638,Disc,False
ORIGA-448,4348,1710,0.3932842686292548,2638,60.67157313707452,Disc,False
ORIGA-449,4347,1516,0.34874626178974005,2831,65.125373821026,Disc,False
ORIGA-45,4438,2240,0.5047318611987381,2198,49.52681388012618,Disc,False
ORIGA-450,4505,1301,0.2887902330743618,3204,71.12097669256381,Disc,False
ORIGA-451,4498,1481,0.32925744775455756,3017,67.07425522454425,Disc,False
ORIGA-452,4622,1696,0.3669407183037646,2926,63.305928169623535,Disc,False
ORIGA-453,4593,1416,0.3082952318745918,3177,69.17047681254083,Disc,False
ORIGA-454,4519,1182,0.26156229254259794,3337,73.84377074574022,Disc,False
ORIGA-455,4162,795,0.19101393560788082,3367,80.89860643921192,Disc,False
ORIGA-456,4531,1181,0.2606488633855661,3350,73.93511366144338,Disc,False
ORIGA-457,4234,1854,0.43788379782711384,2380,56.21162021728862,Disc,False
ORIGA-458,4228,1864,0.44087038789025546,2364,55.91296121097445,Disc,False
ORIGA-459,4153,1100,0.2648687695641705,3053,73.51312304358295,Disc,False
ORIGA-46,4943,1989,0.40238721424236296,2954,59.76127857576371,Disc,False
ORIGA-460,4065,938,0.23075030750307504,3127,76.9249692496925,Disc,False
ORIGA-461,3998,1460,0.36518259129564784,2538,63.481740870435225,Disc,False
ORIGA-462,4045,1023,0.25290482076637827,3022,74.70951792336218,Disc,False
ORIGA-463,2786,1560,0.5599425699928212,1226,44.00574300071787,Disc,False
ORIGA-464,2252,816,0.3623445825932504,1436,63.765541740674955,Disc,False
ORIGA-465,4957,2048,0.4131531168045189,2909,58.684688319548115,Disc,False
ORIGA-466,4453,1186,0.2663373006961599,3267,73.36626993038401,Disc,False
ORIGA-467,3439,1218,0.3541727246292527,2221,64.58272753707473,Disc,False
ORIGA-468,3819,1566,0.4100549882168107,2253,58.994501178318934,Disc,False
ORIGA-469,4632,887,0.19149395509499137,3745,80.85060449050087,Disc,False
ORIGA-47,4501,1499,0.3330371028660298,3002,66.69628971339702,Disc,False
ORIGA-470,4559,931,0.20421144987935952,3628,79.57885501206405,Disc,False
ORIGA-471,3674,943,0.2566684812193794,2731,74.33315187806205,Disc,False
ORIGA-472,3794,1039,0.2738534528202425,2755,72.61465471797575,Disc,False
ORIGA-473,3747,1464,0.3907125700560448,2283,60.92874299439551,Disc,False
ORIGA-474,3732,1512,0.40514469453376206,2220,59.4855305466238,Disc,False
ORIGA-475,3818,793,0.2077003666841278,3025,79.22996333158721,Disc,False
ORIGA-476,3710,750,0.20215633423180593,2960,79.78436657681941,Disc,False
ORIGA-477,4049,1546,0.38182267226475675,2503,61.81773277352433,Disc,False
ORIGA-478,4233,1666,0.39357429718875503,2567,60.6425702811245,Disc,False
ORIGA-479,4608,1457,0.3161892361111111,3151,68.38107638888889,Disc,False
ORIGA-48,4952,1466,0.29604200323101776,3486,70.39579967689822,Disc,False
ORIGA-480,4652,1744,0.3748925193465176,2908,62.510748065348245,Disc,False
ORIGA-481,4927,1826,0.3706109194235843,3101,62.93890805764156,Disc,False
ORIGA-482,4223,1145,0.2711342647407057,3078,72.88657352592944,Disc,False
ORIGA-483,4271,1246,0.2917349566846172,3025,70.82650433153829,Disc,False
ORIGA-484,3500,861,0.246,2639,75.4,Disc,False
ORIGA-485,3522,692,0.1964792731402612,2830,80.35207268597388,Disc,False
ORIGA-486,4590,3601,0.7845315904139434,989,21.546840958605664,Disc,False
ORIGA-487,4984,1740,0.3491171749598716,3244,65.08828250401284,Disc,False
ORIGA-488,3719,1460,0.39257865017477817,2259,60.74213498252218,Disc,False
ORIGA-489,3461,1006,0.2906674371568911,2455,70.9332562843109,Disc,False
ORIGA-49,3943,1823,0.46233832107532336,2120,53.766167892467664,Disc,False
ORIGA-490,3714,1032,0.2778675282714055,2682,72.21324717285945,Disc,False
ORIGA-491,3276,823,0.2512210012210012,2453,74.87789987789988,Disc,False
ORIGA-492,5430,2030,0.3738489871086556,3400,62.61510128913444,Disc,False
ORIGA-493,5049,1344,0.26619132501485443,3705,73.38086749851456,Disc,False
ORIGA-494,4204,1182,0.28116079923882015,3022,71.88392007611797,Disc,False
ORIGA-495,4022,1136,0.28244654400795627,2886,71.75534559920438,Disc,False
ORIGA-496,3737,1815,0.4856837035054857,1922,51.43162964945142,Disc,False
ORIGA-497,3961,2177,0.549608684675587,1784,45.0391315324413,Disc,False
ORIGA-498,5363,1495,0.2787618870035428,3868,72.12381129964572,Disc,False
ORIGA-499,5237,1279,0.24422379224746993,3958,75.57762077525301,Disc,False
ORIGA-5,4802,2225,0.46334860474802164,2577,53.66513952519784,Disc,False
ORIGA-50,3726,1896,0.5088566827697263,1830,49.11433172302738,Disc,False
ORIGA-500,4655,1149,0.24683136412459722,3506,75.31686358754028,Disc,False
ORIGA-501,5275,1549,0.2936492890995261,3726,70.63507109004739,Disc,False
ORIGA-502,4868,1293,0.26561216105176666,3575,73.43878389482333,Disc,False
ORIGA-503,4668,1394,0.2986289631533848,3274,70.13710368466153,Disc,False
ORIGA-504,3145,1039,0.3303656597774245,2106,66.96343402225754,Disc,False
ORIGA-505,3153,1393,0.4418014589280051,1760,55.8198541071995,Disc,False
ORIGA-506,4825,3520,0.7295336787564767,1305,27.04663212435233,Disc,False
ORIGA-507,3872,2323,0.599948347107438,1549,40.0051652892562,Disc,False
ORIGA-508,2896,1122,0.38743093922651933,1774,61.25690607734806,Disc,False
ORIGA-509,2759,990,0.35882566147154765,1769,64.11743385284522,Disc,False
ORIGA-51,3789,1512,0.3990498812351544,2277,60.09501187648456,Disc,False
ORIGA-510,4117,2136,0.518824386689337,1981,48.11756133106631,Disc,False
ORIGA-511,3901,2665,0.6831581645731863,1236,31.684183542681367,Disc,False
ORIGA-512,4119,2553,0.619810633648944,1566,38.01893663510561,Disc,False
ORIGA-513,4108,2157,0.5250730282375852,1951,47.49269717624148,Disc,False
ORIGA-514,4541,2109,0.46443514644351463,2432,53.55648535564853,Disc,False
ORIGA-515,4990,3567,0.7148296593186373,1423,28.517034068136272,Disc,False
ORIGA-516,4849,3504,0.7226232212827387,1345,27.73767787172613,Disc,False
ORIGA-517,4919,1725,0.3506810327302297,3194,64.93189672697703,Disc,False
ORIGA-518,5226,2745,0.5252583237657864,2481,47.47416762342135,Disc,False
ORIGA-519,4562,2632,0.5769399386234108,1930,42.30600613765892,Disc,False
ORIGA-52,4035,2071,0.5132589838909541,1964,48.674101610904586,Disc,False
ORIGA-520,3551,2375,0.6688256829062236,1176,33.11743170937764,Disc,False
ORIGA-521,4357,1311,0.3008951113151251,3046,69.91048886848749,Disc,False
ORIGA-522,4870,1255,0.25770020533880905,3615,74.2299794661191,Disc,False
ORIGA-523,4754,2815,0.5921329406815313,1939,40.78670593184687,Disc,False
ORIGA-524,4691,2768,0.5900660839906203,1923,40.99339160093797,Disc,False
ORIGA-525,3805,933,0.245203679369251,2872,75.4796320630749,Disc,False
ORIGA-526,3488,997,0.2858371559633027,2491,71.41628440366972,Disc,False
ORIGA-527,3521,1721,0.48878159613746097,1800,51.1218403862539,Disc,False
ORIGA-528,3579,1758,0.4911986588432523,1821,50.88013411567477,Disc,False
ORIGA-529,4883,2009,0.41142740118779436,2874,58.85725988122056,Disc,False
ORIGA-53,4808,2214,0.4604825291181364,2594,53.95174708818635,Disc,False
ORIGA-530,4817,1750,0.3632966576707494,3067,63.67033423292505,Disc,False
ORIGA-531,4530,1861,0.4108167770419426,2669,58.91832229580574,Disc,False
ORIGA-532,3630,1774,0.4887052341597796,1856,51.129476584022036,Disc,False
ORIGA-533,5170,2880,0.5570599613152805,2290,44.294003868471954,Disc,False
ORIGA-534,5321,2663,0.5004698364968991,2658,49.953016350310094,Disc,False
ORIGA-535,3437,977,0.284259528658714,2460,71.5740471341286,Disc,False
ORIGA-536,3350,1034,0.3086567164179104,2316,69.13432835820895,Disc,False
ORIGA-537,3336,703,0.2107314148681055,2633,78.92685851318944,Disc,False
ORIGA-538,3216,797,0.2478233830845771,2419,75.21766169154229,Disc,False
ORIGA-539,3944,828,0.2099391480730223,3116,79.00608519269777,Disc,False
ORIGA-54,5312,1996,0.3757530120481928,3316,62.424698795180724,Disc,False
ORIGA-540,4148,724,0.17454194792671165,3424,82.54580520732884,Disc,False
ORIGA-541,3755,1418,0.37762982689747004,2337,62.237017310252995,Disc,False
ORIGA-542,3413,1195,0.3501318488133607,2218,64.98681511866393,Disc,False
ORIGA-543,3871,1098,0.28364763626969774,2773,71.63523637303022,Disc,False
ORIGA-544,3833,1230,0.32089746934516045,2603,67.91025306548394,Disc,False
ORIGA-545,3879,1716,0.4423820572312452,2163,55.761794276875484,Disc,False
ORIGA-546,3980,1766,0.44371859296482413,2214,55.628140703517595,Disc,False
ORIGA-547,4935,1776,0.35987841945288757,3159,64.01215805471125,Disc,False
ORIGA-548,4010,1234,0.3077306733167082,2776,69.22693266832918,Disc,False
ORIGA-549,5443,2627,0.4826382509645416,2816,51.73617490354584,Disc,False
ORIGA-55,4570,1889,0.41334792122538294,2681,58.66520787746171,Disc,False
ORIGA-550,5512,2405,0.4363207547169811,3107,56.367924528301884,Disc,False
ORIGA-551,4308,1455,0.33774373259052926,2853,66.22562674094708,Disc,False
ORIGA-552,4292,1086,0.2530288909599254,3206,74.69711090400746,Disc,False
ORIGA-553,4550,996,0.2189010989010989,3554,78.10989010989012,Disc,False
ORIGA-554,2959,1092,0.36904359580939505,1867,63.095640419060494,Disc,False
ORIGA-555,3439,875,0.2544344286129689,2564,74.55655713870311,Disc,False
ORIGA-556,5508,3121,0.5666303558460422,2387,43.33696441539579,Disc,False
ORIGA-557,3844,1261,0.3280437044745057,2583,67.19562955254943,Disc,False
ORIGA-558,4205,1575,0.3745541022592152,2630,62.544589774078474,Disc,False
ORIGA-559,4612,1941,0.42085862966175197,2671,57.91413703382481,Disc,False
ORIGA-56,4187,1608,0.3840458562216384,2579,61.59541437783616,Disc,False
ORIGA-560,4756,2388,0.5021026072329688,2368,49.78973927670311,Disc,False
ORIGA-561,4150,1272,0.30650602409638555,2878,69.34939759036145,Disc,False
ORIGA-562,4182,1366,0.3266379722620756,2816,67.33620277379244,Disc,False
ORIGA-563,3776,1125,0.2979343220338983,2651,70.20656779661016,Disc,False
ORIGA-564,3741,917,0.2451216252338947,2824,75.48783747661054,Disc,False
ORIGA-565,4297,1194,0.2778682801954852,3103,72.21317198045148,Disc,False
ORIGA-566,4825,1219,0.2526424870466321,3606,74.73575129533678,Disc,False
ORIGA-567,5119,1403,0.2740769681578433,3716,72.59230318421567,Disc,False
ORIGA-568,5220,1458,0.2793103448275862,3762,72.06896551724138,Disc,False
ORIGA-569,5507,1977,0.358997639368077,3530,64.1002360631923,Disc,False
ORIGA-57,5740,2074,0.3613240418118467,3666,63.867595818815325,Disc,False
ORIGA-570,5666,1246,0.21990822449699965,4420,78.00917755030004,Disc,False
ORIGA-571,6460,3802,0.5885448916408669,2658,41.14551083591331,Disc,False
ORIGA-572,5289,2900,0.5483078086594819,2389,45.16921913405181,Disc,False
ORIGA-573,3895,988,0.25365853658536586,2907,74.63414634146342,Disc,False
ORIGA-574,4616,1081,0.23418544194107452,3535,76.58145580589255,Disc,False
ORIGA-575,3915,654,0.16704980842911876,3261,83.29501915708812,Disc,False
ORIGA-576,4004,925,0.23101898101898102,3079,76.8981018981019,Disc,False
ORIGA-577,5120,2761,0.5392578125,2359,46.07421875,Disc,False
ORIGA-578,5965,3402,0.5703269069572506,2563,42.967309304274934,Disc,False
ORIGA-579,6134,2411,0.39305510270622757,3723,60.694489729377246,Disc,False
ORIGA-58,5782,2537,0.4387755102040816,3245,56.12244897959183,Disc,False
ORIGA-580,5860,2607,0.4448805460750853,3253,55.51194539249147,Disc,False
ORIGA-581,4956,2385,0.4812348668280872,2571,51.87651331719129,Disc,False
ORIGA-582,5465,2697,0.49350411710887465,2768,50.649588289112536,Disc,False
ORIGA-583,4129,1384,0.33519011867280213,2745,66.48098813271979,Disc,False
ORIGA-584,4543,2808,0.6180937706361436,1735,38.19062293638565,Disc,False
ORIGA-585,4437,1995,0.4496281271129141,2442,55.03718728870859,Disc,False
ORIGA-586,4750,2279,0.47978947368421054,2471,52.02105263157895,Disc,False
ORIGA-587,5265,2727,0.517948717948718,2538,48.205128205128204,Disc,False
ORIGA-588,5141,2645,0.5144913440964792,2496,48.550865590352075,Disc,False
ORIGA-589,4132,2237,0.5413843175217812,1895,45.86156824782188,Disc,False
ORIGA-59,4150,1432,0.3450602409638554,2718,65.49397590361446,Disc,False
ORIGA-590,5829,3466,0.5946131411905987,2363,40.53868588094013,Disc,False
ORIGA-591,6028,2937,0.48722627737226276,3091,51.277372262773724,Disc,False
ORIGA-592,4436,2136,0.48151487826871053,2300,51.848512173128945,Disc,False
ORIGA-593,4880,2453,0.5026639344262295,2427,49.733606557377044,Disc,False
ORIGA-594,3851,1601,0.41573617242274735,2250,58.42638275772527,Disc,False
ORIGA-595,4713,1860,0.39465308720560155,2853,60.53469127943985,Disc,False
ORIGA-596,4625,1779,0.38464864864864867,2846,61.535135135135135,Disc,False
ORIGA-597,4335,1858,0.4286043829296424,2477,57.13956170703576,Disc,False
ORIGA-598,4868,1696,0.3483976992604766,3172,65.16023007395233,Disc,False
ORIGA-599,3900,2044,0.5241025641025641,1856,47.58974358974359,Disc,False
ORIGA-6,4736,1864,0.3935810810810811,2872,60.641891891891895,Disc,False
ORIGA-60,4022,1004,0.24962705121829937,3018,75.03729487817007,Disc,False
ORIGA-600,4170,2154,0.516546762589928,2016,48.34532374100719,Disc,False
ORIGA-601,4925,2288,0.4645685279187817,2637,53.54314720812183,Disc,False
ORIGA-602,4646,1360,0.29272492466637967,3286,70.72750753336203,Disc,False
ORIGA-603,5375,2599,0.48353488372093023,2776,51.646511627906975,Disc,False
ORIGA-604,4669,2535,0.5429428143071321,2134,45.70571856928679,Disc,False
ORIGA-605,4181,2301,0.5503468069839751,1880,44.965319301602484,Disc,False
ORIGA-606,4710,1401,0.29745222929936305,3309,70.2547770700637,Disc,False
ORIGA-607,3631,1668,0.4593775819333517,1963,54.06224180666484,Disc,False
ORIGA-608,4299,1739,0.4045126773668295,2560,59.54873226331705,Disc,False
ORIGA-609,6236,2345,0.37604233483001925,3891,62.39576651699807,Disc,False
ORIGA-61,4236,1416,0.3342776203966006,2820,66.57223796033995,Disc,False
ORIGA-610,6308,2875,0.4557704502219404,3433,54.42295497780596,Disc,False
ORIGA-611,3369,1228,0.3644998515880083,2141,63.550014841199165,Disc,False
ORIGA-612,2907,988,0.33986928104575165,1919,66.01307189542483,Disc,False
ORIGA-613,4499,3129,0.6954878861969327,1370,30.451211380306738,Disc,False
ORIGA-614,4066,2379,0.5850959173635022,1687,41.49040826364978,Disc,False
ORIGA-615,4260,1734,0.4070422535211268,2526,59.29577464788732,Disc,False
ORIGA-616,4385,662,0.15096921322690993,3723,84.90307867730901,Disc,False
ORIGA-617,4724,1635,0.3461049957662998,3089,65.38950042337002,Disc,False
ORIGA-618,3560,1617,0.4542134831460674,1943,54.578651685393254,Disc,False
ORIGA-619,3620,1427,0.3941988950276243,2193,60.58011049723757,Disc,False
ORIGA-62,4310,1010,0.23433874709976799,3300,76.5661252900232,Disc,False
ORIGA-620,5206,2291,0.4400691509796389,2915,55.99308490203612,Disc,False
ORIGA-621,5268,3687,0.6998861047835991,1581,30.01138952164009,Disc,False
ORIGA-622,5492,2201,0.4007647487254188,3291,59.92352512745812,Disc,False
ORIGA-623,5832,2006,0.3439643347050754,3826,65.60356652949245,Disc,False
ORIGA-624,5971,2851,0.47747445988946574,3120,52.25255401105342,Disc,False
ORIGA-625,6023,2593,0.4305163539764237,3430,56.94836460235763,Disc,False
ORIGA-626,6182,2067,0.3343578130054998,4115,66.56421869945002,Disc,False
ORIGA-627,4221,1202,0.28476664297559817,3019,71.52333570244018,Disc,False
ORIGA-628,4926,1925,0.39078359723913925,3001,60.92164027608607,Disc,False
ORIGA-629,4897,1808,0.36920563610373697,3089,63.079436389626295,Disc,False
ORIGA-63,3467,1022,0.29477934813960194,2445,70.52206518603981,Disc,False
ORIGA-630,5065,1647,0.32517275419545905,3418,67.4827245804541,Disc,False
ORIGA-631,5473,1915,0.34989950666910286,3558,65.01004933308971,Disc,False
ORIGA-632,5476,2108,0.38495252008765524,3368,61.504747991234474,Disc,False
ORIGA-633,3521,901,0.2558932121556376,2620,74.41067878443623,Disc,False
ORIGA-634,4674,1216,0.2601626016260163,3458,73.98373983739837,Disc,False
ORIGA-635,4050,1530,0.37777777777777777,2520,62.22222222222222,Disc,False
ORIGA-636,4291,1517,0.35353064553717084,2774,64.64693544628291,Disc,False
ORIGA-637,5214,1631,0.3128116609129267,3583,68.71883390870732,Disc,False
ORIGA-638,4399,1365,0.3102977949533985,3034,68.97022050466015,Disc,False
ORIGA-639,4442,1154,0.259792886087348,3288,74.0207113912652,Disc,False
ORIGA-64,5657,1594,0.28177479229273467,4063,71.82252077072654,Disc,False
ORIGA-640,4472,1550,0.3466010733452594,2922,65.33989266547407,Disc,False
ORIGA-641,5712,1992,0.3487394957983193,3720,65.12605042016807,Disc,False
ORIGA-642,6121,2241,0.36611664760660023,3880,63.38833523933998,Disc,False
ORIGA-643,6042,2709,0.4483614697120159,3333,55.163853028798414,Disc,False
ORIGA-644,6300,2752,0.43682539682539684,3548,56.31746031746032,Disc,False
ORIGA-645,5974,2988,0.5001673920321392,2986,49.98326079678607,Disc,False
ORIGA-646,5885,2511,0.42667799490229397,3374,57.3322005097706,Disc,False
ORIGA-647,4544,2357,0.518705985915493,2187,48.129401408450704,Disc,False
ORIGA-648,4635,1431,0.3087378640776699,3204,69.12621359223301,Disc,False
ORIGA-649,4617,1546,0.33484946935239335,3071,66.51505306476066,Disc,False
ORIGA-65,4678,1404,0.30012825994014536,3274,69.98717400598547,Disc,False
ORIGA-650,4945,2224,0.44974721941354906,2721,55.0252780586451,Disc,False
ORIGA-66,5507,2271,0.41238423824223713,3236,58.761576175776284,Disc,False
ORIGA-67,5658,2476,0.43761046306115237,3182,56.23895369388477,Disc,False
ORIGA-68,5746,2955,0.5142707970762269,2791,48.57292029237731,Disc,False
ORIGA-69,6741,4248,0.630173564753004,2493,36.9826435246996,Disc,False
ORIGA-7,4586,1663,0.36262538159616226,2923,63.73746184038378,Disc,False
ORIGA-70,4447,2074,0.4663818304474927,2373,53.36181695525073,Disc,False
ORIGA-71,3726,1230,0.33011272141706927,2496,66.98872785829307,Disc,False
ORIGA-72,4282,1724,0.40261560018682857,2558,59.738439981317136,Disc,False
ORIGA-73,4354,1463,0.3360128617363344,2891,66.39871382636656,Disc,False
ORIGA-74,4413,1124,0.25470201676863813,3289,74.52979832313619,Disc,False
ORIGA-75,5876,3201,0.5447583390061266,2675,45.52416609938734,Disc,False
ORIGA-76,6438,4112,0.6387076731904318,2326,36.12923268095682,Disc,False
ORIGA-77,3420,806,0.23567251461988303,2614,76.4327485380117,Disc,False
ORIGA-78,3304,873,0.26422518159806296,2431,73.5774818401937,Disc,False
ORIGA-79,4302,1898,0.4411901441190144,2404,55.88098558809856,Disc,False
ORIGA-8,4774,1569,0.32865521575198997,3205,67.134478424801,Disc,False
ORIGA-80,4005,1602,0.4,2403,60.0,Disc,False
ORIGA-81,3821,1233,0.32269039518450665,2588,67.73096048154933,Disc,False
ORIGA-82,4518,1476,0.32669322709163345,3042,67.33067729083665,Disc,False
ORIGA-83,4157,1128,0.27134953091171515,3029,72.86504690882848,Disc,False
ORIGA-84,3937,1660,0.42164084328168655,2277,57.83591567183134,Disc,False
ORIGA-85,4123,1492,0.3618724229929663,2631,63.81275770070337,Disc,False
ORIGA-86,4630,1949,0.42095032397408205,2681,57.904967602591796,Disc,False
ORIGA-87,4204,1631,0.3879638439581351,2573,61.20361560418649,Disc,False
ORIGA-88,4001,972,0.24293926518370407,3029,75.70607348162959,Disc,False
ORIGA-89,3663,753,0.20556920556920558,2910,79.44307944307944,Disc,False
ORIGA-9,4102,1282,0.3125304729400293,2820,68.74695270599707,Disc,False
ORIGA-90,4807,1780,0.37029332223840233,3027,62.97066777615977,Disc,False
ORIGA-91,4245,1032,0.2431095406360424,3213,75.68904593639576,Disc,False
ORIGA-92,3956,901,0.22775530839231548,3055,77.22446916076845,Disc,False
ORIGA-93,4619,2786,0.6031608573284261,1833,39.68391426715739,Disc,False
ORIGA-94,4367,1539,0.3524158461186169,2828,64.75841538813832,Disc,False
ORIGA-95,5264,1441,0.2737462006079027,3823,72.62537993920972,Disc,False
ORIGA-96,4690,1214,0.25884861407249465,3476,74.11513859275053,Disc,False
ORIGA-97,5069,2199,0.43381337541921483,2870,56.61866245807852,Disc,False
ORIGA-98,4701,1677,0.3567326100829611,3024,64.32673899170389,Disc,False
ORIGA-99,4993,1629,0.32625675946324856,3364,67.37432405367515,Disc,False
PAPILA-1,9748,2609,0.267644645055396,7139,73.23553549446041,Disc,False
PAPILA-10,7842,4937,0.6295587860239735,2905,37.04412139760265,Disc,False
PAPILA-100,10114,1299,0.12843583152066443,8815,87.15641684793356,Disc,False
PAPILA-101,9064,1292,0.14254192409532215,7772,85.74580759046778,Disc,False
PAPILA-102,9318,813,0.08725048293625241,8505,91.27495170637476,Disc,False
PAPILA-103,8965,2375,0.2649191299498048,6590,73.50808700501952,Disc,False
PAPILA-104,10002,960,0.09598080383923216,9042,90.40191961607678,Disc,False
PAPILA-105,7162,186,0.025970399329796147,6976,97.40296006702039,Disc,False
PAPILA-106,10219,2251,0.22027595655152168,7968,77.97240434484783,Disc,False
PAPILA-107,11906,1650,0.1385855870989417,10256,86.14144129010583,Disc,False
PAPILA-108,9221,959,0.10400173516972129,8262,89.59982648302787,Disc,False
PAPILA-109,8689,1359,0.15640464955691102,7330,84.3595350443089,Disc,False
PAPILA-11,8805,3507,0.3982964224872232,5298,60.17035775127768,Disc,False
PAPILA-110,9805,219,0.022335543090260073,9586,97.766445690974,Disc,False
PAPILA-111,9962,2046,0.2053804456936358,7916,79.46195543063642,Disc,False
PAPILA-112,11226,466,0.04151077854979512,10760,95.84892214502048,Disc,False
PAPILA-113,6911,254,0.03675300245984662,6657,96.32469975401534,Disc,False
PAPILA-114,6800,1562,0.22970588235294118,5238,77.02941176470588,Disc,False
PAPILA-115,8174,991,0.12123807193540494,7183,87.87619280645951,Disc,False
PAPILA-116,8999,3293,0.3659295477275253,5706,63.40704522724747,Disc,False
PAPILA-117,8565,1868,0.21809690601284296,6697,78.19030939871571,Disc,False
PAPILA-118,7773,303,0.03898108838286376,7470,96.10189116171362,Disc,False
PAPILA-119,8264,1234,0.14932236205227492,7030,85.06776379477252,Disc,False
PAPILA-12,10633,4050,0.380889683062165,6583,61.9110316937835,Disc,False
PAPILA-120,9206,1793,0.19476428416250272,7413,80.52357158374973,Disc,False
PAPILA-121,11226,2076,0.18492784607161947,9150,81.50721539283805,Disc,False
PAPILA-122,10353,3267,0.31556070704143724,7086,68.44392929585628,Disc,False
PAPILA-123,9240,1599,0.17305194805194804,7641,82.6948051948052,Disc,False
PAPILA-124,14482,2330,0.16088937991990057,12152,83.91106200800994,Disc,False
PAPILA-125,10884,2399,0.22041528849687614,8485,77.95847115031238,Disc,False
PAPILA-126,7717,238,0.030841000388752107,7479,96.91589996112478,Disc,False
PAPILA-127,6837,735,0.1075032909170689,6102,89.24967090829311,Disc,False
PAPILA-128,6747,263,0.03898028753520083,6484,96.10197124647992,Disc,False
PAPILA-129,4366,515,0.1179569399908383,3851,88.20430600091616,Disc,False
PAPILA-13,7647,1969,0.25748659605073887,5678,74.25134039492612,Disc,False
PAPILA-130,7280,2235,0.3070054945054945,5045,69.29945054945054,Disc,False
PAPILA-131,7298,477,0.06536037270485065,6821,93.46396272951493,Disc,False
PAPILA-132,9614,1289,0.13407530684418556,8325,86.59246931558144,Disc,False
PAPILA-133,6982,683,0.09782297336006875,6299,90.21770266399312,Disc,False
PAPILA-134,9162,823,0.08982754857018119,8339,91.01724514298188,Disc,False
PAPILA-135,7479,357,0.04773365423184918,7122,95.22663457681509,Disc,False
PAPILA-136,8584,1626,0.18942218080149115,6958,81.0577819198509,Disc,False
PAPILA-137,10166,3384,0.3328742868384812,6782,66.71257131615188,Disc,False
PAPILA-138,6745,932,0.13817642698295032,5813,86.18235730170497,Disc,False
PAPILA-139,7015,270,0.03848895224518888,6745,96.15110477548112,Disc,False
PAPILA-14,10476,940,0.08972890416189386,9536,91.02710958381061,Disc,False
PAPILA-140,8536,155,0.01815838800374883,8381,98.18416119962512,Disc,False
PAPILA-141,8662,1957,0.22592934657123065,6705,77.40706534287693,Disc,False
PAPILA-142,7938,2029,0.25560594608213655,5909,74.43940539178634,Disc,False
PAPILA-143,8350,1086,0.13005988023952095,7264,86.9940119760479,Disc,False
PAPILA-144,10021,1334,0.13312044706117154,8687,86.68795529388285,Disc,False
PAPILA-145,12008,1697,0.14132245169886742,10311,85.86775483011326,Disc,False
PAPILA-146,7067,1393,0.19711334371020234,5674,80.28866562897976,Disc,False
PAPILA-147,8440,608,0.07203791469194312,7832,92.79620853080569,Disc,False
PAPILA-148,8973,2246,0.2503064749804971,6727,74.9693525019503,Disc,False
PAPILA-149,9033,2187,0.24211225506476253,6846,75.78877449352375,Disc,False
PAPILA-15,8322,2969,0.3567652006729152,5353,64.32347993270848,Disc,False
PAPILA-150,9049,1749,0.19328102552768262,7300,80.67189744723173,Disc,False
PAPILA-151,6302,180,0.02856236115518883,6122,97.14376388448112,Disc,False
PAPILA-152,8066,1200,0.14877262583684603,6866,85.1227374163154,Disc,False
PAPILA-153,8268,877,0.10607160135462022,7391,89.39283986453798,Disc,False
PAPILA-154,8251,1318,0.15973821354987275,6933,84.02617864501273,Disc,False
PAPILA-155,9650,2587,0.2680829015544041,7063,73.19170984455958,Disc,False
PAPILA-156,8079,831,0.10285926476049016,7248,89.71407352395099,Disc,False
PAPILA-157,9163,729,0.07955909636581905,8434,92.04409036341809,Disc,False
PAPILA-158,10543,1241,0.11770843213506592,9302,88.2291567864934,Disc,False
PAPILA-159,7614,274,0.03598634095087996,7340,96.40136590491201,Disc,False
PAPILA-16,7962,3096,0.3888470233609646,4866,61.11529766390355,Disc,False
PAPILA-160,9112,2141,0.23496488147497804,6971,76.50351185250219,Disc,False
PAPILA-161,12130,739,0.06092333058532564,11391,93.90766694146744,Disc,False
PAPILA-162,8679,533,0.06141260513884088,8146,93.85873948611592,Disc,False
PAPILA-163,9426,1242,0.13176320814767664,8184,86.82367918523234,Disc,False
PAPILA-164,10170,3650,0.35889872173058013,6520,64.11012782694199,Disc,False
PAPILA-165,7775,239,0.030739549839228296,7536,96.92604501607717,Disc,False
PAPILA-166,8530,1721,0.20175849941383353,6809,79.82415005861665,Disc,False
PAPILA-167,7730,528,0.06830530401034929,7202,93.16946959896507,Disc,False
PAPILA-168,7985,1159,0.1451471509079524,6826,85.48528490920476,Disc,False
PAPILA-169,6492,1694,0.2609365372766482,4798,73.90634627233517,Disc,False
PAPILA-17,9530,6414,0.6730325288562434,3116,32.696747114375654,Disc,False
PAPILA-170,8104,1162,0.14338598223099705,6942,85.66140177690029,Disc,False
PAPILA-171,5751,776,0.13493305512084855,4975,86.50669448791515,Disc,False
PAPILA-172,9644,3204,0.33222729158025716,6440,66.77727084197429,Disc,False
PAPILA-173,7817,1755,0.22451068184725598,6062,77.5489318152744,Disc,False
PAPILA-174,7849,671,0.08548859727353803,7178,91.45114027264619,Disc,False
PAPILA-175,9213,657,0.07131227613155323,8556,92.86877238684468,Disc,False
PAPILA-176,9651,1273,0.1319034296964045,8378,86.80965703035955,Disc,False
PAPILA-177,9017,706,0.0782965509592991,8311,92.17034490407009,Disc,False
PAPILA-178,10273,1725,0.1679158960381583,8548,83.20841039618418,Disc,False
PAPILA-179,8047,1338,0.16627314527152975,6709,83.37268547284702,Disc,False
PAPILA-18,7699,993,0.12897778932328874,6706,87.10222106767112,Disc,False
PAPILA-180,11216,1163,0.10369115549215406,10053,89.63088445078459,Disc,False
PAPILA-181,9626,1129,0.1172865156866819,8497,88.2713484313318,Disc,False
PAPILA-182,7949,1484,0.18669014970436532,6465,81.33098502956346,Disc,False
PAPILA-183,6193,1955,0.3156789924107864,4238,68.43210075892137,Disc,False
PAPILA-184,8571,1498,0.1747754054369385,7073,82.52245945630615,Disc,False
PAPILA-185,4838,246,0.05084745762711865,4592,94.91525423728814,Disc,False
PAPILA-186,8130,280,0.03444034440344403,7850,96.5559655596556,Disc,False
PAPILA-187,12127,202,0.016657046260410653,11925,98.33429537395894,Disc,False
PAPILA-188,8822,1760,0.19950124688279303,7062,80.0498753117207,Disc,False
PAPILA-189,8831,2157,0.24425319895821537,6674,75.57468010417846,Disc,False
PAPILA-19,8544,1055,0.12347846441947566,7489,87.65215355805243,Disc,False
PAPILA-190,7948,389,0.04894313034725717,7559,95.10568696527429,Disc,False
PAPILA-191,5592,168,0.030042918454935622,5424,96.99570815450643,Disc,False
PAPILA-192,7982,1452,0.18190929591581056,6530,81.80907040841893,Disc,False
PAPILA-193,7951,803,0.100993585712489,7148,89.9006414287511,Disc,False
PAPILA-194,7694,1498,0.19469716662334285,6196,80.53028333766571,Disc,False
PAPILA-195,7308,520,0.07115489874110564,6788,92.88451012588943,Disc,False
PAPILA-196,8288,1331,0.16059362934362933,6957,83.94063706563706,Disc,False
PAPILA-197,6431,273,0.042450629762089874,6158,95.75493702379102,Disc,False
PAPILA-198,8064,383,0.04749503968253968,7681,95.25049603174604,Disc,False
PAPILA-199,8964,2052,0.2289156626506024,6912,77.10843373493977,Disc,False
PAPILA-2,7512,3407,0.4535410010649627,4105,54.645899893503724,Disc,False
PAPILA-20,9904,2390,0.24131663974151857,7514,75.86833602584814,Disc,False
PAPILA-200,8058,591,0.07334326135517498,7467,92.6656738644825,Disc,False
PAPILA-201,5733,567,0.0989010989010989,5166,90.10989010989012,Disc,False
PAPILA-202,5599,2998,0.5354527594213252,2601,46.45472405786747,Disc,False
PAPILA-203,7756,925,0.11926250644662197,6831,88.07374935533781,Disc,False
PAPILA-204,9174,2051,0.223566601264443,7123,77.6433398735557,Disc,False
PAPILA-205,9064,1827,0.2015666372462489,7237,79.84333627537511,Disc,False
PAPILA-206,7158,641,0.08955015367421067,6517,91.04498463257893,Disc,False
PAPILA-207,7209,1535,0.2129282840893328,5674,78.70717159106673,Disc,False
PAPILA-208,9262,299,0.03228244439645865,8963,96.77175556035414,Disc,False
PAPILA-209,9212,1452,0.15762049500651323,7760,84.23795049934868,Disc,False
PAPILA-21,8301,1186,0.1428743524876521,7115,85.7125647512348,Disc,False
PAPILA-210,8688,1470,0.1691988950276243,7218,83.08011049723757,Disc,False
PAPILA-211,7654,1025,0.13391690619284036,6629,86.60830938071597,Disc,False
PAPILA-212,8397,1044,0.12433011789924973,7353,87.56698821007502,Disc,False
PAPILA-213,8512,1901,0.22333176691729323,6611,77.66682330827066,Disc,False
PAPILA-214,7314,207,0.02830188679245283,7107,97.16981132075472,Disc,False
PAPILA-215,7268,355,0.0488442487616951,6913,95.11557512383048,Disc,False
PAPILA-216,7407,291,0.03928716079384366,7116,96.07128392061564,Disc,False
PAPILA-217,8944,761,0.08508497316636851,8183,91.49150268336315,Disc,False
PAPILA-218,8699,4992,0.5738590642602598,3707,42.614093573974024,Disc,False
PAPILA-219,4695,409,0.0871139510117146,4286,91.28860489882854,Disc,False
PAPILA-22,10619,1396,0.13146247292588756,9223,86.85375270741125,Disc,False
PAPILA-220,8026,830,0.10341390480936954,7196,89.65860951906305,Disc,False
PAPILA-221,7311,151,0.020653809328409246,7160,97.93461906715908,Disc,False
PAPILA-222,9338,2339,0.25048190190618974,6999,74.95180980938102,Disc,False
PAPILA-223,12503,782,0.06254498920259138,11721,93.74550107974086,Disc,False
PAPILA-224,9516,341,0.03583438419503993,9175,96.41656158049601,Disc,False
PAPILA-225,10376,776,0.07478797224363917,9600,92.52120277563608,Disc,False
PAPILA-226,8914,209,0.023446264303343057,8705,97.6553735696657,Disc,False
PAPILA-227,11388,4853,0.4261503336845803,6535,57.38496663154198,Disc,False
PAPILA-228,9904,909,0.09178109854604201,8995,90.8218901453958,Disc,False
PAPILA-229,10505,2347,0.22341742027605901,8158,77.6582579723941,Disc,False
PAPILA-23,6723,444,0.06604194556001784,6279,93.39580544399821,Disc,False
PAPILA-230,5968,470,0.07875335120643431,5498,92.12466487935657,Disc,False
PAPILA-231,8585,177,0.02061735585323238,8408,97.93826441467675,Disc,False
PAPILA-232,7104,1000,0.14076576576576577,6104,85.92342342342343,Disc,False
PAPILA-233,9221,168,0.018219282073527816,9053,98.17807179264722,Disc,False
PAPILA-234,5845,507,0.08674080410607357,5338,91.32591958939264,Disc,False
PAPILA-235,7564,1226,0.16208355367530408,6338,83.7916446324696,Disc,False
PAPILA-236,7267,385,0.052979221136645105,6882,94.70207788633549,Disc,False
PAPILA-237,7819,726,0.0928507481775163,7093,90.71492518224838,Disc,False
PAPILA-238,9019,746,0.08271426987470895,8273,91.7285730125291,Disc,False
PAPILA-239,6943,917,0.1320754716981132,6026,86.79245283018868,Disc,False
PAPILA-24,7191,577,0.08023918787373105,6614,91.9760812126269,Disc,False
PAPILA-240,9064,781,0.08616504854368932,8283,91.38349514563106,Disc,False
PAPILA-241,10790,1446,0.1340129749768304,9344,86.59870250231695,Disc,False
PAPILA-242,6784,165,0.02432193396226415,6619,97.56780660377359,Disc,False
PAPILA-243,7358,1686,0.22913835281326447,5672,77.08616471867356,Disc,False
PAPILA-244,8744,3906,0.44670631290027446,4838,55.32936870997255,Disc,False
PAPILA-245,9545,2474,0.25919329491880566,7071,74.08067050811944,Disc,False
PAPILA-246,7094,3395,0.4785734423456442,3699,52.14265576543558,Disc,False
PAPILA-247,8638,3207,0.37126649687427643,5431,62.87335031257235,Disc,False
PAPILA-248,11342,3055,0.26935284782225355,8287,73.06471521777465,Disc,False
PAPILA-249,6115,683,0.11169255928045789,5432,88.83074407195421,Disc,False
PAPILA-25,5374,324,0.060290286564942314,5050,93.97097134350577,Disc,False
PAPILA-250,8095,2906,0.3589870290302656,5189,64.10129709697344,Disc,False
PAPILA-251,10022,2416,0.2410696467770904,7606,75.89303532229096,Disc,False
PAPILA-252,10780,6769,0.6279220779220779,4011,37.20779220779221,Disc,False
PAPILA-253,8979,1864,0.20759550061254037,7115,79.24044993874595,Disc,False
PAPILA-254,7202,3447,0.4786170508192169,3755,52.13829491807831,Disc,False
PAPILA-255,9985,5744,0.5752628943415122,4241,42.47371056584877,Disc,False
PAPILA-256,10769,3738,0.34710743801652894,7031,65.28925619834712,Disc,False
PAPILA-257,7201,2151,0.2987085127065685,5050,70.12914872934314,Disc,False
PAPILA-258,8260,2040,0.2469733656174334,6220,75.30266343825666,Disc,False
PAPILA-259,9225,3103,0.33636856368563683,6122,66.36314363143632,Disc,False
PAPILA-26,7752,913,0.11777605779153767,6839,88.22239422084624,Disc,False
PAPILA-260,8137,2133,0.2621359223300971,6004,73.7864077669903,Disc,False
PAPILA-261,8609,4808,0.5584853060750378,3801,44.151469392496224,Disc,False
PAPILA-262,7330,772,0.1053206002728513,6558,89.46793997271487,Disc,False
PAPILA-263,8910,4772,0.5355780022446689,4138,46.44219977553311,Disc,False
PAPILA-264,8459,2172,0.2567679394727509,6287,74.32320605272491,Disc,False
PAPILA-265,7870,1035,0.1315120711562897,6835,86.84879288437102,Disc,False
PAPILA-266,11264,1600,0.14204545454545456,9664,85.79545454545455,Disc,False
PAPILA-267,6406,455,0.07102716203559163,5951,92.89728379644083,Disc,False
PAPILA-268,7301,971,0.1329954800712231,6330,86.70045199287769,Disc,False
PAPILA-269,5109,215,0.04208259933450773,4894,95.79174006654922,Disc,False
PAPILA-27,7430,1343,0.18075370121130552,6087,81.92462987886945,Disc,False
PAPILA-270,8032,556,0.06922310756972111,7476,93.07768924302789,Disc,False
PAPILA-271,7591,1567,0.20642866552496378,6024,79.35713344750363,Disc,False
PAPILA-272,8155,654,0.08019619865113427,7501,91.98038013488657,Disc,False
PAPILA-273,8945,611,0.06830631637786473,8334,93.16936836221352,Disc,False
PAPILA-274,8769,1663,0.18964534154407572,7106,81.03546584559243,Disc,False
PAPILA-275,7611,463,0.060833004861384835,7148,93.91669951386152,Disc,False
PAPILA-276,8291,681,0.08213725726691594,7610,91.78627427330841,Disc,False
PAPILA-277,6466,337,0.05211877513145685,6129,94.78812248685432,Disc,False
PAPILA-278,9756,1473,0.1509840098400984,8283,84.90159901599016,Disc,False
PAPILA-279,7009,885,0.12626622913397062,6124,87.37337708660294,Disc,False
PAPILA-28,7942,871,0.10967010828506674,7071,89.03298917149333,Disc,False
PAPILA-280,10992,2212,0.2012372634643377,8780,79.87627365356623,Disc,False
PAPILA-281,7178,1331,0.1854276957369741,5847,81.4572304263026,Disc,False
PAPILA-282,9050,240,0.026519337016574586,8810,97.34806629834254,Disc,False
PAPILA-283,9382,2669,0.2844809209123854,6713,71.55190790876146,Disc,False
PAPILA-284,9267,2911,0.3141253911729794,6356,68.58746088270206,Disc,False
PAPILA-285,7898,1405,0.17789313750316535,6493,82.21068624968346,Disc,False
PAPILA-286,8142,2125,0.26099238516335055,6017,73.90076148366495,Disc,False
PAPILA-287,7846,1221,0.15562069844506754,6625,84.43793015549325,Disc,False
PAPILA-288,14146,5260,0.37183656157217587,8886,62.81634384278241,Disc,False
PAPILA-289,9263,652,0.07038756342437655,8611,92.96124365756235,Disc,False
PAPILA-29,8495,410,0.04826368452030606,8085,95.17363154796939,Disc,False
PAPILA-290,8978,925,0.10302962797950546,8053,89.69703720204946,Disc,False
PAPILA-291,8314,584,0.07024296367572769,7730,92.97570363242723,Disc,False
PAPILA-292,8570,809,0.09439906651108518,7761,90.56009334889148,Disc,False
PAPILA-293,8117,2869,0.35345571023777256,5248,64.65442897622275,Disc,False
PAPILA-294,8686,800,0.09210223347916187,7886,90.78977665208382,Disc,False
PAPILA-295,7797,794,0.10183403873284597,7003,89.8165961267154,Disc,False
PAPILA-296,9387,1175,0.12517311175029297,8212,87.4826888249707,Disc,False
PAPILA-297,7783,251,0.032249775150970064,7532,96.77502248490299,Disc,False
PAPILA-298,9129,1636,0.17920911381312302,7493,82.0790886186877,Disc,False
PAPILA-299,6295,432,0.06862589356632248,5863,93.13741064336776,Disc,False
PAPILA-3,8767,5553,0.6333979696589483,3214,36.660203034105166,Disc,False
PAPILA-30,7598,799,0.10515925243485127,6799,89.48407475651487,Disc,False
PAPILA-300,6689,2101,0.31409777246225146,4588,68.59022275377485,Disc,False
PAPILA-301,8823,191,0.021647965544599343,8632,97.83520344554006,Disc,False
PAPILA-302,9617,790,0.08214619943849433,8827,91.78538005615057,Disc,False
PAPILA-303,9660,3693,0.38229813664596274,5967,61.77018633540373,Disc,False
PAPILA-304,9632,1527,0.1585340531561462,8105,84.14659468438538,Disc,False
PAPILA-305,7535,1937,0.2570670205706702,5598,74.29329794293298,Disc,False
PAPILA-306,6104,258,0.042267365661861074,5846,95.7732634338139,Disc,False
PAPILA-307,6992,1548,0.221395881006865,5444,77.8604118993135,Disc,False
PAPILA-308,6858,278,0.0405365995917177,6580,95.94634004082823,Disc,False
PAPILA-309,8429,1012,0.12006169177838415,7417,87.99383082216158,Disc,False
PAPILA-31,8187,594,0.07255404910223526,7593,92.74459508977647,Disc,False
PAPILA-310,12118,3057,0.2522693513781152,9061,74.77306486218848,Disc,False
PAPILA-311,6852,1991,0.29057209573847054,4861,70.94279042615295,Disc,False
PAPILA-312,9376,3244,0.3459897610921502,6132,65.40102389078498,Disc,False
PAPILA-313,8087,2856,0.3531593916161741,5231,64.68406083838258,Disc,False
PAPILA-314,8555,1822,0.2129748684979544,6733,78.70251315020455,Disc,False
PAPILA-315,9272,2370,0.2556082830025884,6902,74.43917169974115,Disc,False
PAPILA-316,7433,1088,0.1463742768734024,6345,85.36257231265975,Disc,False
PAPILA-317,8617,233,0.027039572937217128,8384,97.29604270627829,Disc,False
PAPILA-318,8158,1199,0.14697229713164991,6959,85.302770286835,Disc,False
PAPILA-319,6444,959,0.14882060831781502,5485,85.1179391682185,Disc,False
PAPILA-32,9655,1641,0.169963749352667,8014,83.0036250647333,Disc,False
PAPILA-320,9641,1438,0.14915465200705322,8203,85.08453479929467,Disc,False
PAPILA-321,6285,888,0.1412887828162291,5397,85.87112171837708,Disc,False
PAPILA-322,7984,3524,0.44138276553106215,4460,55.861723446893784,Disc,False
PAPILA-323,9284,1547,0.1666307626023266,7737,83.33692373976734,Disc,False
PAPILA-324,7275,2103,0.2890721649484536,5172,71.09278350515464,Disc,False
PAPILA-325,8349,2221,0.2660198826206731,6128,73.39801173793269,Disc,False
PAPILA-326,8354,2686,0.321522623892746,5668,67.8477376107254,Disc,False
PAPILA-327,7270,958,0.13177441540577717,6312,86.82255845942228,Disc,False
PAPILA-328,8058,1847,0.2292132042690494,6211,77.07867957309506,Disc,False
PAPILA-329,8360,314,0.03755980861244019,8046,96.24401913875597,Disc,False
PAPILA-33,6715,336,0.05003723008190618,6379,94.99627699180938,Disc,False
PAPILA-330,7463,938,0.12568672115771137,6525,87.43132788422886,Disc,False
PAPILA-331,7552,1460,0.1933262711864407,6092,80.66737288135593,Disc,False
PAPILA-332,7680,1035,0.134765625,6645,86.5234375,Disc,False
PAPILA-333,8867,1015,0.11446938085034397,7852,88.5530619149656,Disc,False
PAPILA-334,8097,284,0.03507471903174015,7813,96.49252809682598,Disc,False
PAPILA-335,5812,1466,0.2522367515485203,4346,74.77632484514797,Disc,False
PAPILA-336,5501,872,0.15851663333939284,4629,84.14833666606071,Disc,False
PAPILA-337,7365,1062,0.14419551934826885,6303,85.58044806517312,Disc,False
PAPILA-338,9364,2642,0.28214438274241777,6722,71.78556172575821,Disc,False
PAPILA-339,7242,1640,0.2264567798950566,5602,77.35432201049434,Disc,False
PAPILA-34,8260,757,0.09164648910411623,7503,90.83535108958839,Disc,False
PAPILA-340,6154,122,0.019824504387390314,6032,98.01754956126096,Disc,False
PAPILA-341,7029,328,0.04666382131170863,6701,95.33361786882914,Disc,False
PAPILA-342,7973,490,0.061457418788410885,7483,93.8542581211589,Disc,False
PAPILA-343,8659,2444,0.2822496824113639,6215,71.7750317588636,Disc,False
PAPILA-344,8609,388,0.04506911371820188,8221,95.4930886281798,Disc,False
PAPILA-345,8879,1533,0.17265457821826782,7346,82.73454217817321,Disc,False
PAPILA-346,9135,933,0.10213464696223316,8202,89.78653530377669,Disc,False
PAPILA-347,8101,2129,0.26280706085668437,5972,73.71929391433156,Disc,False
PAPILA-348,8849,1175,0.13278336535201718,7674,86.72166346479828,Disc,False
PAPILA-349,7808,226,0.028944672131147542,7582,97.10553278688525,Disc,False
PAPILA-35,7200,1537,0.21347222222222223,5663,78.65277777777779,Disc,False
PAPILA-350,9299,1009,0.10850629099903215,8290,89.14937090009678,Disc,False
PAPILA-351,10744,1022,0.09512285927029039,9722,90.48771407297096,Disc,False
PAPILA-352,9596,2172,0.22634431012922052,7424,77.36556898707795,Disc,False
PAPILA-353,8037,1434,0.1784247853676745,6603,82.15752146323256,Disc,False
PAPILA-354,10237,1212,0.11839406075998828,9025,88.16059392400118,Disc,False
PAPILA-355,10275,1973,0.19201946472019465,8302,80.79805352798054,Disc,False
PAPILA-356,10614,1924,0.18127002072734125,8690,81.87299792726589,Disc,False
PAPILA-357,4255,174,0.0408930669800235,4081,95.91069330199765,Disc,False
PAPILA-358,7265,2020,0.2780454232622161,5245,72.19545767377838,Disc,False
PAPILA-359,8360,771,0.09222488038277513,7589,90.7775119617225,Disc,False
PAPILA-36,10024,6551,0.6535315243415802,3473,34.64684756584198,Disc,False
PAPILA-360,8507,2515,0.2956388856236041,5992,70.4361114376396,Disc,False
PAPILA-361,8361,2157,0.25798349479727306,6204,74.2016505202727,Disc,False
PAPILA-362,7340,915,0.12465940054495912,6425,87.53405994550408,Disc,False
PAPILA-363,9864,262,0.026561232765612328,9602,97.34387672343877,Disc,False
PAPILA-364,8232,1696,0.20602526724975703,6536,79.3974732750243,Disc,False
PAPILA-365,10949,2494,0.22778335921088683,8455,77.22166407891132,Disc,False
PAPILA-366,10266,3407,0.33187219949347363,6859,66.81278005065265,Disc,False
PAPILA-367,7567,1029,0.13598519888991675,6538,86.40148011100833,Disc,False
PAPILA-368,11252,2155,0.19152150728759332,9097,80.84784927124066,Disc,False
PAPILA-369,10187,2500,0.2454108177088446,7687,75.45891822911554,Disc,False
PAPILA-37,6602,550,0.08330808845804302,6052,91.6691911541957,Disc,False
PAPILA-370,8090,147,0.018170580964153277,7943,98.18294190358468,Disc,False
PAPILA-371,6281,797,0.1268906225123388,5484,87.31093774876612,Disc,False
PAPILA-372,5906,147,0.024889942431425668,5759,97.51100575685744,Disc,False
PAPILA-373,5234,512,0.09782193351165457,4722,90.21780664883454,Disc,False
PAPILA-374,7782,1560,0.2004626060138782,6222,79.95373939861217,Disc,False
PAPILA-375,7019,572,0.08149309018378686,6447,91.85069098162131,Disc,False
PAPILA-376,9377,1646,0.17553588567772208,7731,82.44641143222779,Disc,False
PAPILA-377,5503,565,0.10267127021624568,4938,89.73287297837544,Disc,False
PAPILA-378,9512,246,0.02586206896551724,9266,97.41379310344827,Disc,False
PAPILA-379,7760,166,0.021391752577319588,7594,97.86082474226804,Disc,False
PAPILA-38,8154,246,0.03016924208977189,7908,96.98307579102281,Disc,False
PAPILA-380,9269,2643,0.2851440284820369,6626,71.48559715179631,Disc,False
PAPILA-381,11208,4648,0.4147037830121342,6560,58.529621698786585,Disc,False
PAPILA-382,6886,854,0.12401975021783329,6032,87.59802497821667,Disc,False
PAPILA-383,7016,374,0.05330672748004561,6642,94.66932725199544,Disc,False
PAPILA-384,9617,1300,0.13517729021524383,8317,86.48227097847561,Disc,False
PAPILA-385,8804,1817,0.20638346206269878,6987,79.36165379373013,Disc,False
PAPILA-386,7415,1294,0.17451112609575187,6121,82.54888739042482,Disc,False
PAPILA-387,8421,429,0.050944068400427506,7992,94.90559315995725,Disc,False
PAPILA-388,8446,1652,0.1955955481884916,6794,80.44044518115085,Disc,False
PAPILA-389,12077,1524,0.12619027904280863,10553,87.38097209571913,Disc,False
PAPILA-39,10113,3129,0.309403737763275,6984,69.0596262236725,Disc,False
PAPILA-390,7605,1497,0.1968441814595661,6108,80.31558185404339,Disc,False
PAPILA-391,9025,251,0.02781163434903047,8774,97.21883656509695,Disc,False
PAPILA-392,8048,1412,0.1754473161033797,6636,82.45526838966202,Disc,False
PAPILA-393,8712,2142,0.24586776859504134,6570,75.41322314049587,Disc,False
PAPILA-394,9250,1204,0.13016216216216217,8046,86.98378378378379,Disc,False
PAPILA-395,7308,596,0.0815544608648057,6712,91.84455391351943,Disc,False
PAPILA-396,8484,542,0.06388495992456389,7942,93.61150400754362,Disc,False
PAPILA-397,7690,316,0.04109232769830949,7374,95.89076723016905,Disc,False
PAPILA-398,8644,2101,0.243058769088385,6543,75.6941230911615,Disc,False
PAPILA-399,9569,2367,0.24736127077019543,7202,75.26387292298045,Disc,False
PAPILA-4,9071,3071,0.33855142762650203,6000,66.1448572373498,Disc,False
PAPILA-40,8874,4098,0.46179851250845166,4776,53.82014874915484,Disc,False
PAPILA-400,7654,250,0.032662660047034234,7404,96.73373399529657,Disc,False
PAPILA-401,10299,1852,0.1798232838139625,8447,82.01767161860374,Disc,False
PAPILA-402,11944,1430,0.11972538513060951,10514,88.02746148693905,Disc,False
PAPILA-403,7655,588,0.0768125408229915,7067,92.31874591770085,Disc,False
PAPILA-404,8907,2836,0.31840125743797015,6071,68.159874256203,Disc,False
PAPILA-405,10103,816,0.08076808868652875,9287,91.92319113134712,Disc,False
PAPILA-406,9245,440,0.047593293672255274,8805,95.24067063277447,Disc,False
PAPILA-407,8971,1096,0.12217144131089065,7875,87.78285586891094,Disc,False
PAPILA-408,11032,1971,0.1786620739666425,9061,82.13379260333575,Disc,False
PAPILA-409,8260,515,0.06234866828087167,7745,93.76513317191282,Disc,False
PAPILA-41,11107,4454,0.40100837309804627,6653,59.899162690195375,Disc,False
PAPILA-410,8538,2059,0.2411571796673694,6479,75.88428203326306,Disc,False
PAPILA-411,7695,679,0.08823911630929175,7016,91.17608836907083,Disc,False
PAPILA-412,8062,1150,0.1426445050855867,6912,85.73554949144133,Disc,False
PAPILA-413,7185,1439,0.20027835768963118,5746,79.97216423103688,Disc,False
PAPILA-414,8071,1310,0.1623095031594598,6761,83.76904968405402,Disc,False
PAPILA-415,6899,1383,0.20046383533845485,5516,79.95361646615451,Disc,False
PAPILA-416,10119,2734,0.27018480086965113,7385,72.98151991303489,Disc,False
PAPILA-417,7892,1472,0.1865179929042068,6420,81.34820070957932,Disc,False
PAPILA-418,8154,212,0.025999509443218053,7942,97.4000490556782,Disc,False
PAPILA-419,8294,619,0.0746322642874367,7675,92.53677357125632,Disc,False
PAPILA-42,9078,6110,0.6730557391495924,2968,32.69442608504075,Disc,False
PAPILA-420,9310,282,0.03029001074113856,9028,96.97099892588614,Disc,False
PAPILA-421,7028,1465,0.20845190665907798,5563,79.1548093340922,Disc,False
PAPILA-422,9868,1153,0.11684231860559384,8715,88.31576813944062,Disc,False
PAPILA-423,8229,1353,0.16441851986875683,6876,83.55814801312431,Disc,False
PAPILA-424,10999,1325,0.12046549686335122,9674,87.95345031366489,Disc,False
PAPILA-425,9208,1093,0.11870112945264986,8115,88.12988705473501,Disc,False
PAPILA-426,7909,1349,0.17056517891010242,6560,82.94348210898977,Disc,False
PAPILA-427,5865,1610,0.27450980392156865,4255,72.54901960784314,Disc,False
PAPILA-428,8417,1558,0.18510158013544017,6859,81.48984198645599,Disc,False
PAPILA-429,5487,436,0.07946054310187717,5051,92.0539456898123,Disc,False
PAPILA-43,8143,1189,0.14601498219329487,6954,85.39850178067051,Disc,False
PAPILA-430,9511,1791,0.18830827462937652,7720,81.16917253706235,Disc,False
PAPILA-431,9492,1889,0.19900969237252422,7603,80.09903076274757,Disc,False
PAPILA-432,9423,1515,0.16077682266794013,7908,83.92231773320599,Disc,False
PAPILA-433,9906,1887,0.19049061175045426,8019,80.95093882495458,Disc,False
PAPILA-434,8379,505,0.06026972192385726,7874,93.97302780761427,Disc,False
PAPILA-435,5313,352,0.06625258799171843,4961,93.37474120082815,Disc,False
PAPILA-436,7415,1715,0.23128792987188132,5700,76.87120701281187,Disc,False
PAPILA-437,8244,1172,0.14216399805919458,7072,85.78360019408055,Disc,False
PAPILA-438,7318,883,0.12066138289150041,6435,87.93386171084995,Disc,False
PAPILA-439,6876,584,0.08493310063990692,6292,91.50668993600931,Disc,False
PAPILA-44,13535,4238,0.3131141485038788,9297,68.68858514961211,Disc,False
PAPILA-440,7444,1867,0.25080601826974747,5577,74.91939817302526,Disc,False
PAPILA-441,6341,114,0.01797823687115597,6227,98.2021763128844,Disc,False
PAPILA-442,8820,375,0.04251700680272109,8445,95.74829931972789,Disc,False
PAPILA-443,7940,1748,0.22015113350125945,6192,77.98488664987406,Disc,False
PAPILA-444,7758,254,0.03274039700953854,7504,96.72596029904614,Disc,False
PAPILA-445,6163,607,0.09849099464546487,5556,90.15090053545352,Disc,False
PAPILA-446,5515,3023,0.5481414324569356,2492,45.185856754306435,Disc,False
PAPILA-447,8560,1267,0.14801401869158878,7293,85.19859813084112,Disc,False
PAPILA-448,9890,2022,0.2044489383215369,7868,79.55510616784632,Disc,False
PAPILA-449,8672,2515,0.2900138376383764,6157,70.99861623616236,Disc,False
PAPILA-45,7626,1505,0.1973511670600577,6121,80.26488329399423,Disc,False
PAPILA-450,6522,324,0.04967801287948482,6198,95.03219871205152,Disc,False
PAPILA-451,7990,1319,0.16508135168961202,6671,83.4918648310388,Disc,False
PAPILA-452,9045,1120,0.1238253178551686,7925,87.61746821448314,Disc,False
PAPILA-453,8853,555,0.0626906133514063,8298,93.73093866485937,Disc,False
PAPILA-454,8100,1645,0.20308641975308642,6455,79.69135802469137,Disc,False
PAPILA-455,8202,853,0.10399902462813948,7349,89.60009753718606,Disc,False
PAPILA-456,7454,328,0.044003219747786426,7126,95.59967802522135,Disc,False
PAPILA-457,8485,1586,0.1869180907483795,6899,81.30819092516205,Disc,False
PAPILA-458,8023,1076,0.1341144210395114,6947,86.58855789604885,Disc,False
PAPILA-459,5876,529,0.09002722940776038,5347,90.99727705922396,Disc,False
PAPILA-46,9136,2386,0.2611646234676007,6750,73.88353765323993,Disc,False
PAPILA-460,7666,372,0.04852595877902426,7294,95.14740412209758,Disc,False
PAPILA-461,7365,824,0.1118805159538357,6541,88.81194840461643,Disc,False
PAPILA-462,8936,1587,0.17759623992837958,7349,82.24037600716204,Disc,False
PAPILA-463,5114,751,0.1468517794290184,4363,85.31482205709816,Disc,False
PAPILA-464,7391,1011,0.13678798538763362,6380,86.32120146123664,Disc,False
PAPILA-465,6975,192,0.027526881720430108,6783,97.24731182795698,Disc,False
PAPILA-466,8516,932,0.10944105213715359,7584,89.05589478628464,Disc,False
PAPILA-467,12137,989,0.08148636401087583,11148,91.85136359891241,Disc,False
PAPILA-468,9568,160,0.016722408026755852,9408,98.32775919732441,Disc,False
PAPILA-469,9961,329,0.03302881236823612,9632,96.69711876317639,Disc,False
PAPILA-47,7753,913,0.1177608667612537,6840,88.22391332387463,Disc,False
PAPILA-470,9640,212,0.02199170124481328,9428,97.80082987551867,Disc,False
PAPILA-471,10920,4117,0.377014652014652,6803,62.2985347985348,Disc,False
PAPILA-472,9878,1016,0.10285482891273537,8862,89.71451710872647,Disc,False
PAPILA-473,8883,1216,0.13689069008217944,7667,86.31093099178206,Disc,False
PAPILA-474,5299,390,0.0735987922249481,4909,92.64012077750519,Disc,False
PAPILA-475,9545,754,0.0789942378208486,8791,92.10057621791515,Disc,False
PAPILA-476,7519,807,0.1073281021412422,6712,89.26718978587577,Disc,False
PAPILA-477,9674,195,0.020157122183171387,9479,97.98428778168287,Disc,False
PAPILA-478,6110,319,0.05220949263502455,5791,94.77905073649755,Disc,False
PAPILA-479,7163,1186,0.16557308390339243,5977,83.44269160966076,Disc,False
PAPILA-48,8181,3913,0.47830338589414495,4268,52.1696614105855,Disc,False
PAPILA-480,7268,584,0.08035222894881673,6684,91.96477710511832,Disc,False
PAPILA-481,7235,202,0.02791983413959917,7033,97.20801658604007,Disc,False
PAPILA-482,8034,592,0.07368683096838437,7442,92.63131690316156,Disc,False
PAPILA-483,6994,1242,0.1775807835287389,5752,82.2419216471261,Disc,False
PAPILA-484,9958,1305,0.1310504117292629,8653,86.89495882707371,Disc,False
PAPILA-485,10367,1332,0.12848461464261599,9035,87.15153853573841,Disc,False
PAPILA-486,6544,651,0.09948044009779951,5893,90.05195599022005,Disc,False
PAPILA-487,7549,1651,0.21870446416743938,5898,78.12955358325607,Disc,False
PAPILA-488,8205,3894,0.47458866544789763,4311,52.54113345521024,Disc,False
PAPILA-49,9994,4848,0.4850910546327797,5146,51.49089453672203,Disc,False
PAPILA-5,6477,578,0.08923884514435695,5899,91.0761154855643,Disc,False
PAPILA-50,9036,253,0.027999114652501107,8783,97.20008853474988,Disc,False
PAPILA-51,8650,1178,0.13618497109826588,7472,86.38150289017341,Disc,False
PAPILA-52,12783,3965,0.3101775795979035,8818,68.98224204020966,Disc,False
PAPILA-53,7220,358,0.04958448753462604,6862,95.0415512465374,Disc,False
PAPILA-54,8746,1059,0.12108392407957924,7687,87.89160759204208,Disc,False
PAPILA-55,7514,305,0.04059089699228108,7209,95.9409103007719,Disc,False
PAPILA-56,6546,2799,0.42758936755270394,3747,57.24106324472961,Disc,False
PAPILA-57,8988,1950,0.21695594125500667,7038,78.30440587449932,Disc,False
PAPILA-58,9888,1174,0.11872977346278317,8714,88.12702265372168,Disc,False
PAPILA-59,10371,4349,0.4193423970687494,6022,58.06576029312506,Disc,False
PAPILA-6,7760,2276,0.29329896907216496,5484,70.6701030927835,Disc,False
PAPILA-60,9334,1954,0.2093421898435826,7380,79.06578101564175,Disc,False
PAPILA-61,7791,2559,0.32845591066615326,5232,67.15440893338467,Disc,False
PAPILA-62,7041,617,0.08762959806845619,6424,91.23704019315439,Disc,False
PAPILA-63,8519,1650,0.19368470477755606,6869,80.63152952224439,Disc,False
PAPILA-64,7922,963,0.12156021206765968,6959,87.84397879323403,Disc,False
PAPILA-65,7857,701,0.0892198039964363,7156,91.07801960035637,Disc,False
PAPILA-66,12107,3327,0.2747997026513587,8780,72.52002973486414,Disc,False
PAPILA-67,6509,1949,0.2994315563066523,4560,70.05684436933477,Disc,False
PAPILA-68,9995,1962,0.19629814907453727,8033,80.37018509254628,Disc,False
PAPILA-69,9310,1997,0.21450053705692804,7313,78.54994629430719,Disc,False
PAPILA-7,10210,2436,0.2385896180215475,7774,76.14103819784525,Disc,False
PAPILA-70,8633,1521,0.1761844086644272,7112,82.38155913355727,Disc,False
PAPILA-71,10581,4334,0.4096021170021737,6247,59.03978829978263,Disc,False
PAPILA-72,7061,1423,0.2015295283954114,5638,79.84704716045886,Disc,False
PAPILA-73,8528,1092,0.12804878048780488,7436,87.1951219512195,Disc,False
PAPILA-74,8610,1745,0.20267131242741,6865,79.732868757259,Disc,False
PAPILA-75,5242,1397,0.2665013353681801,3845,73.349866463182,Disc,False
PAPILA-76,10534,1921,0.18236187583064364,8613,81.76381241693564,Disc,False
PAPILA-77,5796,699,0.12060041407867494,5097,87.93995859213251,Disc,False
PAPILA-78,7656,2834,0.37016718913270635,4822,62.983281086729356,Disc,False
PAPILA-79,14678,755,0.05143752554843984,13923,94.85624744515601,Disc,False
PAPILA-8,9273,5172,0.5577483015205436,4101,44.22516984794565,Disc,False
PAPILA-80,7758,1664,0.21448827017272493,6094,78.55117298272751,Disc,False
PAPILA-81,8319,2827,0.33982449813679527,5492,66.01755018632048,Disc,False
PAPILA-82,8746,2175,0.24868511319460324,6571,75.13148868053968,Disc,False
PAPILA-83,6901,1220,0.17678597304738444,5681,82.32140269526155,Disc,False
PAPILA-84,7560,2587,0.3421957671957672,4973,65.78042328042328,Disc,False
PAPILA-85,9086,265,0.029165749504732556,8821,97.08342504952674,Disc,False
PAPILA-86,6892,1526,0.22141613464886825,5366,77.85838653511318,Disc,False
PAPILA-87,9426,1838,0.19499257373223,7588,80.500742626777,Disc,False
PAPILA-88,5864,570,0.09720327421555253,5294,90.27967257844475,Disc,False
PAPILA-89,8918,440,0.04933841668535546,8478,95.06615833146445,Disc,False
PAPILA-9,8810,3071,0.3485811577752554,5739,65.14188422247446,Disc,False
PAPILA-90,8490,448,0.05276796230859835,8042,94.72320376914016,Disc,False
PAPILA-91,7087,1746,0.246366586708057,5341,75.3633413291943,Disc,False
PAPILA-92,6468,1007,0.1556895485466914,5461,84.43104514533087,Disc,False
PAPILA-93,8014,874,0.10905914649363614,7140,89.09408535063639,Disc,False
PAPILA-94,10494,2667,0.25414522584333904,7827,74.58547741566609,Disc,False
PAPILA-95,7652,874,0.11421850496602196,6778,88.57814950339781,Disc,False
PAPILA-96,6770,777,0.11477104874446085,5993,88.52289512555392,Disc,False
PAPILA-97,8106,246,0.030347890451517395,7860,96.96521095484826,Disc,False
PAPILA-98,8955,2109,0.2355108877721943,6846,76.44891122278057,Disc,False
PAPILA-99,9194,2189,0.23809005873395692,7005,76.19099412660431,Disc,False
REFUGE1-train-1,5305,2246,0.42337417530631477,3059,57.662582469368516,Disc,False
REFUGE1-train-10,4299,1934,0.44987206327052803,2365,55.012793672947204,Disc,False
REFUGE1-train-100,4125,966,0.23418181818181819,3159,76.58181818181818,Disc,False
REFUGE1-train-101,4808,942,0.1959234608985025,3866,80.40765391014975,Disc,False
REFUGE1-train-102,4941,926,0.187411455171018,4015,81.2588544828982,Disc,False
REFUGE1-train-103,4035,931,0.23073110285006196,3104,76.9268897149938,Disc,False
REFUGE1-train-104,4114,943,0.2292173067574137,3171,77.07826932425863,Disc,False
REFUGE1-train-105,4262,876,0.2055373064289066,3386,79.44626935710933,Disc,False
REFUGE1-train-106,4998,1314,0.26290516206482595,3684,73.7094837935174,Disc,False
REFUGE1-train-107,4530,1205,0.26600441501103755,3325,73.39955849889624,Disc,False
REFUGE1-train-108,4273,919,0.21507137842265386,3354,78.4928621577346,Disc,False
REFUGE1-train-109,4102,792,0.19307654802535348,3310,80.69234519746466,Disc,False
REFUGE1-train-11,4614,2168,0.46987429562201993,2446,53.012570437798004,Disc,False
REFUGE1-train-110,4267,857,0.2008436840871807,3410,79.91563159128194,Disc,False
REFUGE1-train-111,3934,662,0.1682765632943569,3272,83.1723436705643,Disc,False
REFUGE1-train-112,5308,1265,0.2383195177091183,4043,76.16804822908817,Disc,False
REFUGE1-train-113,6134,1409,0.229703293120313,4725,77.0296706879687,Disc,False
REFUGE1-train-114,3917,822,0.20985448046974725,3095,79.01455195302528,Disc,False
REFUGE1-train-115,3850,882,0.2290909090909091,2968,77.0909090909091,Disc,False
REFUGE1-train-116,5206,1347,0.258739915482136,3859,74.12600845178639,Disc,False
REFUGE1-train-117,5714,1052,0.184109205460273,4662,81.5890794539727,Disc,False
REFUGE1-train-118,3827,957,0.25006532532009407,2870,74.9934674679906,Disc,False
REFUGE1-train-119,4170,1139,0.27314148681055156,3031,72.68585131894486,Disc,False
REFUGE1-train-12,3568,1077,0.30184977578475336,2491,69.81502242152466,Disc,False
REFUGE1-train-120,4372,832,0.19030192131747484,3540,80.96980786825252,Disc,False
REFUGE1-train-121,4334,767,0.17697277341947393,3567,82.3027226580526,Disc,False
REFUGE1-train-122,3121,587,0.18808074335148992,2534,81.191925664851,Disc,False
REFUGE1-train-123,3102,655,0.21115409413281755,2447,78.88459058671825,Disc,False
REFUGE1-train-124,3514,738,0.21001707455890722,2776,78.99829254410928,Disc,False
REFUGE1-train-125,4444,912,0.20522052205220523,3532,79.47794779477948,Disc,False
REFUGE1-train-126,5015,1305,0.26021934197407776,3710,73.97806580259221,Disc,False
REFUGE1-train-127,4085,1273,0.3116279069767442,2812,68.83720930232559,Disc,False
REFUGE1-train-128,4077,869,0.2131469217561933,3208,78.68530782438067,Disc,False
REFUGE1-train-129,3878,842,0.21712222795255287,3036,78.28777720474471,Disc,False
REFUGE1-train-13,3570,1209,0.33865546218487397,2361,66.1344537815126,Disc,False
REFUGE1-train-130,3740,846,0.22620320855614973,2894,77.37967914438502,Disc,False
REFUGE1-train-131,4382,929,0.2120036513007759,3453,78.79963486992241,Disc,False
REFUGE1-train-132,4317,970,0.2246930738939078,3347,77.53069261060922,Disc,False
REFUGE1-train-133,4783,1155,0.24148024252561154,3628,75.85197574743884,Disc,False
REFUGE1-train-134,5227,1050,0.20088004591543906,4177,79.9119954084561,Disc,False
REFUGE1-train-135,5514,1231,0.2232499093217265,4283,77.67500906782735,Disc,False
REFUGE1-train-136,3382,704,0.20816085156712005,2678,79.183914843288,Disc,False
REFUGE1-train-137,2961,616,0.20803782505910165,2345,79.19621749408984,Disc,False
REFUGE1-train-138,3927,722,0.18385536032594857,3205,81.61446396740514,Disc,False
REFUGE1-train-139,4723,1136,0.2405250899851789,3587,75.9474910014821,Disc,False
REFUGE1-train-14,5279,3441,0.6518279977268422,1838,34.81720022731578,Disc,False
REFUGE1-train-140,4231,1011,0.2389506026943985,3220,76.10493973056015,Disc,False
REFUGE1-train-141,5400,1550,0.28703703703703703,3850,71.29629629629629,Disc,False
REFUGE1-train-142,5309,1716,0.3232247127519307,3593,67.67752872480693,Disc,False
REFUGE1-train-143,4957,1204,0.2428888440589066,3753,75.71111559410933,Disc,False
REFUGE1-train-144,4906,1402,0.2857725234406849,3504,71.42274765593152,Disc,False
REFUGE1-train-145,4387,991,0.2258946888534306,3396,77.41053111465695,Disc,False
REFUGE1-train-146,3613,761,0.2106282867423194,2852,78.93717132576806,Disc,False
REFUGE1-train-147,3767,781,0.20732678524024423,2986,79.26732147597558,Disc,False
REFUGE1-train-148,4816,294,0.061046511627906974,4522,93.8953488372093,Disc,False
REFUGE1-train-149,4374,712,0.1627800640146319,3662,83.7219935985368,Disc,False
REFUGE1-train-15,5906,1415,0.2395868608195056,4491,76.04131391804944,Disc,False
REFUGE1-train-150,3634,726,0.19977985690698954,2908,80.02201430930104,Disc,False
REFUGE1-train-151,4403,967,0.21962298432886668,3436,78.03770156711333,Disc,False
REFUGE1-train-152,4300,959,0.2230232558139535,3341,77.69767441860466,Disc,False
REFUGE1-train-153,3581,1188,0.3317509075677185,2393,66.82490924322815,Disc,False
REFUGE1-train-154,3546,1081,0.3048505358150028,2465,69.51494641849972,Disc,False
REFUGE1-train-155,3510,886,0.25242165242165243,2624,74.75783475783476,Disc,False
REFUGE1-train-156,3451,919,0.2662996232975949,2532,73.3700376702405,Disc,False
REFUGE1-train-157,3959,1064,0.26875473604445566,2895,73.12452639555444,Disc,False
REFUGE1-train-158,4048,905,0.22356719367588934,3143,77.64328063241108,Disc,False
REFUGE1-train-159,6155,1582,0.2570268074735987,4573,74.29731925264012,Disc,False
REFUGE1-train-16,3990,1909,0.47844611528822056,2081,52.15538847117794,Disc,False
REFUGE1-train-160,5879,1173,0.1995237285252594,4706,80.04762714747406,Disc,False
REFUGE1-train-161,4101,972,0.2370153621068032,3129,76.29846378931968,Disc,False
REFUGE1-train-162,3623,1030,0.2842947833287331,2593,71.57052166712668,Disc,False
REFUGE1-train-163,4870,1077,0.22114989733059548,3793,77.88501026694044,Disc,False
REFUGE1-train-164,4572,1102,0.2410323709536308,3470,75.89676290463692,Disc,False
REFUGE1-train-165,4132,1341,0.324540174249758,2791,67.5459825750242,Disc,False
REFUGE1-train-166,4212,1015,0.2409781576448243,3197,75.90218423551757,Disc,False
REFUGE1-train-167,5261,1540,0.29272001520623453,3721,70.72799847937654,Disc,False
REFUGE1-train-168,4994,1050,0.21025230276331597,3944,78.9747697236684,Disc,False
REFUGE1-train-169,3228,629,0.19485749690210658,2599,80.51425030978935,Disc,False
REFUGE1-train-17,3948,1959,0.49620060790273557,1989,50.379939209726444,Disc,False
REFUGE1-train-170,3859,591,0.1531484840632288,3268,84.68515159367712,Disc,False
REFUGE1-train-171,4317,699,0.16191799861014594,3618,83.80820013898541,Disc,False
REFUGE1-train-172,5751,1350,0.2347417840375587,4401,76.52582159624414,Disc,False
REFUGE1-train-173,4970,996,0.20040241448692153,3974,79.95975855130784,Disc,False
REFUGE1-train-174,4814,992,0.20606564187785625,3822,79.39343581221438,Disc,False
REFUGE1-train-175,4666,868,0.18602657522503216,3798,81.39734247749678,Disc,False
REFUGE1-train-176,3827,878,0.22942252417036843,2949,77.05774758296316,Disc,False
REFUGE1-train-177,4218,818,0.1939307728781413,3400,80.60692271218586,Disc,False
REFUGE1-train-178,4114,1010,0.2455031599416626,3104,75.44968400583375,Disc,False
REFUGE1-train-179,4017,1398,0.3480209111277072,2619,65.19790888722927,Disc,False
REFUGE1-train-18,4056,2999,0.7393984220907298,1057,26.060157790927025,Disc,False
REFUGE1-train-180,3824,1516,0.39644351464435146,2308,60.35564853556485,Disc,False
REFUGE1-train-181,4158,796,0.19143819143819144,3362,80.85618085618086,Disc,False
REFUGE1-train-182,4298,640,0.14890646812470917,3658,85.10935318752908,Disc,False
REFUGE1-train-183,4907,1353,0.2757285510495211,3554,72.42714489504789,Disc,False
REFUGE1-train-184,3015,629,0.2086235489220564,2386,79.13764510779437,Disc,False
REFUGE1-train-185,3317,733,0.2209828157974073,2584,77.90171842025927,Disc,False
REFUGE1-train-186,3233,530,0.16393442622950818,2703,83.60655737704919,Disc,False
REFUGE1-train-187,3977,994,0.2499371385466432,2983,75.00628614533568,Disc,False
REFUGE1-train-188,3779,671,0.17756020111140514,3108,82.24397988885949,Disc,False
REFUGE1-train-189,2989,667,0.2231515557042489,2322,77.68484442957511,Disc,False
REFUGE1-train-19,4339,1934,0.4457248213874165,2405,55.42751786125836,Disc,False
REFUGE1-train-190,5055,882,0.1744807121661721,4173,82.55192878338279,Disc,False
REFUGE1-train-191,5163,1042,0.20182064691071083,4121,79.81793530892892,Disc,False
REFUGE1-train-192,5013,1030,0.2054657889487333,3983,79.45342110512668,Disc,False
REFUGE1-train-193,5124,1299,0.2535128805620609,3825,74.64871194379391,Disc,False
REFUGE1-train-194,3849,881,0.22889062094050402,2968,77.1109379059496,Disc,False
REFUGE1-train-195,3917,903,0.23053357161092672,3014,76.94664283890734,Disc,False
REFUGE1-train-196,3120,763,0.24455128205128204,2357,75.5448717948718,Disc,False
REFUGE1-train-197,3943,1039,0.2635049454729901,2904,73.64950545270099,Disc,False
REFUGE1-train-198,4363,1046,0.23974329589731835,3317,76.02567041026816,Disc,False
REFUGE1-train-199,3010,448,0.14883720930232558,2562,85.11627906976744,Disc,False
REFUGE1-train-2,4529,3154,0.6964009715168912,1375,30.359902848310888,Disc,False
REFUGE1-train-20,3102,1085,0.3497743391360413,2017,65.02256608639587,Disc,False
REFUGE1-train-200,2964,634,0.21390013495276652,2330,78.60998650472335,Disc,False
REFUGE1-train-201,3934,1164,0.2958820538891713,2770,70.41179461108287,Disc,False
REFUGE1-train-202,6725,2179,0.32401486988847583,4546,67.59851301115242,Disc,False
REFUGE1-train-203,5848,2104,0.359781121751026,3744,64.0218878248974,Disc,False
REFUGE1-train-204,4566,984,0.21550591327201052,3582,78.44940867279895,Disc,False
REFUGE1-train-205,3937,1166,0.2961645923291847,2771,70.38354076708153,Disc,False
REFUGE1-train-206,4040,1017,0.25173267326732673,3023,74.82673267326733,Disc,False
REFUGE1-train-207,4387,1135,0.25871894232961024,3252,74.12810576703897,Disc,False
REFUGE1-train-208,4359,905,0.20761642578573067,3454,79.23835742142693,Disc,False
REFUGE1-train-209,5275,916,0.17364928909952607,4359,82.63507109004739,Disc,False
REFUGE1-train-21,3427,1170,0.34140647796906914,2257,65.85935220309308,Disc,False
REFUGE1-train-210,3748,1078,0.2876200640341515,2670,71.23799359658484,Disc,False
REFUGE1-train-211,3888,924,0.23765432098765432,2964,76.23456790123457,Disc,False
REFUGE1-train-212,3634,589,0.16208035222894882,3045,83.79196477710512,Disc,False
REFUGE1-train-213,3735,916,0.24524765729585007,2819,75.47523427041499,Disc,False
REFUGE1-train-214,2730,670,0.2454212454212454,2060,75.45787545787546,Disc,False
REFUGE1-train-215,1894,406,0.21436114044350582,1488,78.56388595564941,Disc,False
REFUGE1-train-216,4727,786,0.1662788237782949,3941,83.3721176221705,Disc,False
REFUGE1-train-217,3698,678,0.18334234721471065,3020,81.66576527852894,Disc,False
REFUGE1-train-218,5636,1176,0.20865862313697658,4460,79.13413768630234,Disc,False
REFUGE1-train-219,4864,845,0.17372532894736842,4019,82.62746710526315,Disc,False
REFUGE1-train-22,5902,2230,0.37783802100982716,3672,62.21619789901728,Disc,False
REFUGE1-train-220,4128,760,0.18410852713178294,3368,81.5891472868217,Disc,False
REFUGE1-train-221,3919,1017,0.25950497575912224,2902,74.04950242408778,Disc,False
REFUGE1-train-222,4234,519,0.12257912139820501,3715,87.7420878601795,Disc,False
REFUGE1-train-223,4574,859,0.18780061215566243,3715,81.21993878443375,Disc,False
REFUGE1-train-224,4902,1056,0.21542227662178703,3846,78.4577723378213,Disc,False
REFUGE1-train-225,4135,1171,0.28319226118500607,2964,71.68077388149939,Disc,False
REFUGE1-train-226,4357,743,0.17053018131742023,3614,82.94698186825798,Disc,False
REFUGE1-train-227,4140,615,0.14855072463768115,3525,85.14492753623189,Disc,False
REFUGE1-train-228,3762,587,0.15603402445507708,3175,84.39659755449229,Disc,False
REFUGE1-train-229,4047,609,0.15048183839881393,3438,84.95181616011861,Disc,False
REFUGE1-train-23,5974,1844,0.3086709072648142,4130,69.13290927351858,Disc,False
REFUGE1-train-230,5369,1040,0.1937046004842615,4329,80.62953995157385,Disc,False
REFUGE1-train-231,3571,677,0.1895827499299916,2894,81.04172500700085,Disc,False
REFUGE1-train-232,4373,587,0.13423279213354677,3786,86.57672078664532,Disc,False
REFUGE1-train-233,5262,854,0.16229570505511212,4408,83.77042949448878,Disc,False
REFUGE1-train-234,4121,698,0.16937636495996117,3423,83.06236350400388,Disc,False
REFUGE1-train-235,4040,967,0.23935643564356435,3073,76.06435643564356,Disc,False
REFUGE1-train-236,4017,942,0.23450336071695296,3075,76.5496639283047,Disc,False
REFUGE1-train-237,4173,1067,0.2556913491492931,3106,74.43086508507069,Disc,False
REFUGE1-train-238,5525,1186,0.2146606334841629,4339,78.53393665158372,Disc,False
REFUGE1-train-239,5708,1181,0.20690259285213736,4527,79.30974071478627,Disc,False
REFUGE1-train-24,4727,2333,0.4935477046752697,2394,50.645229532473024,Disc,False
REFUGE1-train-240,4417,1030,0.23318994792845824,3387,76.68100520715417,Disc,False
REFUGE1-train-241,4221,930,0.22032693674484718,3291,77.96730632551528,Disc,False
REFUGE1-train-242,4829,925,0.19155104576516876,3904,80.84489542348312,Disc,False
REFUGE1-train-243,4418,1113,0.2519239474875509,3305,74.80760525124491,Disc,False
REFUGE1-train-244,4089,1019,0.2492051846417217,3070,75.07948153582782,Disc,False
REFUGE1-train-245,4573,1012,0.2212989284933304,3561,77.87010715066695,Disc,False
REFUGE1-train-246,5090,1157,0.22730844793713162,3933,77.26915520628683,Disc,False
REFUGE1-train-247,4346,1024,0.23561895996318455,3322,76.43810400368154,Disc,False
REFUGE1-train-248,4743,1085,0.22875816993464052,3658,77.12418300653596,Disc,False
REFUGE1-train-249,5318,1125,0.2115456938698759,4193,78.84543061301241,Disc,False
REFUGE1-train-25,5628,3277,0.5822672352523098,2351,41.77327647476901,Disc,False
REFUGE1-train-250,5534,1062,0.19190458980845682,4472,80.80954101915432,Disc,False
REFUGE1-train-251,4906,1071,0.21830411740725642,3835,78.16958825927436,Disc,False
REFUGE1-train-252,4884,699,0.14312039312039312,4185,85.68796068796068,Disc,False
REFUGE1-train-253,5740,1308,0.22787456445993032,4432,77.21254355400697,Disc,False
REFUGE1-train-254,5263,1576,0.2994489834695041,3687,70.05510165304959,Disc,False
REFUGE1-train-255,5077,1589,0.31298010636202483,3488,68.70198936379752,Disc,False
REFUGE1-train-256,4395,1001,0.22775881683731514,3394,77.22411831626849,Disc,False
REFUGE1-train-257,4847,1013,0.20899525479678152,3834,79.10047452032185,Disc,False
REFUGE1-train-258,4285,1457,0.3400233372228705,2828,65.99766627771295,Disc,False
REFUGE1-train-259,3397,1139,0.33529584927877537,2258,66.47041507212246,Disc,False
REFUGE1-train-26,5004,3107,0.6209032773780975,1897,37.90967226219025,Disc,False
REFUGE1-train-260,4186,1279,0.30554228380315335,2907,69.44577161968466,Disc,False
REFUGE1-train-261,4730,1258,0.2659619450317125,3472,73.40380549682875,Disc,False
REFUGE1-train-262,5121,1507,0.29427846123803947,3614,70.57215387619605,Disc,False
REFUGE1-train-263,3937,1001,0.25425450850901704,2936,74.5745491490983,Disc,False
REFUGE1-train-264,4886,1761,0.3604175194433074,3125,63.958248055669266,Disc,False
REFUGE1-train-265,4309,1339,0.31074495242515665,2970,68.92550475748433,Disc,False
REFUGE1-train-266,3841,1229,0.3199687581359021,2612,68.00312418640979,Disc,False
REFUGE1-train-267,3520,946,0.26875,2574,73.125,Disc,False
REFUGE1-train-268,3391,967,0.28516661751695666,2424,71.48333824830434,Disc,False
REFUGE1-train-269,4010,1043,0.2600997506234414,2967,73.99002493765586,Disc,False
REFUGE1-train-27,4697,1488,0.31679795614221845,3209,68.32020438577815,Disc,False
REFUGE1-train-270,5869,2604,0.4436871698756176,3265,55.63128301243824,Disc,False
REFUGE1-train-271,5354,1828,0.3414269704893538,3526,65.85730295106463,Disc,False
REFUGE1-train-272,4780,856,0.1790794979079498,3924,82.09205020920503,Disc,False
REFUGE1-train-273,5520,1414,0.25615942028985506,4106,74.3840579710145,Disc,False
REFUGE1-train-274,5259,1673,0.3181213158395132,3586,68.18786841604869,Disc,False
REFUGE1-train-275,4744,1098,0.2314502529510961,3646,76.8549747048904,Disc,False
REFUGE1-train-276,3501,590,0.1685232790631248,2911,83.14767209368752,Disc,False
REFUGE1-train-277,5501,1715,0.311761497909471,3786,68.82385020905289,Disc,False
REFUGE1-train-278,2980,395,0.1325503355704698,2585,86.74496644295301,Disc,False
REFUGE1-train-279,3318,1021,0.3077154912597951,2297,69.2284508740205,Disc,False
REFUGE1-train-28,3592,2262,0.6297327394209354,1330,37.02672605790646,Disc,False
REFUGE1-train-280,4482,1059,0.2362784471218206,3423,76.37215528781793,Disc,False
REFUGE1-train-281,4138,1308,0.3160947317544708,2830,68.39052682455292,Disc,False
REFUGE1-train-282,5117,1266,0.2474105921438343,3851,75.25894078561657,Disc,False
REFUGE1-train-283,4188,967,0.23089780324737344,3221,76.91021967526265,Disc,False
REFUGE1-train-284,4863,1363,0.2802796627596134,3500,71.97203372403867,Disc,False
REFUGE1-train-285,5612,2553,0.45491803278688525,3059,54.50819672131148,Disc,False
REFUGE1-train-286,4668,876,0.18766066838046272,3792,81.23393316195373,Disc,False
REFUGE1-train-287,5143,1670,0.3247132024110441,3473,67.52867975889558,Disc,False
REFUGE1-train-288,5448,2405,0.44144640234948607,3043,55.855359765051396,Disc,False
REFUGE1-train-289,5251,1185,0.22567130070462768,4066,77.43286992953723,Disc,False
REFUGE1-train-29,3768,1399,0.3712845010615711,2369,62.8715498938429,Disc,False
REFUGE1-train-290,4870,1144,0.2349075975359343,3726,76.50924024640658,Disc,False
REFUGE1-train-291,4033,1225,0.30374411108356064,2808,69.62558889164394,Disc,False
REFUGE1-train-292,5492,1649,0.3002549162418063,3843,69.97450837581938,Disc,False
REFUGE1-train-293,5018,1078,0.214826624153049,3940,78.5173375846951,Disc,False
REFUGE1-train-294,5789,1293,0.22335463810675418,4496,77.66453618932458,Disc,False
REFUGE1-train-295,5778,1324,0.22914503288335064,4454,77.08549671166493,Disc,False
REFUGE1-train-296,4968,1317,0.26509661835748793,3651,73.49033816425121,Disc,False
REFUGE1-train-297,4346,1830,0.4210768522779567,2516,57.89231477220432,Disc,False
REFUGE1-train-298,3784,576,0.1522198731501057,3208,84.77801268498943,Disc,False
REFUGE1-train-299,3650,1222,0.33479452054794523,2428,66.52054794520548,Disc,False
REFUGE1-train-3,3546,2168,0.6113931190073322,1378,38.860688099266774,Disc,False
REFUGE1-train-30,4258,2254,0.529356505401597,2004,47.0643494598403,Disc,False
REFUGE1-train-300,5450,1433,0.2629357798165138,4017,73.70642201834863,Disc,False
REFUGE1-train-301,5315,1495,0.2812793979303857,3820,71.87206020696144,Disc,False
REFUGE1-train-302,6181,2539,0.4107749555088173,3642,58.922504449118264,Disc,False
REFUGE1-train-303,7318,2432,0.3323312380431812,4886,66.76687619568187,Disc,False
REFUGE1-train-304,4743,703,0.14821842715580855,4040,85.17815728441914,Disc,False
REFUGE1-train-305,4466,900,0.20152261531571877,3566,79.84773846842812,Disc,False
REFUGE1-train-306,4154,923,0.22219547424169475,3231,77.78045257583052,Disc,False
REFUGE1-train-307,4177,1019,0.24395499162078046,3158,75.60450083792195,Disc,False
REFUGE1-train-308,4053,885,0.21835677276091783,3168,78.16432272390821,Disc,False
REFUGE1-train-309,5145,1347,0.2618075801749271,3798,73.8192419825073,Disc,False
REFUGE1-train-31,3882,2605,0.6710458526532715,1277,32.89541473467285,Disc,False
REFUGE1-train-310,4953,1439,0.2905309913183929,3514,70.94690086816071,Disc,False
REFUGE1-train-311,2937,1177,0.40074906367041196,1760,59.925093632958806,Disc,False
REFUGE1-train-312,3637,947,0.26037943359912014,2690,73.96205664008798,Disc,False
REFUGE1-train-313,5113,1536,0.3004107177782124,3577,69.95892822217876,Disc,False
REFUGE1-train-314,4958,1542,0.3110125050423558,3416,68.89874949576442,Disc,False
REFUGE1-train-315,5158,1127,0.21849554090732842,4031,78.15044590926716,Disc,False
REFUGE1-train-316,5788,1243,0.2147546648237733,4545,78.52453351762266,Disc,False
REFUGE1-train-317,4190,1203,0.2871121718377088,2987,71.28878281622912,Disc,False
REFUGE1-train-318,4486,1353,0.3016049933125279,3133,69.8395006687472,Disc,False
REFUGE1-train-319,5945,2487,0.41833473507148866,3458,58.16652649285113,Disc,False
REFUGE1-train-32,4756,1625,0.34167367535744325,3131,65.83263246425568,Disc,False
REFUGE1-train-320,4160,1478,0.35528846153846155,2682,64.47115384615385,Disc,False
REFUGE1-train-321,4264,847,0.19863977485928705,3417,80.13602251407129,Disc,False
REFUGE1-train-322,4594,1245,0.2710056595559425,3349,72.89943404440574,Disc,False
REFUGE1-train-323,4503,911,0.20230957139684655,3592,79.76904286031534,Disc,False
REFUGE1-train-324,4669,1676,0.3589633754551296,2993,64.10366245448704,Disc,False
REFUGE1-train-325,5004,1825,0.3647082334132694,3179,63.52917665867306,Disc,False
REFUGE1-train-326,4008,1250,0.31187624750499005,2758,68.812375249501,Disc,False
REFUGE1-train-327,4498,1432,0.31836371720764783,3066,68.16362827923521,Disc,False
REFUGE1-train-328,4361,1426,0.3269892226553543,2935,67.30107773446457,Disc,False
REFUGE1-train-329,5073,1805,0.35580524344569286,3268,64.41947565543072,Disc,False
REFUGE1-train-33,4581,1801,0.3931456013970749,2780,60.68543986029251,Disc,False
REFUGE1-train-330,3801,556,0.14627729544856616,3245,85.37227045514338,Disc,False
REFUGE1-train-331,3815,726,0.19030144167758847,3089,80.96985583224115,Disc,False
REFUGE1-train-332,3650,836,0.22904109589041097,2814,77.0958904109589,Disc,False
REFUGE1-train-333,4535,1105,0.24366041896361632,3430,75.63395810363836,Disc,False
REFUGE1-train-334,5056,1284,0.25395569620253167,3772,74.60443037974683,Disc,False
REFUGE1-train-335,4728,877,0.1854906937394247,3851,81.45093062605753,Disc,False
REFUGE1-train-336,4401,1175,0.26698477618723016,3226,73.30152238127698,Disc,False
REFUGE1-train-337,4623,1222,0.2643305213065109,3401,73.56694786934891,Disc,False
REFUGE1-train-338,2674,714,0.2670157068062827,1960,73.29842931937172,Disc,False
REFUGE1-train-339,5008,1033,0.20626996805111822,3975,79.37300319488818,Disc,False
REFUGE1-train-34,5947,4406,0.7408777534891542,1541,25.912224651084582,Disc,False
REFUGE1-train-340,4716,768,0.1628498727735369,3948,83.7150127226463,Disc,False
REFUGE1-train-341,4646,947,0.20383125269048644,3699,79.61687473095137,Disc,False
REFUGE1-train-342,4796,1035,0.2158048373644704,3761,78.41951626355296,Disc,False
REFUGE1-train-343,4592,1368,0.2979094076655052,3224,70.20905923344948,Disc,False
REFUGE1-train-344,5127,1138,0.22196216110786035,3989,77.80378388921396,Disc,False
REFUGE1-train-345,5029,1004,0.19964207595943528,4025,80.03579240405647,Disc,False
REFUGE1-train-346,5064,1341,0.26481042654028436,3723,73.51895734597157,Disc,False
REFUGE1-train-347,4987,1206,0.2418287547623822,3781,75.81712452376178,Disc,False
REFUGE1-train-348,4695,1592,0.3390841320553781,3103,66.0915867944622,Disc,False
REFUGE1-train-349,4457,936,0.21000673098496747,3521,78.99932690150325,Disc,False
REFUGE1-train-35,4491,2989,0.6655533288799822,1502,33.44466711200178,Disc,False
REFUGE1-train-350,4354,978,0.2246210381258613,3376,77.53789618741386,Disc,False
REFUGE1-train-351,4279,1036,0.24211264314092076,3243,75.78873568590792,Disc,False
REFUGE1-train-352,3912,1052,0.2689161554192229,2860,73.10838445807771,Disc,False
REFUGE1-train-353,4762,1311,0.2753044939101218,3451,72.46955060898782,Disc,False
REFUGE1-train-354,3789,890,0.23489047242016364,2899,76.51095275798365,Disc,False
REFUGE1-train-355,3427,797,0.23256492559089584,2630,76.74350744091042,Disc,False
REFUGE1-train-356,4180,1442,0.34497607655502394,2738,65.50239234449761,Disc,False
REFUGE1-train-357,4403,1372,0.31160572337042924,3031,68.83942766295708,Disc,False
REFUGE1-train-358,3609,1061,0.2939872540870047,2548,70.60127459129953,Disc,False
REFUGE1-train-359,4379,881,0.201187485727335,3498,79.88125142726649,Disc,False
REFUGE1-train-36,4702,2738,0.5823054019566142,1964,41.769459804338574,Disc,False
REFUGE1-train-360,5559,1318,0.2370930023385501,4241,76.29069976614498,Disc,False
REFUGE1-train-361,5781,1385,0.23957792769417055,4396,76.04220723058295,Disc,False
REFUGE1-train-362,3337,635,0.1902906802517231,2702,80.97093197482769,Disc,False
REFUGE1-train-363,3248,992,0.3054187192118227,2256,69.45812807881774,Disc,False
REFUGE1-train-364,4532,995,0.21954986760812004,3537,78.045013239188,Disc,False
REFUGE1-train-365,5235,2053,0.3921680993314231,3182,60.783190066857685,Disc,False
REFUGE1-train-366,4337,1158,0.26700484205672126,3179,73.29951579432787,Disc,False
REFUGE1-train-367,3244,980,0.30209617755856966,2264,69.79038224414303,Disc,False
REFUGE1-train-368,3145,922,0.2931637519872814,2223,70.68362480127186,Disc,False
REFUGE1-train-369,4978,1487,0.2987143431096826,3491,70.12856568903175,Disc,False
REFUGE1-train-37,5307,1986,0.37422272470322215,3321,62.57772752967779,Disc,False
REFUGE1-train-370,5036,1025,0.2035345512311358,4011,79.64654487688641,Disc,False
REFUGE1-train-371,5024,1231,0.24502388535031847,3793,75.49761146496814,Disc,False
REFUGE1-train-372,4037,801,0.19841466435471886,3236,80.15853356452811,Disc,False
REFUGE1-train-373,3282,1166,0.3552711761121268,2116,64.47288238878733,Disc,False
REFUGE1-train-374,4087,1335,0.3266454612184977,2752,67.33545387815023,Disc,False
REFUGE1-train-375,3606,976,0.2706600110926234,2630,72.93399889073766,Disc,False
REFUGE1-train-376,4705,1164,0.24739638682252924,3541,75.26036131774708,Disc,False
REFUGE1-train-377,4174,936,0.2242453282223287,3238,77.57546717776714,Disc,False
REFUGE1-train-378,6217,1595,0.2565546083319929,4622,74.3445391668007,Disc,False
REFUGE1-train-379,4643,974,0.20977816067197932,3669,79.02218393280206,Disc,False
REFUGE1-train-38,4837,2833,0.5856936117428158,2004,41.43063882571842,Disc,False
REFUGE1-train-380,4688,1262,0.26919795221843,3426,73.080204778157,Disc,False
REFUGE1-train-381,4304,719,0.1670539033457249,3585,83.29460966542752,Disc,False
REFUGE1-train-382,3707,1300,0.3506878877798759,2407,64.93121122201241,Disc,False
REFUGE1-train-383,3669,917,0.24993186154265468,2752,75.00681384573453,Disc,False
REFUGE1-train-384,3975,811,0.2040251572327044,3164,79.59748427672956,Disc,False
REFUGE1-train-385,3625,867,0.23917241379310344,2758,76.08275862068965,Disc,False
REFUGE1-train-386,4059,1345,0.33136240453313626,2714,66.86375954668637,Disc,False
REFUGE1-train-387,4420,903,0.20429864253393665,3517,79.57013574660633,Disc,False
REFUGE1-train-388,4121,727,0.17641349187090513,3394,82.35865081290949,Disc,False
REFUGE1-train-389,5945,1326,0.22304457527333893,4619,77.6955424726661,Disc,False
REFUGE1-train-39,4478,1368,0.3054935238945958,3110,69.45064761054041,Disc,False
REFUGE1-train-390,4902,1058,0.21583027335781313,3844,78.41697266421869,Disc,False
REFUGE1-train-391,5365,1207,0.2249767008387698,4158,77.50232991612303,Disc,False
REFUGE1-train-392,4829,1334,0.2762476703251191,3495,72.37523296748809,Disc,False
REFUGE1-train-393,4582,1095,0.23897861195984285,3487,76.10213880401572,Disc,False
REFUGE1-train-394,5821,1183,0.2032296856210273,4638,79.67703143789727,Disc,False
REFUGE1-train-395,5150,1533,0.29766990291262135,3617,70.23300970873785,Disc,False
REFUGE1-train-396,5768,1463,0.2536407766990291,4305,74.63592233009709,Disc,False
REFUGE1-train-397,3727,920,0.24684733029246042,2807,75.31526697075395,Disc,False
REFUGE1-train-398,4153,898,0.21622923188056825,3255,78.37707681194317,Disc,False
REFUGE1-train-399,2915,1256,0.43087478559176673,1659,56.912521440823326,Disc,False
REFUGE1-train-4,3105,1408,0.4534621578099839,1697,54.65378421900161,Disc,False
REFUGE1-train-40,4258,2819,0.6620479098168154,1439,33.79520901831846,Disc,False
REFUGE1-train-400,3756,715,0.19036208732694357,3041,80.96379126730564,Disc,False
REFUGE1-train-41,6116,1544,0.25245258338783516,4572,74.75474166121649,Disc,False
REFUGE1-train-42,5630,1103,0.19591474245115453,4527,80.40852575488455,Disc,False
REFUGE1-train-43,3565,913,0.25610098176718094,2652,74.38990182328192,Disc,False
REFUGE1-train-44,2896,635,0.21926795580110497,2261,78.0732044198895,Disc,False
REFUGE1-train-45,3632,750,0.2064977973568282,2882,79.35022026431719,Disc,False
REFUGE1-train-46,3498,933,0.2667238421955403,2565,73.32761578044597,Disc,False
REFUGE1-train-47,3412,650,0.19050410316529895,2762,80.94958968347011,Disc,False
REFUGE1-train-48,3371,904,0.2681696825867695,2467,73.18303174132305,Disc,False
REFUGE1-train-49,5622,1443,0.25667022411953044,4179,74.33297758804696,Disc,False
REFUGE1-train-5,5059,1169,0.23107333465111682,3890,76.89266653488832,Disc,False
REFUGE1-train-50,5572,1376,0.24694903086862885,4196,75.30509691313712,Disc,False
REFUGE1-train-51,3963,1199,0.30254857431238963,2764,69.74514256876104,Disc,False
REFUGE1-train-52,3757,855,0.22757519297311685,2902,77.24248070268831,Disc,False
REFUGE1-train-53,4364,1020,0.23373052245646195,3344,76.62694775435381,Disc,False
REFUGE1-train-54,5746,1060,0.18447615732683606,4686,81.5523842673164,Disc,False
REFUGE1-train-55,5231,1476,0.28216402217549225,3755,71.78359778245077,Disc,False
REFUGE1-train-56,3687,751,0.20368863574721996,2936,79.631136425278,Disc,False
REFUGE1-train-57,3282,859,0.26173065204143814,2423,73.82693479585618,Disc,False
REFUGE1-train-58,4301,1036,0.24087421529876774,3265,75.91257847012322,Disc,False
REFUGE1-train-59,3862,1126,0.2915587778353185,2736,70.84412221646815,Disc,False
REFUGE1-train-6,4748,2302,0.4848357203032856,2446,51.51642796967144,Disc,False
REFUGE1-train-60,5105,1074,0.21038197845249756,4031,78.96180215475025,Disc,False
REFUGE1-train-61,4905,1237,0.2521916411824669,3668,74.78083588175332,Disc,False
REFUGE1-train-62,5456,1614,0.2958211143695015,3842,70.41788856304986,Disc,False
REFUGE1-train-63,5520,1692,0.3065217391304348,3828,69.34782608695652,Disc,False
REFUGE1-train-64,4012,996,0.24825523429710866,3016,75.17447657028913,Disc,False
REFUGE1-train-65,5176,1581,0.30544822256568777,3595,69.45517774343122,Disc,False
REFUGE1-train-66,5256,1656,0.3150684931506849,3600,68.4931506849315,Disc,False
REFUGE1-train-67,5761,1520,0.26384308279812535,4241,73.61569172018747,Disc,False
REFUGE1-train-68,3651,1079,0.2955354697343194,2572,70.44645302656807,Disc,False
REFUGE1-train-69,5048,1759,0.3484548335974643,3289,65.15451664025356,Disc,False
REFUGE1-train-7,5097,3319,0.651167353345105,1778,34.883264665489506,Disc,False
REFUGE1-train-70,4831,1530,0.3167046160215276,3301,68.32953839784723,Disc,False
REFUGE1-train-71,4408,999,0.2266333938294011,3409,77.33666061705989,Disc,False
REFUGE1-train-72,3519,660,0.1875532821824382,2859,81.24467178175618,Disc,False
REFUGE1-train-73,3919,965,0.24623628476652207,2954,75.3763715233478,Disc,False
REFUGE1-train-74,3817,874,0.22897563531569295,2943,77.1024364684307,Disc,False
REFUGE1-train-75,3552,871,0.24521396396396397,2681,75.4786036036036,Disc,False
REFUGE1-train-76,3094,786,0.2540400775694893,2308,74.59599224305107,Disc,False
REFUGE1-train-77,3452,981,0.28418308227114714,2471,71.58169177288528,Disc,False
REFUGE1-train-78,4427,971,0.21933589338152248,3456,78.06641066184775,Disc,False
REFUGE1-train-79,6228,2243,0.36014771997430955,3985,63.98522800256904,Disc,False
REFUGE1-train-8,5396,1349,0.25,4047,75.0,Disc,False
REFUGE1-train-80,4206,1016,0.24155967665240133,3190,75.84403233475987,Disc,False
REFUGE1-train-81,5209,1849,0.3549625647917067,3360,64.50374352082933,Disc,False
REFUGE1-train-82,4556,1146,0.2515364354697103,3410,74.84635645302897,Disc,False
REFUGE1-train-83,4808,2159,0.4490432612312812,2649,55.09567387687188,Disc,False
REFUGE1-train-84,4746,1462,0.3080488832701222,3284,69.19511167298778,Disc,False
REFUGE1-train-85,3796,927,0.244204425711275,2869,75.5795574288725,Disc,False
REFUGE1-train-86,3854,915,0.23741567202906072,2939,76.25843279709393,Disc,False
REFUGE1-train-87,4231,965,0.2280784684471756,3266,77.19215315528244,Disc,False
REFUGE1-train-88,4510,948,0.21019955654101996,3562,78.98004434589801,Disc,False
REFUGE1-train-89,5820,1698,0.29175257731958765,4122,70.82474226804123,Disc,False
REFUGE1-train-9,3993,1083,0.27122464312546957,2910,72.87753568745305,Disc,False
REFUGE1-train-90,5746,1846,0.3212669683257919,3900,67.87330316742081,Disc,False
REFUGE1-train-91,4996,764,0.15292233787029624,4232,84.70776621297038,Disc,False
REFUGE1-train-92,3605,789,0.2188626907073509,2816,78.11373092926492,Disc,False
REFUGE1-train-93,4537,1204,0.2653735948864889,3333,73.46264051135111,Disc,False
REFUGE1-train-94,5376,1977,0.3677455357142857,3399,63.22544642857143,Disc,False
REFUGE1-train-95,4264,1055,0.2474202626641651,3209,75.2579737335835,Disc,False
REFUGE1-train-96,4792,1022,0.2132721202003339,3770,78.67278797996661,Disc,False
REFUGE1-train-97,3757,886,0.23582645727974447,2871,76.41735427202555,Disc,False
REFUGE1-train-98,4076,1571,0.3854268891069676,2505,61.45731108930323,Disc,False
REFUGE1-train-99,4017,1125,0.28005974607916356,2892,71.99402539208364,Disc,False
REFUGE1-val-1,5216,1380,0.2645705521472393,3836,73.54294478527608,Disc,False
REFUGE1-val-10,4391,939,0.21384650421316329,3452,78.61534957868366,Disc,False
REFUGE1-val-100,5130,2378,0.4635477582846004,2752,53.645224171539965,Disc,False
REFUGE1-val-101,3997,694,0.17363022266700026,3303,82.63697773329997,Disc,False
REFUGE1-val-102,3731,852,0.22835700884481372,2879,77.16429911551863,Disc,False
REFUGE1-val-103,5220,2018,0.38659003831417627,3202,61.34099616858237,Disc,False
REFUGE1-val-104,4781,1096,0.22924074461409746,3685,77.07592553859025,Disc,False
REFUGE1-val-105,5788,1132,0.19557705597788527,4656,80.44229440221147,Disc,False
REFUGE1-val-106,3764,675,0.17933049946865037,3089,82.06695005313497,Disc,False
REFUGE1-val-107,4349,851,0.1956771671648655,3498,80.43228328351346,Disc,False
REFUGE1-val-108,5038,1385,0.27491067884080983,3653,72.50893211591901,Disc,False
REFUGE1-val-109,4285,1281,0.29894982497082845,3004,70.10501750291715,Disc,False
REFUGE1-val-11,3960,846,0.21363636363636362,3114,78.63636363636364,Disc,False
REFUGE1-val-110,5390,1479,0.2743970315398887,3911,72.56029684601113,Disc,False
REFUGE1-val-111,3900,963,0.2469230769230769,2937,75.3076923076923,Disc,False
REFUGE1-val-112,4635,1344,0.28996763754045307,3291,71.0032362459547,Disc,False
REFUGE1-val-113,6076,1786,0.29394338380513496,4290,70.6056616194865,Disc,False
REFUGE1-val-114,5158,1294,0.25087243117487396,3864,74.9127568825126,Disc,False
REFUGE1-val-115,5548,1976,0.3561643835616438,3572,64.38356164383562,Disc,False
REFUGE1-val-116,4650,898,0.19311827956989247,3752,80.68817204301075,Disc,False
REFUGE1-val-117,4104,728,0.17738791423001948,3376,82.26120857699804,Disc,False
REFUGE1-val-118,6581,3062,0.4652788330041027,3519,53.47211669958973,Disc,False
REFUGE1-val-119,4945,1803,0.3646107178968655,3142,63.53892821031345,Disc,False
REFUGE1-val-12,4245,811,0.19104829210836277,3434,80.89517078916371,Disc,False
REFUGE1-val-120,3722,837,0.2248790972595379,2885,77.5120902740462,Disc,False
REFUGE1-val-121,4438,1142,0.2573231185218567,3296,74.26768814781433,Disc,False
REFUGE1-val-122,4053,1067,0.2632617813964964,2986,73.67382186035036,Disc,False
REFUGE1-val-123,4983,833,0.16716837246638572,4150,83.28316275336142,Disc,False
REFUGE1-val-124,6434,2096,0.32576935032639104,4338,67.42306496736089,Disc,False
REFUGE1-val-125,4103,1740,0.424079941506215,2363,57.5920058493785,Disc,False
REFUGE1-val-126,5444,1502,0.27590007347538575,3942,72.40999265246143,Disc,False
REFUGE1-val-127,4068,999,0.24557522123893805,3069,75.4424778761062,Disc,False
REFUGE1-val-128,5818,2115,0.3635269852182881,3703,63.647301478171194,Disc,False
REFUGE1-val-129,4873,602,0.12353786168684588,4271,87.64621383131541,Disc,False
REFUGE1-val-13,3977,1020,0.2564747296957506,2957,74.35252703042494,Disc,False
REFUGE1-val-130,4297,1081,0.25157086339306495,3216,74.84291366069351,Disc,False
REFUGE1-val-131,4385,715,0.1630558722919042,3670,83.69441277080958,Disc,False
REFUGE1-val-132,3995,734,0.183729662077597,3261,81.6270337922403,Disc,False
REFUGE1-val-133,4994,1901,0.3806567881457749,3093,61.934321185422505,Disc,False
REFUGE1-val-134,4327,1333,0.308065634388722,2994,69.1934365611278,Disc,False
REFUGE1-val-135,5494,1945,0.35402257007644705,3549,64.59774299235531,Disc,False
REFUGE1-val-136,4127,990,0.23988369275502786,3137,76.01163072449721,Disc,False
REFUGE1-val-137,4910,1062,0.21629327902240325,3848,78.37067209775968,Disc,False
REFUGE1-val-138,3750,497,0.13253333333333334,3253,86.74666666666667,Disc,False
REFUGE1-val-139,3894,716,0.18387262455059064,3178,81.61273754494094,Disc,False
REFUGE1-val-14,5837,2259,0.3870138769916053,3578,61.29861230083947,Disc,False
REFUGE1-val-140,5153,1561,0.30293033184552687,3592,69.70696681544732,Disc,False
REFUGE1-val-141,3459,602,0.17403873952009252,2857,82.59612604799075,Disc,False
REFUGE1-val-142,5201,1278,0.2457219765429725,3923,75.42780234570276,Disc,False
REFUGE1-val-143,3819,606,0.1586802827965436,3213,84.13197172034565,Disc,False
REFUGE1-val-144,4952,873,0.1762924071082391,4079,82.37075928917609,Disc,False
REFUGE1-val-145,6694,2424,0.3621153271586495,4270,63.788467284135045,Disc,False
REFUGE1-val-146,4489,749,0.16685230563599912,3740,83.3147694364001,Disc,False
REFUGE1-val-147,5544,1494,0.2694805194805195,4050,73.05194805194806,Disc,False
REFUGE1-val-148,4456,1097,0.24618491921005387,3359,75.38150807899461,Disc,False
REFUGE1-val-149,4602,1237,0.26879617557583657,3365,73.12038244241634,Disc,False
REFUGE1-val-15,5825,1422,0.24412017167381975,4403,75.58798283261802,Disc,False
REFUGE1-val-150,5329,1777,0.33345843497842,3552,66.654156502158,Disc,False
REFUGE1-val-151,5148,1301,0.2527195027195027,3847,74.72804972804973,Disc,False
REFUGE1-val-152,4490,1296,0.288641425389755,3194,71.1358574610245,Disc,False
REFUGE1-val-153,4402,776,0.17628350749659247,3626,82.37164925034075,Disc,False
REFUGE1-val-154,4468,760,0.1700984780662489,3708,82.99015219337511,Disc,False
REFUGE1-val-155,4714,1134,0.240560033941451,3580,75.9439966058549,Disc,False
REFUGE1-val-156,5354,1531,0.2859544265969369,3823,71.40455734030631,Disc,False
REFUGE1-val-157,6009,1469,0.24446663338325844,4540,75.55333666167415,Disc,False
REFUGE1-val-158,4715,936,0.1985153764581124,3779,80.14846235418875,Disc,False
REFUGE1-val-159,4502,2785,0.6186139493558418,1717,38.13860506441581,Disc,False
REFUGE1-val-16,3236,491,0.15173053152039556,2745,84.82694684796044,Disc,False
REFUGE1-val-160,5943,3224,0.5424869594480902,2719,45.751304055190985,Disc,False
REFUGE1-val-161,5741,1210,0.2107646751437032,4531,78.92353248562968,Disc,False
REFUGE1-val-162,3566,725,0.20330902972518228,2841,79.66909702748177,Disc,False
REFUGE1-val-163,4675,1043,0.22310160427807488,3632,77.68983957219251,Disc,False
REFUGE1-val-164,4137,881,0.2129562484892434,3256,78.70437515107565,Disc,False
REFUGE1-val-165,3872,1355,0.349948347107438,2517,65.0051652892562,Disc,False
REFUGE1-val-166,5402,1010,0.18696778970751574,4392,81.30322102924843,Disc,False
REFUGE1-val-167,6285,1781,0.2833731105807478,4504,71.66268894192523,Disc,False
REFUGE1-val-168,4841,1244,0.2569717000619707,3597,74.30282999380293,Disc,False
REFUGE1-val-169,5270,807,0.15313092979127135,4463,84.68690702087287,Disc,False
REFUGE1-val-17,7731,2156,0.27887724744534986,5575,72.11227525546501,Disc,False
REFUGE1-val-170,3664,585,0.15966157205240175,3079,84.03384279475983,Disc,False
REFUGE1-val-171,5163,2047,0.39647491768351734,3116,60.35250823164827,Disc,False
REFUGE1-val-172,4370,1134,0.2594965675057208,3236,74.05034324942793,Disc,False
REFUGE1-val-173,3188,479,0.15025094102885822,2709,84.97490589711418,Disc,False
REFUGE1-val-174,4372,723,0.16537053979871913,3649,83.46294602012809,Disc,False
REFUGE1-val-175,4254,1158,0.27221438645980256,3096,72.77856135401974,Disc,False
REFUGE1-val-176,6628,1071,0.1615872057936029,5557,83.84127942063971,Disc,False
REFUGE1-val-177,4027,649,0.16116215545070772,3378,83.88378445492923,Disc,False
REFUGE1-val-178,3432,612,0.17832167832167833,2820,82.16783216783216,Disc,False
REFUGE1-val-179,3723,715,0.19204942250872953,3008,80.79505774912705,Disc,False
REFUGE1-val-18,3791,724,0.19097863360590872,3067,80.90213663940912,Disc,False
REFUGE1-val-180,3869,1067,0.27578185577668646,2802,72.42181442233135,Disc,False
REFUGE1-val-181,7918,2058,0.25991411972720385,5860,74.00858802727961,Disc,False
REFUGE1-val-182,2494,530,0.21251002405773858,1964,78.74899759422614,Disc,False
REFUGE1-val-183,5165,1531,0.29641819941916747,3634,70.35818005808325,Disc,False
REFUGE1-val-184,5264,852,0.16185410334346503,4412,83.8145896656535,Disc,False
REFUGE1-val-185,5170,1527,0.295357833655706,3643,70.4642166344294,Disc,False
REFUGE1-val-186,5164,1240,0.24012393493415957,3924,75.98760650658404,Disc,False
REFUGE1-val-187,4891,1263,0.25822940094050295,3628,74.1770599059497,Disc,False
REFUGE1-val-188,6231,1442,0.23142352752367196,4789,76.8576472476328,Disc,False
REFUGE1-val-189,4340,666,0.1534562211981567,3674,84.65437788018433,Disc,False
REFUGE1-val-19,4427,1232,0.27829229726677207,3195,72.17077027332279,Disc,False
REFUGE1-val-190,4588,852,0.1857018308631212,3736,81.42981691368789,Disc,False
REFUGE1-val-191,4189,942,0.2248746717593698,3247,77.51253282406302,Disc,False
REFUGE1-val-192,5747,1766,0.3072907603967287,3981,69.27092396032712,Disc,False
REFUGE1-val-193,3138,465,0.14818355640535372,2673,85.18164435946463,Disc,False
REFUGE1-val-194,4643,1304,0.28085289683394354,3339,71.91471031660565,Disc,False
REFUGE1-val-195,6131,1197,0.19523731854509868,4934,80.47626814549014,Disc,False
REFUGE1-val-196,4605,1012,0.21976112920738328,3593,78.02388707926167,Disc,False
REFUGE1-val-197,5727,2285,0.39898725336127117,3442,60.101274663872886,Disc,False
REFUGE1-val-198,4396,963,0.21906278434940854,3433,78.09372156505916,Disc,False
REFUGE1-val-199,4625,1092,0.23610810810810812,3533,76.38918918918918,Disc,False
REFUGE1-val-2,5541,1116,0.2014076881429345,4425,79.85923118570655,Disc,False
REFUGE1-val-20,4420,970,0.21945701357466063,3450,78.05429864253394,Disc,False
REFUGE1-val-200,4445,787,0.17705286839145107,3658,82.2947131608549,Disc,False
REFUGE1-val-201,4672,1630,0.3488869863013699,3042,65.11130136986301,Disc,False
REFUGE1-val-202,5515,1394,0.2527651858567543,4121,74.72348141432457,Disc,False
REFUGE1-val-203,4883,877,0.17960270325619496,4006,82.0397296743805,Disc,False
REFUGE1-val-204,5811,1599,0.2751677852348993,4212,72.48322147651007,Disc,False
REFUGE1-val-205,7379,1860,0.2520666757013145,5519,74.79333242986854,Disc,False
REFUGE1-val-206,5097,743,0.1457720227584854,4354,85.42279772415147,Disc,False
REFUGE1-val-207,5091,1546,0.3036731486937733,3545,69.63268513062266,Disc,False
REFUGE1-val-208,6218,3441,0.5533933740752653,2777,44.660662592473464,Disc,False
REFUGE1-val-209,4360,739,0.16949541284403669,3621,83.05045871559633,Disc,False
REFUGE1-val-21,4880,1408,0.28852459016393445,3472,71.14754098360656,Disc,False
REFUGE1-val-210,5228,860,0.16449885233358838,4368,83.55011476664116,Disc,False
REFUGE1-val-211,4354,1205,0.27675700505282497,3149,72.32429949471751,Disc,False
REFUGE1-val-212,5227,1815,0.34723550793954466,3412,65.27644920604553,Disc,False
REFUGE1-val-213,3809,741,0.1945392491467577,3068,80.54607508532423,Disc,False
REFUGE1-val-214,5670,2355,0.41534391534391535,3315,58.46560846560847,Disc,False
REFUGE1-val-215,3697,407,0.11008926156342981,3290,88.99107384365702,Disc,False
REFUGE1-val-216,4982,2160,0.4335608189482136,2822,56.64391810517865,Disc,False
REFUGE1-val-217,5321,1666,0.31309904153354634,3655,68.69009584664538,Disc,False
REFUGE1-val-218,5565,1974,0.35471698113207545,3591,64.52830188679245,Disc,False
REFUGE1-val-219,4389,850,0.19366598313966735,3539,80.63340168603327,Disc,False
REFUGE1-val-22,5701,1244,0.2182073320470093,4457,78.17926679529907,Disc,False
REFUGE1-val-220,5925,1189,0.20067510548523207,4736,79.9324894514768,Disc,False
REFUGE1-val-221,3616,891,0.24640486725663716,2725,75.3595132743363,Disc,False
REFUGE1-val-222,4636,847,0.18270060396893875,3789,81.72993960310613,Disc,False
REFUGE1-val-223,4007,802,0.2001497379585725,3205,79.98502620414276,Disc,False
REFUGE1-val-224,5690,1465,0.25746924428822493,4225,74.2530755711775,Disc,False
REFUGE1-val-225,5996,1704,0.28418945963975983,4292,71.58105403602401,Disc,False
REFUGE1-val-226,5293,1678,0.31702248252408843,3615,68.29775174759116,Disc,False
REFUGE1-val-227,7836,1919,0.2448953547728433,5917,75.51046452271567,Disc,False
REFUGE1-val-228,4591,1044,0.22740143759529513,3547,77.25985624047048,Disc,False
REFUGE1-val-229,4015,629,0.15666251556662517,3386,84.33374844333748,Disc,False
REFUGE1-val-23,4805,1240,0.25806451612903225,3565,74.19354838709677,Disc,False
REFUGE1-val-230,5554,1222,0.22002160604969392,4332,77.99783939503061,Disc,False
REFUGE1-val-231,4378,666,0.15212425765189586,3712,84.78757423481042,Disc,False
REFUGE1-val-232,4448,1383,0.31092625899280574,3065,68.90737410071942,Disc,False
REFUGE1-val-233,5563,1384,0.2487866259212655,4179,75.12133740787344,Disc,False
REFUGE1-val-234,4639,1149,0.24768269023496442,3490,75.23173097650356,Disc,False
REFUGE1-val-235,4305,882,0.2048780487804878,3423,79.51219512195122,Disc,False
REFUGE1-val-236,4310,844,0.19582366589327146,3466,80.41763341067285,Disc,False
REFUGE1-val-237,4479,660,0.14735432016075017,3819,85.26456798392499,Disc,False
REFUGE1-val-238,4879,1356,0.2779258044681287,3523,72.20741955318712,Disc,False
REFUGE1-val-239,4876,1220,0.2502050861361772,3656,74.97949138638228,Disc,False
REFUGE1-val-24,6870,2354,0.34264919941775834,4516,65.73508005822416,Disc,False
REFUGE1-val-240,4425,1244,0.2811299435028249,3181,71.88700564971752,Disc,False
REFUGE1-val-241,5291,1318,0.2491022491022491,3973,75.08977508977509,Disc,False
REFUGE1-val-242,11933,8476,0.7102991703678874,3457,28.97008296321126,Disc,False
REFUGE1-val-243,5516,1060,0.19216823785351705,4456,80.78317621464831,Disc,False
REFUGE1-val-244,5063,1198,0.23661860556982026,3865,76.33813944301797,Disc,False
REFUGE1-val-245,5675,2107,0.37127753303964756,3568,62.87224669603524,Disc,False
REFUGE1-val-246,3681,588,0.15973920130399347,3093,84.02607986960065,Disc,False
REFUGE1-val-247,5022,2512,0.5001991238550378,2510,49.98008761449621,Disc,False
REFUGE1-val-248,4249,785,0.1847493527888915,3464,81.52506472111085,Disc,False
REFUGE1-val-249,4965,1229,0.2475327291037261,3736,75.2467270896274,Disc,False
REFUGE1-val-25,7050,1732,0.24567375886524823,5318,75.43262411347517,Disc,False
REFUGE1-val-250,3426,765,0.22329246935201402,2661,77.6707530647986,Disc,False
REFUGE1-val-251,5328,2414,0.4530780780780781,2914,54.69219219219219,Disc,False
REFUGE1-val-252,3849,1196,0.3107300597557807,2653,68.92699402442193,Disc,False
REFUGE1-val-253,6242,1527,0.24463313040692086,4715,75.53668695930791,Disc,False
REFUGE1-val-254,5277,1462,0.27705135493651695,3815,72.2948645063483,Disc,False
REFUGE1-val-255,5494,1498,0.27266108481980345,3996,72.73389151801966,Disc,False
REFUGE1-val-256,4576,768,0.16783216783216784,3808,83.21678321678321,Disc,False
REFUGE1-val-257,4328,1092,0.25231053604436227,3236,74.76894639556377,Disc,False
REFUGE1-val-258,5316,1542,0.29006772009029347,3774,70.99322799097065,Disc,False
REFUGE1-val-259,4069,833,0.20471860407962644,3236,79.52813959203735,Disc,False
REFUGE1-val-26,5041,2045,0.40567347748462607,2996,59.43265225153739,Disc,False
REFUGE1-val-260,5383,1347,0.2502322125208991,4036,74.97677874791009,Disc,False
REFUGE1-val-261,6239,1950,0.31255008815515306,4289,68.74499118448469,Disc,False
REFUGE1-val-262,4237,875,0.20651404295492093,3362,79.3485957045079,Disc,False
REFUGE1-val-263,4570,1091,0.2387308533916849,3479,76.12691466083152,Disc,False
REFUGE1-val-264,6299,1291,0.20495316716939196,5008,79.5046832830608,Disc,False
REFUGE1-val-265,3401,645,0.18965010291090856,2756,81.03498970890914,Disc,False
REFUGE1-val-266,4890,1544,0.31574642126789365,3346,68.42535787321063,Disc,False
REFUGE1-val-267,4402,1048,0.2380736029077692,3354,76.19263970922307,Disc,False
REFUGE1-val-268,5010,932,0.18602794411177645,4078,81.39720558882235,Disc,False
REFUGE1-val-269,4386,1046,0.23848609211126312,3340,76.15139078887368,Disc,False
REFUGE1-val-27,5085,939,0.18466076696165193,4146,81.53392330383481,Disc,False
REFUGE1-val-270,5400,2005,0.3712962962962963,3395,62.87037037037037,Disc,False
REFUGE1-val-271,6019,3316,0.5509220800797474,2703,44.90779199202525,Disc,False
REFUGE1-val-272,5042,1457,0.2889726299087664,3585,71.10273700912336,Disc,False
REFUGE1-val-273,3566,631,0.17694896242288277,2935,82.30510375771172,Disc,False
REFUGE1-val-274,4820,1293,0.2682572614107884,3527,73.17427385892115,Disc,False
REFUGE1-val-275,4078,652,0.15988229524276606,3426,84.0117704757234,Disc,False
REFUGE1-val-276,5394,1133,0.21004820170559882,4261,78.99517982944012,Disc,False
REFUGE1-val-277,4854,1480,0.3049031726411207,3374,69.50968273588792,Disc,False
REFUGE1-val-278,3771,605,0.16043489790506496,3166,83.9565102094935,Disc,False
REFUGE1-val-279,4027,861,0.21380680407251054,3166,78.61931959274895,Disc,False
REFUGE1-val-28,4191,1237,0.29515628728227156,2954,70.48437127177284,Disc,False
REFUGE1-val-280,5495,1481,0.2695177434030937,4014,73.04822565969063,Disc,False
REFUGE1-val-281,3636,849,0.2334983498349835,2787,76.65016501650165,Disc,False
REFUGE1-val-282,4920,901,0.183130081300813,4019,81.6869918699187,Disc,False
REFUGE1-val-283,5670,2138,0.37707231040564376,3532,62.29276895943563,Disc,False
REFUGE1-val-284,3762,877,0.23312068048910153,2885,76.68793195108985,Disc,False
REFUGE1-val-285,4962,1294,0.2607819427650141,3668,73.9218057234986,Disc,False
REFUGE1-val-286,4707,1113,0.23645634161886553,3594,76.35436583811345,Disc,False
REFUGE1-val-287,5982,2225,0.37194918087596124,3757,62.80508191240388,Disc,False
REFUGE1-val-288,4777,1257,0.2631358593259368,3520,73.68641406740633,Disc,False
REFUGE1-val-289,4580,927,0.20240174672489084,3653,79.75982532751091,Disc,False
REFUGE1-val-29,5715,971,0.16990376202974627,4744,83.00962379702537,Disc,False
REFUGE1-val-290,4141,1082,0.2612895435885052,3059,73.87104564114948,Disc,False
REFUGE1-val-291,5260,1580,0.30038022813688214,3680,69.96197718631178,Disc,False
REFUGE1-val-292,5375,1354,0.25190697674418605,4021,74.8093023255814,Disc,False
REFUGE1-val-293,4981,1152,0.2312788596667336,3829,76.87211403332664,Disc,False
REFUGE1-val-294,4842,891,0.18401486988847585,3951,81.59851301115242,Disc,False
REFUGE1-val-295,7754,1844,0.23781274181067835,5910,76.21872581893217,Disc,False
REFUGE1-val-296,4494,956,0.21272808188696038,3538,78.72719181130397,Disc,False
REFUGE1-val-297,3828,767,0.2003657262277952,3061,79.96342737722048,Disc,False
REFUGE1-val-298,4544,937,0.20620598591549297,3607,79.3794014084507,Disc,False
REFUGE1-val-299,4426,833,0.18820605512878447,3593,81.17939448712156,Disc,False
REFUGE1-val-3,6454,1549,0.24000619770684847,4905,75.99938022931515,Disc,False
REFUGE1-val-30,5614,2185,0.38920555753473457,3429,61.079444246526535,Disc,False
REFUGE1-val-300,3911,671,0.17156737407312708,3240,82.8432625926873,Disc,False
REFUGE1-val-301,3158,646,0.2045598480050665,2512,79.54401519949334,Disc,False
REFUGE1-val-302,5332,1557,0.2920105026256564,3775,70.79894973743436,Disc,False
REFUGE1-val-303,5311,1226,0.23084164940689136,4085,76.91583505931087,Disc,False
REFUGE1-val-304,4494,668,0.14864263462394303,3826,85.1357365376057,Disc,False
REFUGE1-val-305,4681,1013,0.2164067506942961,3668,78.3593249305704,Disc,False
REFUGE1-val-306,5258,1085,0.20635222518067706,4173,79.3647774819323,Disc,False
REFUGE1-val-307,3804,1139,0.29942166140904314,2665,70.05783385909568,Disc,False
REFUGE1-val-308,5302,1508,0.2844209732176537,3794,71.55790267823463,Disc,False
REFUGE1-val-309,6192,2037,0.32897286821705424,4155,67.10271317829456,Disc,False
REFUGE1-val-31,5944,2131,0.35851278600269176,3813,64.14872139973082,Disc,False
REFUGE1-val-310,4494,1018,0.22652425456163774,3476,77.34757454383623,Disc,False
REFUGE1-val-311,3865,608,0.1573091849935317,3257,84.26908150064682,Disc,False
REFUGE1-val-312,6360,2319,0.36462264150943396,4041,63.53773584905661,Disc,False
REFUGE1-val-313,4761,1146,0.240705734089477,3615,75.92942659105229,Disc,False
REFUGE1-val-314,3753,600,0.15987210231814547,3153,84.01278976818544,Disc,False
REFUGE1-val-315,6345,2020,0.31836091410559497,4325,68.1639085894405,Disc,False
REFUGE1-val-316,3687,810,0.21969080553295361,2877,78.03091944670464,Disc,False
REFUGE1-val-317,4436,849,0.19138863841298467,3587,80.86113615870153,Disc,False
REFUGE1-val-318,4370,858,0.19633867276887873,3512,80.36613272311213,Disc,False
REFUGE1-val-319,4357,1808,0.4149644250631168,2549,58.50355749368832,Disc,False
REFUGE1-val-32,4927,1090,0.22122995737771464,3837,77.87700426222854,Disc,False
REFUGE1-val-320,4124,725,0.17580019398642094,3399,82.4199806013579,Disc,False
REFUGE1-val-321,4353,837,0.19228118538938663,3516,80.77188146106134,Disc,False
REFUGE1-val-322,4334,893,0.20604522381172127,3441,79.39547761882787,Disc,False
REFUGE1-val-323,4809,788,0.1638594302349761,4021,83.6140569765024,Disc,False
REFUGE1-val-324,5447,1095,0.20102808885625115,4352,79.89719111437489,Disc,False
REFUGE1-val-325,5225,1300,0.24880382775119617,3925,75.11961722488039,Disc,False
REFUGE1-val-326,3963,945,0.2384557153671461,3018,76.1544284632854,Disc,False
REFUGE1-val-327,5746,1895,0.3297946397493909,3851,67.02053602506092,Disc,False
REFUGE1-val-328,4973,756,0.15202091292982103,4217,84.7979087070179,Disc,False
REFUGE1-val-329,5777,1811,0.3134845075298598,3966,68.65154924701402,Disc,False
REFUGE1-val-33,4583,1450,0.3163866463015492,3133,68.36133536984508,Disc,False
REFUGE1-val-330,5080,1416,0.27874015748031494,3664,72.1259842519685,Disc,False
REFUGE1-val-331,4663,1166,0.2500536135535063,3497,74.99463864464937,Disc,False
REFUGE1-val-332,4130,704,0.17046004842615012,3426,82.95399515738498,Disc,False
REFUGE1-val-333,4649,1624,0.3493224349322435,3025,65.06775650677565,Disc,False
REFUGE1-val-334,3890,880,0.2262210796915167,3010,77.37789203084833,Disc,False
REFUGE1-val-335,5745,1378,0.23986074847693648,4367,76.01392515230636,Disc,False
REFUGE1-val-336,5224,1246,0.2385145482388974,3978,76.14854517611026,Disc,False
REFUGE1-val-337,6854,1420,0.20717829004960606,5434,79.2821709950394,Disc,False
REFUGE1-val-338,5022,1081,0.21525288729589806,3941,78.4747112704102,Disc,False
REFUGE1-val-339,5796,2277,0.39285714285714285,3519,60.71428571428571,Disc,False
REFUGE1-val-34,2709,786,0.2901439645625692,1923,70.98560354374308,Disc,False
REFUGE1-val-340,3636,732,0.20132013201320131,2904,79.86798679867987,Disc,False
REFUGE1-val-341,4002,608,0.1519240379810095,3394,84.80759620189905,Disc,False
REFUGE1-val-342,5994,3339,0.5570570570570571,2655,44.294294294294296,Disc,False
REFUGE1-val-343,4501,876,0.19462341701844035,3625,80.53765829815596,Disc,False
REFUGE1-val-344,5334,2280,0.42744656917885265,3054,57.25534308211474,Disc,False
REFUGE1-val-345,5850,1861,0.31811965811965814,3989,68.18803418803418,Disc,False
REFUGE1-val-346,5598,1818,0.3247588424437299,3780,67.52411575562701,Disc,False
REFUGE1-val-347,10558,6343,0.6007766622466376,4215,39.92233377533624,Disc,False
REFUGE1-val-348,3609,974,0.2698808534220006,2635,73.01191465779995,Disc,False
REFUGE1-val-349,3891,905,0.23258802364430736,2986,76.74119763556926,Disc,False
REFUGE1-val-35,4049,1009,0.2491973326747345,3040,75.08026673252655,Disc,False
REFUGE1-val-350,5583,1183,0.21189324735805123,4400,78.81067526419487,Disc,False
REFUGE1-val-351,5046,770,0.15259611573523582,4276,84.74038842647641,Disc,False
REFUGE1-val-352,5181,961,0.18548542752364408,4220,81.45145724763559,Disc,False
REFUGE1-val-353,5737,1018,0.1774446574864912,4719,82.25553425135088,Disc,False
REFUGE1-val-354,4795,1038,0.2164754953076121,3757,78.35245046923879,Disc,False
REFUGE1-val-355,3867,865,0.22368761313679855,3002,77.63123868632015,Disc,False
REFUGE1-val-356,5284,1309,0.24772899318697955,3975,75.22710068130203,Disc,False
REFUGE1-val-357,5199,1392,0.26774379688401617,3807,73.22562031159838,Disc,False
REFUGE1-val-358,3999,1248,0.31207801950487624,2751,68.79219804951238,Disc,False
REFUGE1-val-359,4126,750,0.18177411536597188,3376,81.82258846340281,Disc,False
REFUGE1-val-36,4637,1080,0.23290920854000433,3557,76.70907914599957,Disc,False
REFUGE1-val-360,5209,860,0.16509886734497983,4349,83.49011326550202,Disc,False
REFUGE1-val-361,5644,1913,0.33894401133947555,3731,66.10559886605245,Disc,False
REFUGE1-val-362,5476,1949,0.3559167275383492,3527,64.40832724616509,Disc,False
REFUGE1-val-363,4905,1314,0.26788990825688075,3591,73.21100917431193,Disc,False
REFUGE1-val-364,6230,2078,0.33354735152487963,4152,66.64526484751204,Disc,False
REFUGE1-val-365,4543,939,0.2066916134712745,3604,79.33083865287254,Disc,False
REFUGE1-val-366,5175,995,0.19227053140096617,4180,80.77294685990339,Disc,False
REFUGE1-val-367,3705,933,0.25182186234817816,2772,74.81781376518218,Disc,False
REFUGE1-val-368,3266,506,0.15492957746478872,2760,84.50704225352112,Disc,False
REFUGE1-val-369,3959,705,0.17807527153321545,3254,82.19247284667846,Disc,False
REFUGE1-val-37,5556,2062,0.37113030957523396,3494,62.8869690424766,Disc,False
REFUGE1-val-370,3226,622,0.19280843149411037,2604,80.71915685058897,Disc,False
REFUGE1-val-371,3398,729,0.21453796350794585,2669,78.54620364920541,Disc,False
REFUGE1-val-372,4865,818,0.16813977389516957,4047,83.18602261048305,Disc,False
REFUGE1-val-373,6619,1158,0.1749508989273304,5461,82.50491010726697,Disc,False
REFUGE1-val-374,4483,668,0.14900736114209234,3815,85.09926388579076,Disc,False
REFUGE1-val-375,4448,1195,0.26866007194244607,3253,73.1339928057554,Disc,False
REFUGE1-val-376,4389,1368,0.3116883116883117,3021,68.83116883116884,Disc,False
REFUGE1-val-377,4726,1052,0.2225983918747355,3674,77.74016081252645,Disc,False
REFUGE1-val-378,4693,1516,0.3230343064138078,3177,67.69656935861921,Disc,False
REFUGE1-val-379,4125,715,0.17333333333333334,3410,82.66666666666667,Disc,False
REFUGE1-val-38,5120,1505,0.2939453125,3615,70.60546875,Disc,False
REFUGE1-val-380,4687,871,0.18583315553659058,3816,81.41668444634095,Disc,False
REFUGE1-val-381,5735,1888,0.3292066259808195,3847,67.07933740191805,Disc,False
REFUGE1-val-382,3843,1211,0.3151183970856102,2632,68.48816029143899,Disc,False
REFUGE1-val-383,5632,3596,0.6384943181818182,2036,36.15056818181818,Disc,False
REFUGE1-val-384,5018,1294,0.2578716620167397,3724,74.21283379832603,Disc,False
REFUGE1-val-385,4367,693,0.15869017632241814,3674,84.1309823677582,Disc,False
REFUGE1-val-386,4230,929,0.21962174940898346,3301,78.03782505910165,Disc,False
REFUGE1-val-387,5097,2029,0.3980773003727683,3068,60.19226996272317,Disc,False
REFUGE1-val-388,3842,763,0.19859448204060384,3079,80.14055179593961,Disc,False
REFUGE1-val-389,3242,547,0.1687230104873535,2695,83.12769895126465,Disc,False
REFUGE1-val-39,6581,1667,0.25330496884971887,4914,74.6695031150281,Disc,False
REFUGE1-val-390,2863,532,0.18581907090464547,2331,81.41809290953546,Disc,False
REFUGE1-val-391,3713,853,0.22973336924319956,2860,77.02666307568005,Disc,False
REFUGE1-val-392,6728,1462,0.21730083234244946,5266,78.26991676575506,Disc,False
REFUGE1-val-393,4423,800,0.18087271082975356,3623,81.91272891702465,Disc,False
REFUGE1-val-394,4932,1163,0.23580697485806976,3769,76.41930251419302,Disc,False
REFUGE1-val-395,4066,1075,0.264387604525332,2991,73.5612395474668,Disc,False
REFUGE1-val-396,5428,1561,0.2875829034635225,3867,71.24170965364776,Disc,False
REFUGE1-val-397,4952,1028,0.20759289176090467,3924,79.24071082390954,Disc,False
REFUGE1-val-398,7135,2891,0.4051857042747022,4244,59.481429572529784,Disc,False
REFUGE1-val-399,3947,659,0.16696224980998225,3288,83.30377501900176,Disc,False
REFUGE1-val-4,4032,567,0.140625,3465,85.9375,Disc,False
REFUGE1-val-40,5631,1100,0.19534718522464925,4531,80.46528147753507,Disc,False
REFUGE1-val-400,5519,1979,0.35857945279942016,3540,64.14205472005798,Disc,False
REFUGE1-val-41,5711,2721,0.4764489581509368,2990,52.355104184906324,Disc,False
REFUGE1-val-42,4377,1172,0.2677633082019648,3205,73.22366917980352,Disc,False
REFUGE1-val-43,5031,1377,0.2737030411449016,3654,72.62969588550983,Disc,False
REFUGE1-val-44,5497,1249,0.22721484446061488,4248,77.2785155539385,Disc,False
REFUGE1-val-45,4786,1119,0.2338069368992896,3667,76.61930631007104,Disc,False
REFUGE1-val-46,5891,3439,0.5837718553726022,2452,41.62281446273977,Disc,False
REFUGE1-val-47,3646,862,0.23642347778387274,2784,76.35765222161272,Disc,False
REFUGE1-val-48,5907,1655,0.28017606229896735,4252,71.98239377010327,Disc,False
REFUGE1-val-49,5803,3161,0.5447182491814578,2642,45.52817508185421,Disc,False
REFUGE1-val-5,3188,556,0.17440401505646172,2632,82.55959849435382,Disc,False
REFUGE1-val-50,4814,1081,0.22455338595762359,3733,77.54466140423763,Disc,False
REFUGE1-val-51,4804,1028,0.21398834304746045,3776,78.60116569525395,Disc,False
REFUGE1-val-52,3681,634,0.17223580548763923,3047,82.77641945123607,Disc,False
REFUGE1-val-53,4281,920,0.21490306003270265,3361,78.50969399672974,Disc,False
REFUGE1-val-54,5455,2539,0.46544454628780935,2916,53.45554537121906,Disc,False
REFUGE1-val-55,4716,832,0.17642069550466496,3884,82.3579304495335,Disc,False
REFUGE1-val-56,5292,1380,0.26077097505668934,3912,73.92290249433107,Disc,False
REFUGE1-val-57,4376,582,0.1329981718464351,3794,86.70018281535648,Disc,False
REFUGE1-val-58,4733,1424,0.30086625818719626,3309,69.91337418128037,Disc,False
REFUGE1-val-59,6272,1332,0.21237244897959184,4940,78.76275510204081,Disc,False
REFUGE1-val-6,6239,2830,0.4535983330661965,3409,54.64016669338035,Disc,False
REFUGE1-val-60,4349,668,0.1535985283973327,3681,84.64014716026674,Disc,False
REFUGE1-val-61,5784,1721,0.29754495159059474,4063,70.24550484094053,Disc,False
REFUGE1-val-62,3280,685,0.20884146341463414,2595,79.11585365853658,Disc,False
REFUGE1-val-63,5777,1540,0.2665743465466505,4237,73.34256534533495,Disc,False
REFUGE1-val-64,5282,1337,0.2531238167360848,3945,74.68761832639152,Disc,False
REFUGE1-val-65,4156,829,0.19947064485081809,3327,80.05293551491819,Disc,False
REFUGE1-val-66,4736,1242,0.2622466216216216,3494,73.77533783783784,Disc,False
REFUGE1-val-67,4254,1110,0.2609308885754584,3144,73.90691114245416,Disc,False
REFUGE1-val-68,5023,1389,0.2765279713318734,3634,72.34720286681267,Disc,False
REFUGE1-val-69,4213,1201,0.2850700213624496,3012,71.49299786375505,Disc,False
REFUGE1-val-7,3859,751,0.19461000259134492,3108,80.5389997408655,Disc,False
REFUGE1-val-70,6185,2002,0.3236863379143088,4183,67.63136620856912,Disc,False
REFUGE1-val-71,3778,756,0.20010587612493383,3022,79.98941238750662,Disc,False
REFUGE1-val-72,4981,1438,0.28869704878538444,3543,71.13029512146156,Disc,False
REFUGE1-val-73,3577,914,0.25552138663684654,2663,74.44786133631534,Disc,False
REFUGE1-val-74,3776,1060,0.2807203389830508,2716,71.92796610169492,Disc,False
REFUGE1-val-75,5804,3416,0.5885596140592695,2388,41.14403859407305,Disc,False
REFUGE1-val-76,5358,1094,0.204180664427025,4264,79.5819335572975,Disc,False
REFUGE1-val-77,5728,1368,0.2388268156424581,4360,76.11731843575419,Disc,False
REFUGE1-val-78,5557,1187,0.2136044628396617,4370,78.63955371603383,Disc,False
REFUGE1-val-79,5118,1315,0.25693630324345446,3803,74.30636967565455,Disc,False
REFUGE1-val-8,3536,804,0.22737556561085973,2732,77.26244343891403,Disc,False
REFUGE1-val-80,3279,777,0.23696248856358645,2502,76.30375114364135,Disc,False
REFUGE1-val-81,4614,1126,0.24403987863025575,3488,75.59601213697442,Disc,False
REFUGE1-val-82,5036,983,0.19519459888800636,4053,80.48054011119936,Disc,False
REFUGE1-val-83,4834,1215,0.2513446421183285,3619,74.86553578816715,Disc,False
REFUGE1-val-84,3624,757,0.2088852097130243,2867,79.11147902869757,Disc,False
REFUGE1-val-85,5071,1266,0.2496549004141195,3805,75.03450995858805,Disc,False
REFUGE1-val-86,5623,1259,0.2239018317624044,4364,77.60981682375956,Disc,False
REFUGE1-val-87,3618,565,0.15616362631288006,3053,84.38363736871199,Disc,False
REFUGE1-val-88,3990,833,0.20877192982456141,3157,79.12280701754386,Disc,False
REFUGE1-val-89,7299,1668,0.22852445540484997,5631,77.14755445951499,Disc,False
REFUGE1-val-9,5401,954,0.17663395667468987,4447,82.33660433253101,Disc,False
REFUGE1-val-90,5273,1512,0.28674378911435616,3761,71.32562108856439,Disc,False
REFUGE1-val-91,4288,1498,0.3493470149253731,2790,65.06529850746269,Disc,False
REFUGE1-val-92,4893,2191,0.44778254649499283,2702,55.22174535050072,Disc,False
REFUGE1-val-93,3825,901,0.23555555555555555,2924,76.44444444444444,Disc,False
REFUGE1-val-94,4933,1298,0.2631258868842489,3635,73.6874113115751,Disc,False
REFUGE1-val-95,7041,3624,0.5146996165317427,3417,48.530038346825734,Disc,False
REFUGE1-val-96,4310,1023,0.23735498839907193,3287,76.2645011600928,Disc,False
REFUGE1-val-97,4255,353,0.08296122209165688,3902,91.70387779083431,Disc,False
REFUGE1-val-98,7345,2115,0.28795098706603134,5230,71.20490129339687,Disc,False
REFUGE1-val-99,5322,1098,0.20631341600901917,4224,79.36865839909808,Disc,False
